source	target	relation	source_group	target_group	reason	file
ir_abannaean	ir_aquitani	positive	ir_numidian_g	ir_iberia_g	group_positive	ir_numidian_g.txt
ir_abannaean	ir_atarantian	positive	ir_numidian_g	ir_fezzani_g	group_positive	ir_numidian_g.txt
ir_abannaean	ir_autolalean	kindred	ir_numidian_g	ir_numidian_g	same_group_kindred	ir_numidian_g.txt
ir_abannaean	ir_egyptian	positive	ir_numidian_g	ir_north_african_g	group_positive	ir_numidian_g.txt
ir_abannaean	ir_jaintia	positive	ir_numidian_g	ir_pu_g	group_positive	ir_numidian_g.txt
ir_abannaean	ir_socossian	kindred	ir_numidian_g	ir_numidian_g	same_group_kindred	ir_numidian_g.txt
ir_abasgoi	ir_albanian	kindred	ir_caucasian_g	ir_caucasian_g	same_group_kindred	ir_caucasian_g.txt
ir_abasgoi	ir_armenian	positive	ir_caucasian_g	ir_anatolian_g	group_positive	ir_caucasian_g.txt
ir_abasgoi	ir_suani	kindred	ir_caucasian_g	ir_caucasian_g	same_group_kindred	ir_caucasian_g.txt
ir_abrian	ir_achaean	positive	ir_illyrian_group_g	ir_hellenic_g	group_positive	ir_illyrian_group_g.txt
ir_abrian	ir_bithynian	positive	ir_illyrian_group_g	ir_thrace_group_g	group_positive	ir_illyrian_group_g.txt
ir_abrian	ir_bruttian	positive	ir_illyrian_group_g	ir_latin_g	group_positive	ir_illyrian_group_g.txt
ir_abrian	ir_catari	kindred	ir_illyrian_group_g	ir_illyrian_group_g	same_group_kindred	ir_illyrian_group_g.txt
ir_abrian	ir_galatian	positive	ir_illyrian_group_g	ir_celto_pannonian_group_g	group_positive	ir_illyrian_group_g.txt
ir_abrian	ir_taulantian	kindred	ir_illyrian_group_g	ir_illyrian_group_g	same_group_kindred	ir_illyrian_group_g.txt
ir_achaean	ir_abrian	positive	ir_hellenic_g	ir_illyrian_group_g	group_positive	ir_hellenic_g.txt
ir_achaean	ir_aegean	kindred	ir_hellenic_g	ir_hellenic_g	same_group_kindred	ir_hellenic_g.txt
ir_achaean	ir_armenian	positive	ir_hellenic_g	ir_anatolian_g	group_positive	ir_hellenic_g.txt
ir_achaean	ir_bithynian	positive	ir_hellenic_g	ir_thrace_group_g	group_positive	ir_hellenic_g.txt
ir_achaean	ir_bruttian	positive	ir_hellenic_g	ir_latin_g	group_positive	ir_hellenic_g.txt
ir_achaean	ir_troan	kindred	ir_hellenic_g	ir_hellenic_g	same_group_kindred	ir_hellenic_g.txt
ir_adabulian	ir_aksumite	positive	ir_nilotic_group_g	ir_aksumite_group_g	group_positive	ir_nilotic_group_g.txt
ir_adabulian	ir_alutan	kindred	ir_nilotic_group_g	ir_nilotic_group_g	same_group_kindred	ir_nilotic_group_g.txt
ir_adabulian	ir_lower_nubian	positive	ir_nilotic_group_g	ir_meroitic_group_g	group_positive	ir_nilotic_group_g.txt
ir_adabulian	ir_zankorian	kindred	ir_nilotic_group_g	ir_nilotic_group_g	same_group_kindred	ir_nilotic_group_g.txt
ir_adite	ir_aksumite	positive	ir_south_arabian_g	ir_aksumite_group_g	group_positive	ir_south_arabian_g.txt
ir_adite	ir_atarantian	positive	ir_south_arabian_g	ir_fezzani_g	group_positive	ir_south_arabian_g.txt
ir_adite	ir_gerrhan	positive	ir_south_arabian_g	ir_south_levantine_g	group_positive	ir_south_arabian_g.txt
ir_adite	ir_hadhrami	kindred	ir_south_arabian_g	ir_south_arabian_g	same_group_kindred	ir_south_arabian_g.txt
ir_adite	ir_sheban	kindred	ir_south_arabian_g	ir_south_arabian_g	same_group_kindred	ir_south_arabian_g.txt
ir_aduatacian	ir_allobrogian	positive	ir_belgae_group_g	ir_gallic_g	group_positive	ir_belgae_group_g.txt
ir_aduatacian	ir_anglian	positive	ir_belgae_group_g	ir_germanic_g	group_positive	ir_belgae_group_g.txt
ir_aduatacian	ir_belgae	kindred	ir_belgae_group_g	ir_belgae_group_g	same_group_kindred	ir_belgae_group_g.txt
ir_aduatacian	ir_brigantic	positive	ir_belgae_group_g	ir_britannic_g	group_positive	ir_belgae_group_g.txt
ir_aduatacian	ir_veliocassian	kindred	ir_belgae_group_g	ir_belgae_group_g	same_group_kindred	ir_belgae_group_g.txt
ir_aegean	ir_achaean	kindred	ir_hellenic_g	ir_hellenic_g	same_group_kindred	ir_hellenic_g.txt
ir_aegean	ir_aeolian	kindred	ir_hellenic_g	ir_hellenic_g	same_group_kindred	ir_hellenic_g.txt
ir_aegean	ir_cabalian	positive	ir_hellenic_g	ir_anatolian_g	group_positive	ir_hellenic_g.txt
ir_aegean	ir_catari	positive	ir_hellenic_g	ir_illyrian_group_g	group_positive	ir_hellenic_g.txt
ir_aegean	ir_etruscan	positive	ir_hellenic_g	ir_latin_g	group_positive	ir_hellenic_g.txt
ir_aegean	ir_mariandynian	positive	ir_hellenic_g	ir_thrace_group_g	group_positive	ir_hellenic_g.txt
ir_aeolian	ir_aegean	kindred	ir_hellenic_g	ir_hellenic_g	same_group_kindred	ir_hellenic_g.txt
ir_aeolian	ir_aetolian	kindred	ir_hellenic_g	ir_hellenic_g	same_group_kindred	ir_hellenic_g.txt
ir_aeolian	ir_cappadocian	positive	ir_hellenic_g	ir_anatolian_g	group_positive	ir_hellenic_g.txt
ir_aeolian	ir_dardanian	positive	ir_hellenic_g	ir_illyrian_group_g	group_positive	ir_hellenic_g.txt
ir_aeolian	ir_histrian	positive	ir_hellenic_g	ir_latin_g	group_positive	ir_hellenic_g.txt
ir_aeolian	ir_moesi	positive	ir_hellenic_g	ir_thrace_group_g	group_positive	ir_hellenic_g.txt
ir_aestian	ir_androphagian	positive	ir_baltic_g	ir_finnic_group_g	group_positive	ir_baltic_g.txt
ir_aestian	ir_anglian	positive	ir_baltic_g	ir_germanic_g	group_positive	ir_baltic_g.txt
ir_aestian	ir_budinian	kindred	ir_baltic_g	ir_baltic_g	same_group_kindred	ir_baltic_g.txt
ir_aestian	ir_corsian	positive	ir_baltic_g	ir_proto_european_g	group_positive	ir_baltic_g.txt
ir_aestian	ir_sporic	kindred	ir_baltic_g	ir_baltic_g	same_group_kindred	ir_baltic_g.txt
ir_aetolian	ir_aeolian	kindred	ir_hellenic_g	ir_hellenic_g	same_group_kindred	ir_hellenic_g.txt
ir_aetolian	ir_arcadian	kindred	ir_hellenic_g	ir_hellenic_g	same_group_kindred	ir_hellenic_g.txt
ir_aetolian	ir_cataonian	positive	ir_hellenic_g	ir_anatolian_g	group_positive	ir_hellenic_g.txt
ir_aetolian	ir_deraemestian	positive	ir_hellenic_g	ir_illyrian_group_g	group_positive	ir_hellenic_g.txt
ir_aetolian	ir_ligurian	positive	ir_hellenic_g	ir_latin_g	group_positive	ir_hellenic_g.txt
ir_aetolian	ir_odrysi	positive	ir_hellenic_g	ir_thrace_group_g	group_positive	ir_hellenic_g.txt
ir_agathyrsian	ir_alani	positive	ir_scythian_east_g	ir_scythia_g	group_positive	ir_scythian_east_g.txt
ir_agathyrsian	ir_bactrian	positive	ir_scythian_east_g	ir_bactrian_g	group_positive	ir_scythian_east_g.txt
ir_agathyrsian	ir_cimmerian	kindred	ir_scythian_east_g	ir_scythian_east_g	same_group_kindred	ir_scythian_east_g.txt
ir_agathyrsian	ir_corsian	positive	ir_scythian_east_g	ir_proto_european_g	group_positive	ir_scythian_east_g.txt
ir_agathyrsian	ir_thyssagetaen	kindred	ir_scythian_east_g	ir_scythian_east_g	same_group_kindred	ir_scythian_east_g.txt
ir_aksumite	ir_adabulian	positive	ir_aksumite_group_g	ir_nilotic_group_g	group_positive	ir_aksumite_group_g.txt
ir_aksumite	ir_adite	positive	ir_aksumite_group_g	ir_south_arabian_g	group_positive	ir_aksumite_group_g.txt
ir_aksumite	ir_athagaun	kindred	ir_aksumite_group_g	ir_aksumite_group_g	same_group_kindred	ir_aksumite_group_g.txt
ir_aksumite	ir_lower_nubian	positive	ir_aksumite_group_g	ir_meroitic_group_g	group_positive	ir_aksumite_group_g.txt
ir_aksumite	ir_puntic	kindred	ir_aksumite_group_g	ir_aksumite_group_g	same_group_kindred	ir_aksumite_group_g.txt
ir_alani	ir_agathyrsian	positive	ir_scythia_g	ir_scythian_east_g	group_positive	ir_scythia_g.txt
ir_alani	ir_amardian	positive	ir_scythia_g	ir_persia_g	group_positive	ir_scythia_g.txt
ir_alani	ir_corsian	positive	ir_scythia_g	ir_proto_european_g	group_positive	ir_scythia_g.txt
ir_alani	ir_derbiccan	kindred	ir_scythia_g	ir_scythia_g	same_group_kindred	ir_scythia_g.txt
ir_alani	ir_sakan	kindred	ir_scythia_g	ir_scythia_g	same_group_kindred	ir_scythia_g.txt
ir_albanian	ir_abasgoi	kindred	ir_caucasian_g	ir_caucasian_g	same_group_kindred	ir_caucasian_g.txt
ir_albanian	ir_cabalian	positive	ir_caucasian_g	ir_anatolian_g	group_positive	ir_caucasian_g.txt
ir_albanian	ir_caspian	kindred	ir_caucasian_g	ir_caucasian_g	same_group_kindred	ir_caucasian_g.txt
ir_allobrogian	ir_aduatacian	positive	ir_gallic_g	ir_belgae_group_g	group_positive	ir_gallic_g.txt
ir_allobrogian	ir_aremorican	kindred	ir_gallic_g	ir_gallic_g	same_group_kindred	ir_gallic_g.txt
ir_allobrogian	ir_asturian	positive	ir_gallic_g	ir_celt_iberia_g	group_positive	ir_gallic_g.txt
ir_allobrogian	ir_brigantic	positive	ir_gallic_g	ir_britannic_g	group_positive	ir_gallic_g.txt
ir_allobrogian	ir_hibernian	positive	ir_gallic_g	ir_gaelic_g	group_positive	ir_gallic_g.txt
ir_allobrogian	ir_volcae	kindred	ir_gallic_g	ir_gallic_g	same_group_kindred	ir_gallic_g.txt
ir_alupan	ir_andhran	kindred	ir_indian_g	ir_indian_g	same_group_kindred	ir_indian_g.txt
ir_alupan	ir_atavi	positive	ir_indian_g	ir_pracyan_g	group_positive	ir_indian_g.txt
ir_alupan	ir_avanti	positive	ir_indian_g	ir_aryan_g	group_positive	ir_indian_g.txt
ir_alupan	ir_pyu	positive	ir_indian_g	ir_tibetan_g	group_positive	ir_indian_g.txt
ir_alupan	ir_telugu	kindred	ir_indian_g	ir_indian_g	same_group_kindred	ir_indian_g.txt
ir_alutan	ir_adabulian	kindred	ir_nilotic_group_g	ir_nilotic_group_g	same_group_kindred	ir_nilotic_group_g.txt
ir_alutan	ir_athagaun	positive	ir_nilotic_group_g	ir_aksumite_group_g	group_positive	ir_nilotic_group_g.txt
ir_alutan	ir_boran	kindred	ir_nilotic_group_g	ir_nilotic_group_g	same_group_kindred	ir_nilotic_group_g.txt
ir_alutan	ir_meroitic	positive	ir_nilotic_group_g	ir_meroitic_group_g	group_positive	ir_nilotic_group_g.txt
ir_amardian	ir_alani	positive	ir_persia_g	ir_scythia_g	group_positive	ir_persia_g.txt
ir_amardian	ir_armenian	positive	ir_persia_g	ir_anatolian_g	group_positive	ir_persia_g.txt
ir_amardian	ir_avanti	positive	ir_persia_g	ir_aryan_g	group_positive	ir_persia_g.txt
ir_amardian	ir_bactrian	positive	ir_persia_g	ir_bactrian_g	group_positive	ir_persia_g.txt
ir_amardian	ir_cadusian	kindred	ir_persia_g	ir_persia_g	same_group_kindred	ir_persia_g.txt
ir_amardian	ir_uxian	kindred	ir_persia_g	ir_persia_g	same_group_kindred	ir_persia_g.txt
ir_andhran	ir_alupan	kindred	ir_indian_g	ir_indian_g	same_group_kindred	ir_indian_g.txt
ir_andhran	ir_assaka	kindred	ir_indian_g	ir_indian_g	same_group_kindred	ir_indian_g.txt
ir_andhran	ir_bangli	positive	ir_indian_g	ir_pracyan_g	group_positive	ir_indian_g.txt
ir_andhran	ir_cedi	positive	ir_indian_g	ir_aryan_g	group_positive	ir_indian_g.txt
ir_andhran	ir_sumpa	positive	ir_indian_g	ir_tibetan_g	group_positive	ir_indian_g.txt
ir_androphagian	ir_aestian	positive	ir_finnic_group_g	ir_baltic_g	group_positive	ir_finnic_group_g.txt
ir_androphagian	ir_anglian	positive	ir_finnic_group_g	ir_germanic_g	group_positive	ir_finnic_group_g.txt
ir_androphagian	ir_fennic	kindred	ir_finnic_group_g	ir_finnic_group_g	same_group_kindred	ir_finnic_group_g.txt
ir_androphagian	ir_volgaic	kindred	ir_finnic_group_g	ir_finnic_group_g	same_group_kindred	ir_finnic_group_g.txt
ir_anglian	ir_aduatacian	positive	ir_germanic_g	ir_belgae_group_g	group_positive	ir_germanic_g.txt
ir_anglian	ir_aestian	positive	ir_germanic_g	ir_baltic_g	group_positive	ir_germanic_g.txt
ir_anglian	ir_androphagian	positive	ir_germanic_g	ir_finnic_group_g	group_positive	ir_germanic_g.txt
ir_anglian	ir_bastarnae	kindred	ir_germanic_g	ir_germanic_g	same_group_kindred	ir_germanic_g.txt
ir_anglian	ir_corsian	positive	ir_germanic_g	ir_proto_european_g	group_positive	ir_germanic_g.txt
ir_anglian	ir_vandal	kindred	ir_germanic_g	ir_germanic_g	same_group_kindred	ir_germanic_g.txt
ir_aquitani	ir_abannaean	positive	ir_iberia_g	ir_numidian_g	group_positive	ir_iberia_g.txt
ir_aquitani	ir_asturian	positive	ir_iberia_g	ir_celt_iberia_g	group_positive	ir_iberia_g.txt
ir_aquitani	ir_ausetanian	kindred	ir_iberia_g	ir_iberia_g	same_group_kindred	ir_iberia_g.txt
ir_aquitani	ir_bruttian	positive	ir_iberia_g	ir_latin_g	group_positive	ir_iberia_g.txt
ir_aquitani	ir_vasconian	kindred	ir_iberia_g	ir_iberia_g	same_group_kindred	ir_iberia_g.txt
ir_aramaic	ir_assyrian	kindred	ir_east_levantine_g	ir_east_levantine_g	same_group_kindred	ir_east_levantine_g.txt
ir_aramaic	ir_cardukoi	kindred	ir_east_levantine_g	ir_east_levantine_g	same_group_kindred	ir_east_levantine_g.txt
ir_aramaic	ir_carthaginian	positive	ir_east_levantine_g	ir_west_levantine_g	group_positive	ir_east_levantine_g.txt
ir_aramaic	ir_gerrhan	positive	ir_east_levantine_g	ir_south_levantine_g	group_positive	ir_east_levantine_g.txt
ir_aramaic	ir_hebrew	positive	ir_east_levantine_g	ir_west_levantine_g	pair_override	ir_east_levantine_g.txt
ir_aramaic	ir_jaintia	positive	ir_east_levantine_g	ir_pu_g	group_positive	ir_east_levantine_g.txt
ir_arcadian	ir_aetolian	kindred	ir_hellenic_g	ir_hellenic_g	same_group_kindred	ir_hellenic_g.txt
ir_arcadian	ir_argolian	kindred	ir_hellenic_g	ir_hellenic_g	same_group_kindred	ir_hellenic_g.txt
ir_arcadian	ir_cilician	positive	ir_hellenic_g	ir_anatolian_g	group_positive	ir_hellenic_g.txt
ir_arcadian	ir_deurian	positive	ir_hellenic_g	ir_illyrian_group_g	group_positive	ir_hellenic_g.txt
ir_arcadian	ir_lucanian	positive	ir_hellenic_g	ir_latin_g	group_positive	ir_hellenic_g.txt
ir_arcadian	ir_triballoi	positive	ir_hellenic_g	ir_thrace_group_g	group_positive	ir_hellenic_g.txt
ir_aremorican	ir_allobrogian	kindred	ir_gallic_g	ir_gallic_g	same_group_kindred	ir_gallic_g.txt
ir_aremorican	ir_arverni	kindred	ir_gallic_g	ir_gallic_g	same_group_kindred	ir_gallic_g.txt
ir_aremorican	ir_autrigonian	positive	ir_gallic_g	ir_celt_iberia_g	group_positive	ir_gallic_g.txt
ir_aremorican	ir_belgae	positive	ir_gallic_g	ir_belgae_group_g	group_positive	ir_gallic_g.txt
ir_aremorican	ir_britannic	positive	ir_gallic_g	ir_britannic_g	group_positive	ir_gallic_g.txt
ir_aremorican	ir_manavian	positive	ir_gallic_g	ir_gaelic_g	group_positive	ir_gallic_g.txt
ir_argolian	ir_arcadian	kindred	ir_hellenic_g	ir_hellenic_g	same_group_kindred	ir_hellenic_g.txt
ir_argolian	ir_athenian	kindred	ir_hellenic_g	ir_hellenic_g	same_group_kindred	ir_hellenic_g.txt
ir_argolian	ir_bithynian	positive	ir_hellenic_g	ir_thrace_group_g	group_positive	ir_hellenic_g.txt
ir_argolian	ir_greco_illyrian	positive	ir_hellenic_g	ir_illyrian_group_g	group_positive	ir_hellenic_g.txt
ir_argolian	ir_isaurian	positive	ir_hellenic_g	ir_anatolian_g	group_positive	ir_hellenic_g.txt
ir_argolian	ir_rhaetian	positive	ir_hellenic_g	ir_latin_g	group_positive	ir_hellenic_g.txt
ir_armenian	ir_abasgoi	positive	ir_anatolian_g	ir_caucasian_g	group_positive	ir_anatolian_g.txt
ir_armenian	ir_achaean	positive	ir_anatolian_g	ir_hellenic_g	group_positive	ir_anatolian_g.txt
ir_armenian	ir_amardian	positive	ir_anatolian_g	ir_persia_g	group_positive	ir_anatolian_g.txt
ir_armenian	ir_cabalian	kindred	ir_anatolian_g	ir_anatolian_g	same_group_kindred	ir_anatolian_g.txt
ir_armenian	ir_pisidian	kindred	ir_anatolian_g	ir_anatolian_g	same_group_kindred	ir_anatolian_g.txt
ir_arverni	ir_aremorican	kindred	ir_gallic_g	ir_gallic_g	same_group_kindred	ir_gallic_g.txt
ir_arverni	ir_aulercian	kindred	ir_gallic_g	ir_gallic_g	same_group_kindred	ir_gallic_g.txt
ir_arverni	ir_bellovacian	positive	ir_gallic_g	ir_belgae_group_g	group_positive	ir_gallic_g.txt
ir_arverni	ir_caledonian	positive	ir_gallic_g	ir_britannic_g	group_positive	ir_gallic_g.txt
ir_arverni	ir_callaecian	positive	ir_gallic_g	ir_celt_iberia_g	group_positive	ir_gallic_g.txt
ir_arverni	ir_hibernian	positive	ir_gallic_g	ir_gaelic_g	group_positive	ir_gallic_g.txt
ir_assaka	ir_andhran	kindred	ir_indian_g	ir_indian_g	same_group_kindred	ir_indian_g.txt
ir_assaka	ir_cheran	kindred	ir_indian_g	ir_indian_g	same_group_kindred	ir_indian_g.txt
ir_assaka	ir_dardic	positive	ir_indian_g	ir_aryan_g	group_positive	ir_indian_g.txt
ir_assaka	ir_himalayan	positive	ir_indian_g	ir_pracyan_g	group_positive	ir_indian_g.txt
ir_assaka	ir_tsang	positive	ir_indian_g	ir_tibetan_g	group_positive	ir_indian_g.txt
ir_assyrian	ir_aramaic	kindred	ir_east_levantine_g	ir_east_levantine_g	same_group_kindred	ir_east_levantine_g.txt
ir_assyrian	ir_babylonian	kindred	ir_east_levantine_g	ir_east_levantine_g	same_group_kindred	ir_east_levantine_g.txt
ir_assyrian	ir_hebrew	positive	ir_east_levantine_g	ir_west_levantine_g	group_positive	ir_east_levantine_g.txt
ir_assyrian	ir_makan	positive	ir_east_levantine_g	ir_south_levantine_g	group_positive	ir_east_levantine_g.txt
ir_assyrian	ir_mon	positive	ir_east_levantine_g	ir_pu_g	group_positive	ir_east_levantine_g.txt
ir_asturian	ir_allobrogian	positive	ir_celt_iberia_g	ir_gallic_g	group_positive	ir_celt_iberia_g.txt
ir_asturian	ir_aquitani	positive	ir_celt_iberia_g	ir_iberia_g	group_positive	ir_celt_iberia_g.txt
ir_asturian	ir_autrigonian	kindred	ir_celt_iberia_g	ir_celt_iberia_g	same_group_kindred	ir_celt_iberia_g.txt
ir_asturian	ir_bruttian	positive	ir_celt_iberia_g	ir_latin_g	group_positive	ir_celt_iberia_g.txt
ir_asturian	ir_galatian	positive	ir_celt_iberia_g	ir_celto_pannonian_group_g	group_positive	ir_celt_iberia_g.txt
ir_asturian	ir_vettonian	kindred	ir_celt_iberia_g	ir_celt_iberia_g	same_group_kindred	ir_celt_iberia_g.txt
ir_atarantian	ir_abannaean	positive	ir_fezzani_g	ir_numidian_g	group_positive	ir_fezzani_g.txt
ir_atarantian	ir_adite	positive	ir_fezzani_g	ir_south_arabian_g	group_positive	ir_fezzani_g.txt
ir_atarantian	ir_atlantean	kindred	ir_fezzani_g	ir_fezzani_g	same_group_kindred	ir_fezzani_g.txt
ir_atarantian	ir_egyptian	positive	ir_fezzani_g	ir_north_african_g	group_positive	ir_fezzani_g.txt
ir_atarantian	ir_psyllic	kindred	ir_fezzani_g	ir_fezzani_g	same_group_kindred	ir_fezzani_g.txt
ir_atavi	ir_alupan	positive	ir_pracyan_g	ir_indian_g	group_positive	ir_pracyan_g.txt
ir_atavi	ir_avanti	positive	ir_pracyan_g	ir_aryan_g	group_positive	ir_pracyan_g.txt
ir_atavi	ir_bangli	kindred	ir_pracyan_g	ir_pracyan_g	same_group_kindred	ir_pracyan_g.txt
ir_atavi	ir_pyu	positive	ir_pracyan_g	ir_tibetan_g	group_positive	ir_pracyan_g.txt
ir_atavi	ir_qin	positive	ir_pracyan_g	ir_chinese_g	group_positive	ir_pracyan_g.txt
ir_atavi	ir_vrji	kindred	ir_pracyan_g	ir_pracyan_g	same_group_kindred	ir_pracyan_g.txt
ir_athagaun	ir_aksumite	kindred	ir_aksumite_group_g	ir_aksumite_group_g	same_group_kindred	ir_aksumite_group_g.txt
ir_athagaun	ir_alutan	positive	ir_aksumite_group_g	ir_nilotic_group_g	group_positive	ir_aksumite_group_g.txt
ir_athagaun	ir_avalitian	kindred	ir_aksumite_group_g	ir_aksumite_group_g	same_group_kindred	ir_aksumite_group_g.txt
ir_athagaun	ir_hadhrami	positive	ir_aksumite_group_g	ir_south_arabian_g	group_positive	ir_aksumite_group_g.txt
ir_athagaun	ir_meroitic	positive	ir_aksumite_group_g	ir_meroitic_group_g	group_positive	ir_aksumite_group_g.txt
ir_athenian	ir_argolian	kindred	ir_hellenic_g	ir_hellenic_g	same_group_kindred	ir_hellenic_g.txt
ir_athenian	ir_boeotian	kindred	ir_hellenic_g	ir_hellenic_g	same_group_kindred	ir_hellenic_g.txt
ir_athenian	ir_etruscan	positive	ir_hellenic_g	ir_latin_g	pair_override	ir_hellenic_g.txt
ir_athenian	ir_iapodian	positive	ir_hellenic_g	ir_illyrian_group_g	group_positive	ir_hellenic_g.txt
ir_athenian	ir_kennataian	positive	ir_hellenic_g	ir_anatolian_g	group_positive	ir_hellenic_g.txt
ir_athenian	ir_mariandynian	positive	ir_hellenic_g	ir_thrace_group_g	group_positive	ir_hellenic_g.txt
ir_athenian	ir_roman	positive	ir_hellenic_g	ir_latin_g	pair_override	ir_hellenic_g.txt
ir_atlantean	ir_atarantian	kindred	ir_fezzani_g	ir_fezzani_g	same_group_kindred	ir_fezzani_g.txt
ir_atlantean	ir_autolalean	positive	ir_fezzani_g	ir_numidian_g	group_positive	ir_fezzani_g.txt
ir_atlantean	ir_berber	kindred	ir_fezzani_g	ir_fezzani_g	same_group_kindred	ir_fezzani_g.txt
ir_atlantean	ir_hadhrami	positive	ir_fezzani_g	ir_south_arabian_g	group_positive	ir_fezzani_g.txt
ir_atlantean	ir_middle_egyptian	positive	ir_fezzani_g	ir_north_african_g	group_positive	ir_fezzani_g.txt
ir_aulercian	ir_arverni	kindred	ir_gallic_g	ir_gallic_g	same_group_kindred	ir_gallic_g.txt
ir_aulercian	ir_biturigan	kindred	ir_gallic_g	ir_gallic_g	same_group_kindred	ir_gallic_g.txt
ir_aulercian	ir_cantabrian	positive	ir_gallic_g	ir_celt_iberia_g	group_positive	ir_gallic_g.txt
ir_aulercian	ir_cantian	positive	ir_gallic_g	ir_britannic_g	group_positive	ir_gallic_g.txt
ir_aulercian	ir_eburonian	positive	ir_gallic_g	ir_belgae_group_g	group_positive	ir_gallic_g.txt
ir_aulercian	ir_manavian	positive	ir_gallic_g	ir_gaelic_g	group_positive	ir_gallic_g.txt
ir_ausetanian	ir_aquitani	kindred	ir_iberia_g	ir_iberia_g	same_group_kindred	ir_iberia_g.txt
ir_ausetanian	ir_autolalean	positive	ir_iberia_g	ir_numidian_g	group_positive	ir_iberia_g.txt
ir_ausetanian	ir_autrigonian	positive	ir_iberia_g	ir_celt_iberia_g	group_positive	ir_iberia_g.txt
ir_ausetanian	ir_bastetanian	kindred	ir_iberia_g	ir_iberia_g	same_group_kindred	ir_iberia_g.txt
ir_ausetanian	ir_etruscan	positive	ir_iberia_g	ir_latin_g	group_positive	ir_iberia_g.txt
ir_autolalean	ir_abannaean	kindred	ir_numidian_g	ir_numidian_g	same_group_kindred	ir_numidian_g.txt
ir_autolalean	ir_atlantean	positive	ir_numidian_g	ir_fezzani_g	group_positive	ir_numidian_g.txt
ir_autolalean	ir_ausetanian	positive	ir_numidian_g	ir_iberia_g	group_positive	ir_numidian_g.txt
ir_autolalean	ir_canarian	kindred	ir_numidian_g	ir_numidian_g	same_group_kindred	ir_numidian_g.txt
ir_autolalean	ir_middle_egyptian	positive	ir_numidian_g	ir_north_african_g	group_positive	ir_numidian_g.txt
ir_autolalean	ir_mon	positive	ir_numidian_g	ir_pu_g	group_positive	ir_numidian_g.txt
ir_autrigonian	ir_aremorican	positive	ir_celt_iberia_g	ir_gallic_g	group_positive	ir_celt_iberia_g.txt
ir_autrigonian	ir_asturian	kindred	ir_celt_iberia_g	ir_celt_iberia_g	same_group_kindred	ir_celt_iberia_g.txt
ir_autrigonian	ir_ausetanian	positive	ir_celt_iberia_g	ir_iberia_g	group_positive	ir_celt_iberia_g.txt
ir_autrigonian	ir_callaecian	kindred	ir_celt_iberia_g	ir_celt_iberia_g	same_group_kindred	ir_celt_iberia_g.txt
ir_autrigonian	ir_etruscan	positive	ir_celt_iberia_g	ir_latin_g	group_positive	ir_celt_iberia_g.txt
ir_autrigonian	ir_tylian	positive	ir_celt_iberia_g	ir_celto_pannonian_group_g	group_positive	ir_celt_iberia_g.txt
ir_avalitian	ir_athagaun	kindred	ir_aksumite_group_g	ir_aksumite_group_g	same_group_kindred	ir_aksumite_group_g.txt
ir_avalitian	ir_berberian	kindred	ir_aksumite_group_g	ir_aksumite_group_g	same_group_kindred	ir_aksumite_group_g.txt
ir_avalitian	ir_boran	positive	ir_aksumite_group_g	ir_nilotic_group_g	group_positive	ir_aksumite_group_g.txt
ir_avalitian	ir_himjar	positive	ir_aksumite_group_g	ir_south_arabian_g	group_positive	ir_aksumite_group_g.txt
ir_avalitian	ir_napatan	positive	ir_aksumite_group_g	ir_meroitic_group_g	group_positive	ir_aksumite_group_g.txt
ir_avanti	ir_alupan	positive	ir_aryan_g	ir_indian_g	group_positive	ir_aryan_g.txt
ir_avanti	ir_amardian	positive	ir_aryan_g	ir_persia_g	group_positive	ir_aryan_g.txt
ir_avanti	ir_atavi	positive	ir_aryan_g	ir_pracyan_g	group_positive	ir_aryan_g.txt
ir_avanti	ir_bactrian	positive	ir_aryan_g	ir_bactrian_g	group_positive	ir_aryan_g.txt
ir_avanti	ir_cedi	kindred	ir_aryan_g	ir_aryan_g	same_group_kindred	ir_aryan_g.txt
ir_avanti	ir_vidharban	kindred	ir_aryan_g	ir_aryan_g	same_group_kindred	ir_aryan_g.txt
ir_babylonian	ir_assyrian	kindred	ir_east_levantine_g	ir_east_levantine_g	same_group_kindred	ir_east_levantine_g.txt
ir_babylonian	ir_cardukoi	kindred	ir_east_levantine_g	ir_east_levantine_g	same_group_kindred	ir_east_levantine_g.txt
ir_babylonian	ir_nabatean	positive	ir_east_levantine_g	ir_south_levantine_g	group_positive	ir_east_levantine_g.txt
ir_babylonian	ir_phoenician	positive	ir_east_levantine_g	ir_west_levantine_g	group_positive	ir_east_levantine_g.txt
ir_babylonian	ir_pubu	positive	ir_east_levantine_g	ir_pu_g	group_positive	ir_east_levantine_g.txt
ir_bactrian	ir_agathyrsian	positive	ir_bactrian_g	ir_scythian_east_g	group_positive	ir_bactrian_g.txt
ir_bactrian	ir_amardian	positive	ir_bactrian_g	ir_persia_g	group_positive	ir_bactrian_g.txt
ir_bactrian	ir_avanti	positive	ir_bactrian_g	ir_aryan_g	group_positive	ir_bactrian_g.txt
ir_bactrian	ir_margian	kindred	ir_bactrian_g	ir_bactrian_g	same_group_kindred	ir_bactrian_g.txt
ir_bactrian	ir_yuezhi	kindred	ir_bactrian_g	ir_bactrian_g	same_group_kindred	ir_bactrian_g.txt
ir_bangli	ir_andhran	positive	ir_pracyan_g	ir_indian_g	group_positive	ir_pracyan_g.txt
ir_bangli	ir_atavi	kindred	ir_pracyan_g	ir_pracyan_g	same_group_kindred	ir_pracyan_g.txt
ir_bangli	ir_cedi	positive	ir_pracyan_g	ir_aryan_g	group_positive	ir_pracyan_g.txt
ir_bangli	ir_himalayan	kindred	ir_pracyan_g	ir_pracyan_g	same_group_kindred	ir_pracyan_g.txt
ir_bangli	ir_qin	positive	ir_pracyan_g	ir_chinese_g	group_positive	ir_pracyan_g.txt
ir_bangli	ir_sumpa	positive	ir_pracyan_g	ir_tibetan_g	group_positive	ir_pracyan_g.txt
ir_bastarnae	ir_anglian	kindred	ir_germanic_g	ir_germanic_g	same_group_kindred	ir_germanic_g.txt
ir_bastarnae	ir_belgae	positive	ir_germanic_g	ir_belgae_group_g	group_positive	ir_germanic_g.txt
ir_bastarnae	ir_budinian	positive	ir_germanic_g	ir_baltic_g	group_positive	ir_germanic_g.txt
ir_bastarnae	ir_cimbrian	kindred	ir_germanic_g	ir_germanic_g	same_group_kindred	ir_germanic_g.txt
ir_bastarnae	ir_fennic	positive	ir_germanic_g	ir_finnic_group_g	group_positive	ir_germanic_g.txt
ir_bastarnae	ir_nuragic	positive	ir_germanic_g	ir_proto_european_g	group_positive	ir_germanic_g.txt
ir_bastetanian	ir_ausetanian	kindred	ir_iberia_g	ir_iberia_g	same_group_kindred	ir_iberia_g.txt
ir_bastetanian	ir_callaecian	positive	ir_iberia_g	ir_celt_iberia_g	group_positive	ir_iberia_g.txt
ir_bastetanian	ir_canarian	positive	ir_iberia_g	ir_numidian_g	group_positive	ir_iberia_g.txt
ir_bastetanian	ir_contestanian	kindred	ir_iberia_g	ir_iberia_g	same_group_kindred	ir_iberia_g.txt
ir_bastetanian	ir_histrian	positive	ir_iberia_g	ir_latin_g	group_positive	ir_iberia_g.txt
ir_belgae	ir_aduatacian	kindred	ir_belgae_group_g	ir_belgae_group_g	same_group_kindred	ir_belgae_group_g.txt
ir_belgae	ir_aremorican	positive	ir_belgae_group_g	ir_gallic_g	group_positive	ir_belgae_group_g.txt
ir_belgae	ir_bastarnae	positive	ir_belgae_group_g	ir_germanic_g	group_positive	ir_belgae_group_g.txt
ir_belgae	ir_bellovacian	kindred	ir_belgae_group_g	ir_belgae_group_g	same_group_kindred	ir_belgae_group_g.txt
ir_belgae	ir_britannic	positive	ir_belgae_group_g	ir_britannic_g	group_positive	ir_belgae_group_g.txt
ir_bellovacian	ir_arverni	positive	ir_belgae_group_g	ir_gallic_g	group_positive	ir_belgae_group_g.txt
ir_bellovacian	ir_belgae	kindred	ir_belgae_group_g	ir_belgae_group_g	same_group_kindred	ir_belgae_group_g.txt
ir_bellovacian	ir_caledonian	positive	ir_belgae_group_g	ir_britannic_g	group_positive	ir_belgae_group_g.txt
ir_bellovacian	ir_cimbrian	positive	ir_belgae_group_g	ir_germanic_g	group_positive	ir_belgae_group_g.txt
ir_bellovacian	ir_eburonian	kindred	ir_belgae_group_g	ir_belgae_group_g	same_group_kindred	ir_belgae_group_g.txt
ir_berber	ir_atlantean	kindred	ir_fezzani_g	ir_fezzani_g	same_group_kindred	ir_fezzani_g.txt
ir_berber	ir_canarian	positive	ir_fezzani_g	ir_numidian_g	group_positive	ir_fezzani_g.txt
ir_berber	ir_garamantic	kindred	ir_fezzani_g	ir_fezzani_g	same_group_kindred	ir_fezzani_g.txt
ir_berber	ir_himjar	positive	ir_fezzani_g	ir_south_arabian_g	group_positive	ir_fezzani_g.txt
ir_berber	ir_oasis_egyptian	positive	ir_fezzani_g	ir_north_african_g	group_positive	ir_fezzani_g.txt
ir_berberian	ir_avalitian	kindred	ir_aksumite_group_g	ir_aksumite_group_g	same_group_kindred	ir_aksumite_group_g.txt
ir_berberian	ir_blemmyan	kindred	ir_aksumite_group_g	ir_aksumite_group_g	same_group_kindred	ir_aksumite_group_g.txt
ir_berberian	ir_kindite	positive	ir_aksumite_group_g	ir_south_arabian_g	group_positive	ir_aksumite_group_g.txt
ir_berberian	ir_kumuzan	positive	ir_aksumite_group_g	ir_nilotic_group_g	group_positive	ir_aksumite_group_g.txt
ir_berberian	ir_lower_nubian	positive	ir_aksumite_group_g	ir_meroitic_group_g	group_positive	ir_aksumite_group_g.txt
ir_biephi	ir_buridavensi	kindred	ir_dacia_group_g	ir_dacia_group_g	same_group_kindred	ir_dacia_group_g.txt
ir_biephi	ir_ratacensi	kindred	ir_dacia_group_g	ir_dacia_group_g	same_group_kindred	ir_dacia_group_g.txt
ir_bithynian	ir_abrian	positive	ir_thrace_group_g	ir_illyrian_group_g	group_positive	ir_thrace_group_g.txt
ir_bithynian	ir_achaean	positive	ir_thrace_group_g	ir_hellenic_g	group_positive	ir_thrace_group_g.txt
ir_bithynian	ir_mariandynian	kindred	ir_thrace_group_g	ir_thrace_group_g	same_group_kindred	ir_thrace_group_g.txt
ir_bithynian	ir_triballoi	kindred	ir_thrace_group_g	ir_thrace_group_g	same_group_kindred	ir_thrace_group_g.txt
ir_biturigan	ir_aulercian	kindred	ir_gallic_g	ir_gallic_g	same_group_kindred	ir_gallic_g.txt
ir_biturigan	ir_boian	kindred	ir_gallic_g	ir_gallic_g	same_group_kindred	ir_gallic_g.txt
ir_biturigan	ir_caristian	positive	ir_gallic_g	ir_celt_iberia_g	group_positive	ir_gallic_g.txt
ir_biturigan	ir_coritani	positive	ir_gallic_g	ir_britannic_g	group_positive	ir_gallic_g.txt
ir_biturigan	ir_hibernian	positive	ir_gallic_g	ir_gaelic_g	group_positive	ir_gallic_g.txt
ir_biturigan	ir_morinian	positive	ir_gallic_g	ir_belgae_group_g	group_positive	ir_gallic_g.txt
ir_blemmyan	ir_berberian	kindred	ir_aksumite_group_g	ir_aksumite_group_g	same_group_kindred	ir_aksumite_group_g.txt
ir_blemmyan	ir_blemmye	kindred	ir_aksumite_group_g	ir_aksumite_group_g	same_group_kindred	ir_aksumite_group_g.txt
ir_blemmyan	ir_meroitic	positive	ir_aksumite_group_g	ir_meroitic_group_g	group_positive	ir_aksumite_group_g.txt
ir_blemmyan	ir_midobian	positive	ir_aksumite_group_g	ir_nilotic_group_g	group_positive	ir_aksumite_group_g.txt
ir_blemmyan	ir_minaean	positive	ir_aksumite_group_g	ir_south_arabian_g	group_positive	ir_aksumite_group_g.txt
ir_blemmye	ir_blemmyan	kindred	ir_aksumite_group_g	ir_aksumite_group_g	same_group_kindred	ir_aksumite_group_g.txt
ir_blemmye	ir_daamoti	kindred	ir_aksumite_group_g	ir_aksumite_group_g	same_group_kindred	ir_aksumite_group_g.txt
ir_blemmye	ir_moyan	positive	ir_aksumite_group_g	ir_nilotic_group_g	group_positive	ir_aksumite_group_g.txt
ir_blemmye	ir_napatan	positive	ir_aksumite_group_g	ir_meroitic_group_g	group_positive	ir_aksumite_group_g.txt
ir_blemmye	ir_qatabanian	positive	ir_aksumite_group_g	ir_south_arabian_g	group_positive	ir_aksumite_group_g.txt
ir_boeotian	ir_athenian	kindred	ir_hellenic_g	ir_hellenic_g	same_group_kindred	ir_hellenic_g.txt
ir_boeotian	ir_bosporan	kindred	ir_hellenic_g	ir_hellenic_g	same_group_kindred	ir_hellenic_g.txt
ir_boeotian	ir_lalasian	positive	ir_hellenic_g	ir_anatolian_g	group_positive	ir_hellenic_g.txt
ir_boeotian	ir_liburnian	positive	ir_hellenic_g	ir_illyrian_group_g	group_positive	ir_hellenic_g.txt
ir_boeotian	ir_moesi	positive	ir_hellenic_g	ir_thrace_group_g	group_positive	ir_hellenic_g.txt
ir_boeotian	ir_samnite	positive	ir_hellenic_g	ir_latin_g	group_positive	ir_hellenic_g.txt
ir_boian	ir_biturigan	kindred	ir_gallic_g	ir_gallic_g	same_group_kindred	ir_gallic_g.txt
ir_boian	ir_carnian	kindred	ir_gallic_g	ir_gallic_g	same_group_kindred	ir_gallic_g.txt
ir_boian	ir_carpetanian	positive	ir_gallic_g	ir_celt_iberia_g	group_positive	ir_gallic_g.txt
ir_boian	ir_cornovian	positive	ir_gallic_g	ir_britannic_g	group_positive	ir_gallic_g.txt
ir_boian	ir_manavian	positive	ir_gallic_g	ir_gaelic_g	group_positive	ir_gallic_g.txt
ir_boian	ir_nervian	positive	ir_gallic_g	ir_belgae_group_g	group_positive	ir_gallic_g.txt
ir_boran	ir_alutan	kindred	ir_nilotic_group_g	ir_nilotic_group_g	same_group_kindred	ir_nilotic_group_g.txt
ir_boran	ir_avalitian	positive	ir_nilotic_group_g	ir_aksumite_group_g	group_positive	ir_nilotic_group_g.txt
ir_boran	ir_kumuzan	kindred	ir_nilotic_group_g	ir_nilotic_group_g	same_group_kindred	ir_nilotic_group_g.txt
ir_boran	ir_napatan	positive	ir_nilotic_group_g	ir_meroitic_group_g	group_positive	ir_nilotic_group_g.txt
ir_bosporan	ir_boeotian	kindred	ir_hellenic_g	ir_hellenic_g	same_group_kindred	ir_hellenic_g.txt
ir_bosporan	ir_carian	kindred	ir_hellenic_g	ir_hellenic_g	same_group_kindred	ir_hellenic_g.txt
ir_bosporan	ir_liburnian_culture	positive	ir_hellenic_g	ir_illyrian_group_g	group_positive	ir_hellenic_g.txt
ir_bosporan	ir_lycaonian	positive	ir_hellenic_g	ir_anatolian_g	group_positive	ir_hellenic_g.txt
ir_bosporan	ir_odrysi	positive	ir_hellenic_g	ir_thrace_group_g	group_positive	ir_hellenic_g.txt
ir_bosporan	ir_siculian	positive	ir_hellenic_g	ir_latin_g	group_positive	ir_hellenic_g.txt
ir_brigantic	ir_aduatacian	positive	ir_britannic_g	ir_belgae_group_g	group_positive	ir_britannic_g.txt
ir_brigantic	ir_allobrogian	positive	ir_britannic_g	ir_gallic_g	group_positive	ir_britannic_g.txt
ir_brigantic	ir_britannic	kindred	ir_britannic_g	ir_britannic_g	same_group_kindred	ir_britannic_g.txt
ir_brigantic	ir_hibernian	positive	ir_britannic_g	ir_gaelic_g	group_positive	ir_britannic_g.txt
ir_brigantic	ir_votadinian	kindred	ir_britannic_g	ir_britannic_g	same_group_kindred	ir_britannic_g.txt
ir_britannic	ir_aremorican	positive	ir_britannic_g	ir_gallic_g	group_positive	ir_britannic_g.txt
ir_britannic	ir_belgae	positive	ir_britannic_g	ir_belgae_group_g	group_positive	ir_britannic_g.txt
ir_britannic	ir_brigantic	kindred	ir_britannic_g	ir_britannic_g	same_group_kindred	ir_britannic_g.txt
ir_britannic	ir_caledonian	kindred	ir_britannic_g	ir_britannic_g	same_group_kindred	ir_britannic_g.txt
ir_britannic	ir_manavian	positive	ir_britannic_g	ir_gaelic_g	group_positive	ir_britannic_g.txt
ir_bruttian	ir_abrian	positive	ir_latin_g	ir_illyrian_group_g	group_positive	ir_latin_g.txt
ir_bruttian	ir_achaean	positive	ir_latin_g	ir_hellenic_g	group_positive	ir_latin_g.txt
ir_bruttian	ir_aquitani	positive	ir_latin_g	ir_iberia_g	group_positive	ir_latin_g.txt
ir_bruttian	ir_asturian	positive	ir_latin_g	ir_celt_iberia_g	group_positive	ir_latin_g.txt
ir_bruttian	ir_etruscan	kindred	ir_latin_g	ir_latin_g	same_group_kindred	ir_latin_g.txt
ir_bruttian	ir_venetic	kindred	ir_latin_g	ir_latin_g	same_group_kindred	ir_latin_g.txt
ir_budinian	ir_aestian	kindred	ir_baltic_g	ir_baltic_g	same_group_kindred	ir_baltic_g.txt
ir_budinian	ir_bastarnae	positive	ir_baltic_g	ir_germanic_g	group_positive	ir_baltic_g.txt
ir_budinian	ir_chernolian	kindred	ir_baltic_g	ir_baltic_g	same_group_kindred	ir_baltic_g.txt
ir_budinian	ir_fennic	positive	ir_baltic_g	ir_finnic_group_g	group_positive	ir_baltic_g.txt
ir_budinian	ir_nuragic	positive	ir_baltic_g	ir_proto_european_g	group_positive	ir_baltic_g.txt
ir_buridavensi	ir_biephi	kindred	ir_dacia_group_g	ir_dacia_group_g	same_group_kindred	ir_dacia_group_g.txt
ir_buridavensi	ir_caucoensi	kindred	ir_dacia_group_g	ir_dacia_group_g	same_group_kindred	ir_dacia_group_g.txt
ir_cabalian	ir_aegean	positive	ir_anatolian_g	ir_hellenic_g	group_positive	ir_anatolian_g.txt
ir_cabalian	ir_albanian	positive	ir_anatolian_g	ir_caucasian_g	group_positive	ir_anatolian_g.txt
ir_cabalian	ir_armenian	kindred	ir_anatolian_g	ir_anatolian_g	same_group_kindred	ir_anatolian_g.txt
ir_cabalian	ir_cadusian	positive	ir_anatolian_g	ir_persia_g	group_positive	ir_anatolian_g.txt
ir_cabalian	ir_cappadocian	kindred	ir_anatolian_g	ir_anatolian_g	same_group_kindred	ir_anatolian_g.txt
ir_cadusian	ir_amardian	kindred	ir_persia_g	ir_persia_g	same_group_kindred	ir_persia_g.txt
ir_cadusian	ir_cabalian	positive	ir_persia_g	ir_anatolian_g	group_positive	ir_persia_g.txt
ir_cadusian	ir_carmanian	kindred	ir_persia_g	ir_persia_g	same_group_kindred	ir_persia_g.txt
ir_cadusian	ir_cedi	positive	ir_persia_g	ir_aryan_g	group_positive	ir_persia_g.txt
ir_cadusian	ir_derbiccan	positive	ir_persia_g	ir_scythia_g	group_positive	ir_persia_g.txt
ir_cadusian	ir_margian	positive	ir_persia_g	ir_bactrian_g	group_positive	ir_persia_g.txt
ir_caledonian	ir_arverni	positive	ir_britannic_g	ir_gallic_g	group_positive	ir_britannic_g.txt
ir_caledonian	ir_bellovacian	positive	ir_britannic_g	ir_belgae_group_g	group_positive	ir_britannic_g.txt
ir_caledonian	ir_britannic	kindred	ir_britannic_g	ir_britannic_g	same_group_kindred	ir_britannic_g.txt
ir_caledonian	ir_cantian	kindred	ir_britannic_g	ir_britannic_g	same_group_kindred	ir_britannic_g.txt
ir_caledonian	ir_hibernian	positive	ir_britannic_g	ir_gaelic_g	group_positive	ir_britannic_g.txt
ir_callaecian	ir_arverni	positive	ir_celt_iberia_g	ir_gallic_g	group_positive	ir_celt_iberia_g.txt
ir_callaecian	ir_autrigonian	kindred	ir_celt_iberia_g	ir_celt_iberia_g	same_group_kindred	ir_celt_iberia_g.txt
ir_callaecian	ir_bastetanian	positive	ir_celt_iberia_g	ir_iberia_g	group_positive	ir_celt_iberia_g.txt
ir_callaecian	ir_cantabrian	kindred	ir_celt_iberia_g	ir_celt_iberia_g	same_group_kindred	ir_celt_iberia_g.txt
ir_callaecian	ir_galatian	positive	ir_celt_iberia_g	ir_celto_pannonian_group_g	group_positive	ir_celt_iberia_g.txt
ir_callaecian	ir_histrian	positive	ir_celt_iberia_g	ir_latin_g	group_positive	ir_celt_iberia_g.txt
ir_canarian	ir_autolalean	kindred	ir_numidian_g	ir_numidian_g	same_group_kindred	ir_numidian_g.txt
ir_canarian	ir_bastetanian	positive	ir_numidian_g	ir_iberia_g	group_positive	ir_numidian_g.txt
ir_canarian	ir_berber	positive	ir_numidian_g	ir_fezzani_g	group_positive	ir_numidian_g.txt
ir_canarian	ir_capariensian	kindred	ir_numidian_g	ir_numidian_g	same_group_kindred	ir_numidian_g.txt
ir_canarian	ir_oasis_egyptian	positive	ir_numidian_g	ir_north_african_g	group_positive	ir_numidian_g.txt
ir_canarian	ir_pubu	positive	ir_numidian_g	ir_pu_g	group_positive	ir_numidian_g.txt
ir_cantabrian	ir_aulercian	positive	ir_celt_iberia_g	ir_gallic_g	group_positive	ir_celt_iberia_g.txt
ir_cantabrian	ir_callaecian	kindred	ir_celt_iberia_g	ir_celt_iberia_g	same_group_kindred	ir_celt_iberia_g.txt
ir_cantabrian	ir_caristian	kindred	ir_celt_iberia_g	ir_celt_iberia_g	same_group_kindred	ir_celt_iberia_g.txt
ir_cantabrian	ir_contestanian	positive	ir_celt_iberia_g	ir_iberia_g	group_positive	ir_celt_iberia_g.txt
ir_cantabrian	ir_ligurian	positive	ir_celt_iberia_g	ir_latin_g	group_positive	ir_celt_iberia_g.txt
ir_cantabrian	ir_tylian	positive	ir_celt_iberia_g	ir_celto_pannonian_group_g	group_positive	ir_celt_iberia_g.txt
ir_cantian	ir_aulercian	positive	ir_britannic_g	ir_gallic_g	group_positive	ir_britannic_g.txt
ir_cantian	ir_caledonian	kindred	ir_britannic_g	ir_britannic_g	same_group_kindred	ir_britannic_g.txt
ir_cantian	ir_coritani	kindred	ir_britannic_g	ir_britannic_g	same_group_kindred	ir_britannic_g.txt
ir_cantian	ir_eburonian	positive	ir_britannic_g	ir_belgae_group_g	group_positive	ir_britannic_g.txt
ir_cantian	ir_manavian	positive	ir_britannic_g	ir_gaelic_g	group_positive	ir_britannic_g.txt
ir_capariensian	ir_canarian	kindred	ir_numidian_g	ir_numidian_g	same_group_kindred	ir_numidian_g.txt
ir_capariensian	ir_cetianian	kindred	ir_numidian_g	ir_numidian_g	same_group_kindred	ir_numidian_g.txt
ir_capariensian	ir_contestanian	positive	ir_numidian_g	ir_iberia_g	group_positive	ir_numidian_g.txt
ir_capariensian	ir_garamantic	positive	ir_numidian_g	ir_fezzani_g	group_positive	ir_numidian_g.txt
ir_capariensian	ir_rhakine	positive	ir_numidian_g	ir_pu_g	group_positive	ir_numidian_g.txt
ir_capariensian	ir_upper_egyptian	positive	ir_numidian_g	ir_north_african_g	group_positive	ir_numidian_g.txt
ir_cappadocian	ir_aeolian	positive	ir_anatolian_g	ir_hellenic_g	group_positive	ir_anatolian_g.txt
ir_cappadocian	ir_cabalian	kindred	ir_anatolian_g	ir_anatolian_g	same_group_kindred	ir_anatolian_g.txt
ir_cappadocian	ir_carmanian	positive	ir_anatolian_g	ir_persia_g	group_positive	ir_anatolian_g.txt
ir_cappadocian	ir_caspian	positive	ir_anatolian_g	ir_caucasian_g	group_positive	ir_anatolian_g.txt
ir_cappadocian	ir_cataonian	kindred	ir_anatolian_g	ir_anatolian_g	same_group_kindred	ir_anatolian_g.txt
ir_cardukoi	ir_aramaic	kindred	ir_east_levantine_g	ir_east_levantine_g	same_group_kindred	ir_east_levantine_g.txt
ir_cardukoi	ir_babylonian	kindred	ir_east_levantine_g	ir_east_levantine_g	same_group_kindred	ir_east_levantine_g.txt
ir_cardukoi	ir_carthaginian	positive	ir_east_levantine_g	ir_west_levantine_g	group_positive	ir_east_levantine_g.txt
ir_cardukoi	ir_qedarite	positive	ir_east_levantine_g	ir_south_levantine_g	group_positive	ir_east_levantine_g.txt
ir_cardukoi	ir_rhakine	positive	ir_east_levantine_g	ir_pu_g	group_positive	ir_east_levantine_g.txt
ir_carian	ir_bosporan	kindred	ir_hellenic_g	ir_hellenic_g	same_group_kindred	ir_hellenic_g.txt
ir_carian	ir_ciliciote	kindred	ir_hellenic_g	ir_hellenic_g	same_group_kindred	ir_hellenic_g.txt
ir_carian	ir_lycian	positive	ir_hellenic_g	ir_anatolian_g	group_positive	ir_hellenic_g.txt
ir_carian	ir_messapian	positive	ir_hellenic_g	ir_illyrian_group_g	group_positive	ir_hellenic_g.txt
ir_carian	ir_triballoi	positive	ir_hellenic_g	ir_thrace_group_g	group_positive	ir_hellenic_g.txt
ir_carian	ir_umbrian	positive	ir_hellenic_g	ir_latin_g	group_positive	ir_hellenic_g.txt
ir_caristian	ir_biturigan	positive	ir_celt_iberia_g	ir_gallic_g	group_positive	ir_celt_iberia_g.txt
ir_caristian	ir_cantabrian	kindred	ir_celt_iberia_g	ir_celt_iberia_g	same_group_kindred	ir_celt_iberia_g.txt
ir_caristian	ir_carpetanian	kindred	ir_celt_iberia_g	ir_celt_iberia_g	same_group_kindred	ir_celt_iberia_g.txt
ir_caristian	ir_edetanian	positive	ir_celt_iberia_g	ir_iberia_g	group_positive	ir_celt_iberia_g.txt
ir_caristian	ir_galatian	positive	ir_celt_iberia_g	ir_celto_pannonian_group_g	group_positive	ir_celt_iberia_g.txt
ir_caristian	ir_lucanian	positive	ir_celt_iberia_g	ir_latin_g	group_positive	ir_celt_iberia_g.txt
ir_carmanian	ir_cadusian	kindred	ir_persia_g	ir_persia_g	same_group_kindred	ir_persia_g.txt
ir_carmanian	ir_cappadocian	positive	ir_persia_g	ir_anatolian_g	group_positive	ir_persia_g.txt
ir_carmanian	ir_cossian	kindred	ir_persia_g	ir_persia_g	same_group_kindred	ir_persia_g.txt
ir_carmanian	ir_dardic	positive	ir_persia_g	ir_aryan_g	group_positive	ir_persia_g.txt
ir_carmanian	ir_jurcan	positive	ir_persia_g	ir_scythia_g	group_positive	ir_persia_g.txt
ir_carmanian	ir_phryni	positive	ir_persia_g	ir_bactrian_g	group_positive	ir_persia_g.txt
ir_carnian	ir_boian	kindred	ir_gallic_g	ir_gallic_g	same_group_kindred	ir_gallic_g.txt
ir_carnian	ir_carnuti	kindred	ir_gallic_g	ir_gallic_g	same_group_kindred	ir_gallic_g.txt
ir_carnian	ir_celtiberian	positive	ir_gallic_g	ir_celt_iberia_g	group_positive	ir_gallic_g.txt
ir_carnian	ir_damnonian	positive	ir_gallic_g	ir_britannic_g	group_positive	ir_gallic_g.txt
ir_carnian	ir_hibernian	positive	ir_gallic_g	ir_gaelic_g	group_positive	ir_gallic_g.txt
ir_carnian	ir_veliocassian	positive	ir_gallic_g	ir_belgae_group_g	group_positive	ir_gallic_g.txt
ir_carnuti	ir_aduatacian	positive	ir_gallic_g	ir_belgae_group_g	group_positive	ir_gallic_g.txt
ir_carnuti	ir_carnian	kindred	ir_gallic_g	ir_gallic_g	same_group_kindred	ir_gallic_g.txt
ir_carnuti	ir_celtic_pannonian	kindred	ir_gallic_g	ir_gallic_g	same_group_kindred	ir_gallic_g.txt
ir_carnuti	ir_celtician	positive	ir_gallic_g	ir_celt_iberia_g	group_positive	ir_gallic_g.txt
ir_carnuti	ir_demetian	positive	ir_gallic_g	ir_britannic_g	group_positive	ir_gallic_g.txt
ir_carnuti	ir_manavian	positive	ir_gallic_g	ir_gaelic_g	group_positive	ir_gallic_g.txt
ir_carpetanian	ir_boian	positive	ir_celt_iberia_g	ir_gallic_g	group_positive	ir_celt_iberia_g.txt
ir_carpetanian	ir_caristian	kindred	ir_celt_iberia_g	ir_celt_iberia_g	same_group_kindred	ir_celt_iberia_g.txt
ir_carpetanian	ir_celtiberian	kindred	ir_celt_iberia_g	ir_celt_iberia_g	same_group_kindred	ir_celt_iberia_g.txt
ir_carpetanian	ir_ilercavonian	positive	ir_celt_iberia_g	ir_iberia_g	group_positive	ir_celt_iberia_g.txt
ir_carpetanian	ir_rhaetian	positive	ir_celt_iberia_g	ir_latin_g	group_positive	ir_celt_iberia_g.txt
ir_carpetanian	ir_tylian	positive	ir_celt_iberia_g	ir_celto_pannonian_group_g	group_positive	ir_celt_iberia_g.txt
ir_carthaginian	ir_aramaic	positive	ir_west_levantine_g	ir_east_levantine_g	group_positive	ir_west_levantine_g.txt
ir_carthaginian	ir_gerrhan	positive	ir_west_levantine_g	ir_south_levantine_g	group_positive	ir_west_levantine_g.txt
ir_carthaginian	ir_hebrew	kindred	ir_west_levantine_g	ir_west_levantine_g	same_group_kindred	ir_west_levantine_g.txt
ir_carthaginian	ir_jaintia	positive	ir_west_levantine_g	ir_pu_g	group_positive	ir_west_levantine_g.txt
ir_carthaginian	ir_phoenician	kindred	ir_west_levantine_g	ir_west_levantine_g	same_group_kindred	ir_west_levantine_g.txt
ir_carthaginian	ir_roman	negative	ir_west_levantine_g	ir_latin_g	pair_override	ir_west_levantine_g.txt
ir_caspian	ir_albanian	kindred	ir_caucasian_g	ir_caucasian_g	same_group_kindred	ir_caucasian_g.txt
ir_caspian	ir_cappadocian	positive	ir_caucasian_g	ir_anatolian_g	group_positive	ir_caucasian_g.txt
ir_caspian	ir_colchian	kindred	ir_caucasian_g	ir_caucasian_g	same_group_kindred	ir_caucasian_g.txt
ir_cataonian	ir_aetolian	positive	ir_anatolian_g	ir_hellenic_g	group_positive	ir_anatolian_g.txt
ir_cataonian	ir_cappadocian	kindred	ir_anatolian_g	ir_anatolian_g	same_group_kindred	ir_anatolian_g.txt
ir_cataonian	ir_cilician	kindred	ir_anatolian_g	ir_anatolian_g	same_group_kindred	ir_anatolian_g.txt
ir_cataonian	ir_colchian	positive	ir_anatolian_g	ir_caucasian_g	group_positive	ir_anatolian_g.txt
ir_cataonian	ir_cossian	positive	ir_anatolian_g	ir_persia_g	group_positive	ir_anatolian_g.txt
ir_catari	ir_abrian	kindred	ir_illyrian_group_g	ir_illyrian_group_g	same_group_kindred	ir_illyrian_group_g.txt
ir_catari	ir_aegean	positive	ir_illyrian_group_g	ir_hellenic_g	group_positive	ir_illyrian_group_g.txt
ir_catari	ir_dardanian	kindred	ir_illyrian_group_g	ir_illyrian_group_g	same_group_kindred	ir_illyrian_group_g.txt
ir_catari	ir_etruscan	positive	ir_illyrian_group_g	ir_latin_g	group_positive	ir_illyrian_group_g.txt
ir_catari	ir_mariandynian	positive	ir_illyrian_group_g	ir_thrace_group_g	group_positive	ir_illyrian_group_g.txt
ir_catari	ir_tylian	positive	ir_illyrian_group_g	ir_celto_pannonian_group_g	group_positive	ir_illyrian_group_g.txt
ir_caucoensi	ir_buridavensi	kindred	ir_dacia_group_g	ir_dacia_group_g	same_group_kindred	ir_dacia_group_g.txt
ir_caucoensi	ir_costoboci	kindred	ir_dacia_group_g	ir_dacia_group_g	same_group_kindred	ir_dacia_group_g.txt
ir_cedi	ir_andhran	positive	ir_aryan_g	ir_indian_g	group_positive	ir_aryan_g.txt
ir_cedi	ir_avanti	kindred	ir_aryan_g	ir_aryan_g	same_group_kindred	ir_aryan_g.txt
ir_cedi	ir_bangli	positive	ir_aryan_g	ir_pracyan_g	group_positive	ir_aryan_g.txt
ir_cedi	ir_cadusian	positive	ir_aryan_g	ir_persia_g	group_positive	ir_aryan_g.txt
ir_cedi	ir_dardic	kindred	ir_aryan_g	ir_aryan_g	same_group_kindred	ir_aryan_g.txt
ir_cedi	ir_margian	positive	ir_aryan_g	ir_bactrian_g	group_positive	ir_aryan_g.txt
ir_celtiberian	ir_carnian	positive	ir_celt_iberia_g	ir_gallic_g	group_positive	ir_celt_iberia_g.txt
ir_celtiberian	ir_carpetanian	kindred	ir_celt_iberia_g	ir_celt_iberia_g	same_group_kindred	ir_celt_iberia_g.txt
ir_celtiberian	ir_celtician	kindred	ir_celt_iberia_g	ir_celt_iberia_g	same_group_kindred	ir_celt_iberia_g.txt
ir_celtiberian	ir_galatian	positive	ir_celt_iberia_g	ir_celto_pannonian_group_g	group_positive	ir_celt_iberia_g.txt
ir_celtiberian	ir_ilergetian	positive	ir_celt_iberia_g	ir_iberia_g	group_positive	ir_celt_iberia_g.txt
ir_celtiberian	ir_roman	positive	ir_celt_iberia_g	ir_latin_g	group_positive	ir_celt_iberia_g.txt
ir_celtic_pannonian	ir_belgae	positive	ir_gallic_g	ir_belgae_group_g	group_positive	ir_gallic_g.txt
ir_celtic_pannonian	ir_carnuti	kindred	ir_gallic_g	ir_gallic_g	same_group_kindred	ir_gallic_g.txt
ir_celtic_pannonian	ir_cotinian	kindred	ir_gallic_g	ir_gallic_g	same_group_kindred	ir_gallic_g.txt
ir_celtic_pannonian	ir_couneian	positive	ir_gallic_g	ir_celt_iberia_g	group_positive	ir_gallic_g.txt
ir_celtic_pannonian	ir_dobunnian	positive	ir_gallic_g	ir_britannic_g	group_positive	ir_gallic_g.txt
ir_celtic_pannonian	ir_hibernian	positive	ir_gallic_g	ir_gaelic_g	group_positive	ir_gallic_g.txt
ir_celtician	ir_carnuti	positive	ir_celt_iberia_g	ir_gallic_g	group_positive	ir_celt_iberia_g.txt
ir_celtician	ir_celtiberian	kindred	ir_celt_iberia_g	ir_celt_iberia_g	same_group_kindred	ir_celt_iberia_g.txt
ir_celtician	ir_couneian	kindred	ir_celt_iberia_g	ir_celt_iberia_g	same_group_kindred	ir_celt_iberia_g.txt
ir_celtician	ir_indiketian	positive	ir_celt_iberia_g	ir_iberia_g	group_positive	ir_celt_iberia_g.txt
ir_celtician	ir_samnite	positive	ir_celt_iberia_g	ir_latin_g	group_positive	ir_celt_iberia_g.txt
ir_celtician	ir_tylian	positive	ir_celt_iberia_g	ir_celto_pannonian_group_g	group_positive	ir_celt_iberia_g.txt
ir_cetianian	ir_capariensian	kindred	ir_numidian_g	ir_numidian_g	same_group_kindred	ir_numidian_g.txt
ir_cetianian	ir_daphnitaean	kindred	ir_numidian_g	ir_numidian_g	same_group_kindred	ir_numidian_g.txt
ir_cetianian	ir_edetanian	positive	ir_numidian_g	ir_iberia_g	group_positive	ir_numidian_g.txt
ir_cetianian	ir_egyptian	positive	ir_numidian_g	ir_north_african_g	group_positive	ir_numidian_g.txt
ir_cetianian	ir_gyzantian	positive	ir_numidian_g	ir_fezzani_g	group_positive	ir_numidian_g.txt
ir_cetianian	ir_shan	positive	ir_numidian_g	ir_pu_g	group_positive	ir_numidian_g.txt
ir_cheran	ir_assaka	kindred	ir_indian_g	ir_indian_g	same_group_kindred	ir_indian_g.txt
ir_cheran	ir_cholan	kindred	ir_indian_g	ir_indian_g	same_group_kindred	ir_indian_g.txt
ir_cheran	ir_dhivehi	positive	ir_indian_g	ir_aryan_g	group_positive	ir_indian_g.txt
ir_cheran	ir_kalingan	positive	ir_indian_g	ir_pracyan_g	group_positive	ir_indian_g.txt
ir_cheran	ir_yarlung	positive	ir_indian_g	ir_tibetan_g	group_positive	ir_indian_g.txt
ir_chernolian	ir_budinian	kindred	ir_baltic_g	ir_baltic_g	same_group_kindred	ir_baltic_g.txt
ir_chernolian	ir_cimbrian	positive	ir_baltic_g	ir_germanic_g	group_positive	ir_baltic_g.txt
ir_chernolian	ir_melanchlaenian	kindred	ir_baltic_g	ir_baltic_g	same_group_kindred	ir_baltic_g.txt
ir_chernolian	ir_mordvin	positive	ir_baltic_g	ir_finnic_group_g	group_positive	ir_baltic_g.txt
ir_chernolian	ir_talaiotic	positive	ir_baltic_g	ir_proto_european_g	group_positive	ir_baltic_g.txt
ir_cholan	ir_cheran	kindred	ir_indian_g	ir_indian_g	same_group_kindred	ir_indian_g.txt
ir_cholan	ir_gandhari	positive	ir_indian_g	ir_aryan_g	group_positive	ir_indian_g.txt
ir_cholan	ir_kamarupi	positive	ir_indian_g	ir_pracyan_g	group_positive	ir_indian_g.txt
ir_cholan	ir_kannadan	kindred	ir_indian_g	ir_indian_g	same_group_kindred	ir_indian_g.txt
ir_cholan	ir_zhangzhung	positive	ir_indian_g	ir_tibetan_g	group_positive	ir_indian_g.txt
ir_cilician	ir_arcadian	positive	ir_anatolian_g	ir_hellenic_g	group_positive	ir_anatolian_g.txt
ir_cilician	ir_cataonian	kindred	ir_anatolian_g	ir_anatolian_g	same_group_kindred	ir_anatolian_g.txt
ir_cilician	ir_elamite	positive	ir_anatolian_g	ir_persia_g	group_positive	ir_anatolian_g.txt
ir_cilician	ir_gelaean	positive	ir_anatolian_g	ir_caucasian_g	group_positive	ir_anatolian_g.txt
ir_cilician	ir_isaurian	kindred	ir_anatolian_g	ir_anatolian_g	same_group_kindred	ir_anatolian_g.txt
ir_ciliciote	ir_bithynian	positive	ir_hellenic_g	ir_thrace_group_g	group_positive	ir_hellenic_g.txt
ir_ciliciote	ir_carian	kindred	ir_hellenic_g	ir_hellenic_g	same_group_kindred	ir_hellenic_g.txt
ir_ciliciote	ir_cretan	kindred	ir_hellenic_g	ir_hellenic_g	same_group_kindred	ir_hellenic_g.txt
ir_ciliciote	ir_lydian	positive	ir_hellenic_g	ir_anatolian_g	group_positive	ir_hellenic_g.txt
ir_ciliciote	ir_paeonian	positive	ir_hellenic_g	ir_illyrian_group_g	group_positive	ir_hellenic_g.txt
ir_ciliciote	ir_venetic	positive	ir_hellenic_g	ir_latin_g	group_positive	ir_hellenic_g.txt
ir_cimbrian	ir_bastarnae	kindred	ir_germanic_g	ir_germanic_g	same_group_kindred	ir_germanic_g.txt
ir_cimbrian	ir_bellovacian	positive	ir_germanic_g	ir_belgae_group_g	group_positive	ir_germanic_g.txt
ir_cimbrian	ir_chernolian	positive	ir_germanic_g	ir_baltic_g	group_positive	ir_germanic_g.txt
ir_cimbrian	ir_frisian	kindred	ir_germanic_g	ir_germanic_g	same_group_kindred	ir_germanic_g.txt
ir_cimbrian	ir_mordvin	positive	ir_germanic_g	ir_finnic_group_g	group_positive	ir_germanic_g.txt
ir_cimbrian	ir_talaiotic	positive	ir_germanic_g	ir_proto_european_g	group_positive	ir_germanic_g.txt
ir_cimmerian	ir_agathyrsian	kindred	ir_scythian_east_g	ir_scythian_east_g	same_group_kindred	ir_scythian_east_g.txt
ir_cimmerian	ir_derbiccan	positive	ir_scythian_east_g	ir_scythia_g	group_positive	ir_scythian_east_g.txt
ir_cimmerian	ir_gelonian	kindred	ir_scythian_east_g	ir_scythian_east_g	same_group_kindred	ir_scythian_east_g.txt
ir_cimmerian	ir_margian	positive	ir_scythian_east_g	ir_bactrian_g	group_positive	ir_scythian_east_g.txt
ir_cimmerian	ir_nuragic	positive	ir_scythian_east_g	ir_proto_european_g	group_positive	ir_scythian_east_g.txt
ir_colchian	ir_caspian	kindred	ir_caucasian_g	ir_caucasian_g	same_group_kindred	ir_caucasian_g.txt
ir_colchian	ir_cataonian	positive	ir_caucasian_g	ir_anatolian_g	group_positive	ir_caucasian_g.txt
ir_colchian	ir_gelaean	kindred	ir_caucasian_g	ir_caucasian_g	same_group_kindred	ir_caucasian_g.txt
ir_contestanian	ir_bastetanian	kindred	ir_iberia_g	ir_iberia_g	same_group_kindred	ir_iberia_g.txt
ir_contestanian	ir_cantabrian	positive	ir_iberia_g	ir_celt_iberia_g	group_positive	ir_iberia_g.txt
ir_contestanian	ir_capariensian	positive	ir_iberia_g	ir_numidian_g	group_positive	ir_iberia_g.txt
ir_contestanian	ir_edetanian	kindred	ir_iberia_g	ir_iberia_g	same_group_kindred	ir_iberia_g.txt
ir_contestanian	ir_ligurian	positive	ir_iberia_g	ir_latin_g	group_positive	ir_iberia_g.txt
ir_coritani	ir_biturigan	positive	ir_britannic_g	ir_gallic_g	group_positive	ir_britannic_g.txt
ir_coritani	ir_cantian	kindred	ir_britannic_g	ir_britannic_g	same_group_kindred	ir_britannic_g.txt
ir_coritani	ir_cornovian	kindred	ir_britannic_g	ir_britannic_g	same_group_kindred	ir_britannic_g.txt
ir_coritani	ir_hibernian	positive	ir_britannic_g	ir_gaelic_g	group_positive	ir_britannic_g.txt
ir_coritani	ir_morinian	positive	ir_britannic_g	ir_belgae_group_g	group_positive	ir_britannic_g.txt
ir_cornovian	ir_boian	positive	ir_britannic_g	ir_gallic_g	group_positive	ir_britannic_g.txt
ir_cornovian	ir_coritani	kindred	ir_britannic_g	ir_britannic_g	same_group_kindred	ir_britannic_g.txt
ir_cornovian	ir_damnonian	kindred	ir_britannic_g	ir_britannic_g	same_group_kindred	ir_britannic_g.txt
ir_cornovian	ir_manavian	positive	ir_britannic_g	ir_gaelic_g	group_positive	ir_britannic_g.txt
ir_cornovian	ir_nervian	positive	ir_britannic_g	ir_belgae_group_g	group_positive	ir_britannic_g.txt
ir_corsian	ir_aestian	positive	ir_proto_european_g	ir_baltic_g	group_positive	ir_proto_european_g.txt
ir_corsian	ir_agathyrsian	positive	ir_proto_european_g	ir_scythian_east_g	group_positive	ir_proto_european_g.txt
ir_corsian	ir_alani	positive	ir_proto_european_g	ir_scythia_g	group_positive	ir_proto_european_g.txt
ir_corsian	ir_anglian	positive	ir_proto_european_g	ir_germanic_g	group_positive	ir_proto_european_g.txt
ir_corsian	ir_nuragic	kindred	ir_proto_european_g	ir_proto_european_g	same_group_kindred	ir_proto_european_g.txt
ir_corsian	ir_talaiotic	kindred	ir_proto_european_g	ir_proto_european_g	same_group_kindred	ir_proto_european_g.txt
ir_cossian	ir_carmanian	kindred	ir_persia_g	ir_persia_g	same_group_kindred	ir_persia_g.txt
ir_cossian	ir_cataonian	positive	ir_persia_g	ir_anatolian_g	group_positive	ir_persia_g.txt
ir_cossian	ir_dhivehi	positive	ir_persia_g	ir_aryan_g	group_positive	ir_persia_g.txt
ir_cossian	ir_elamite	kindred	ir_persia_g	ir_persia_g	same_group_kindred	ir_persia_g.txt
ir_cossian	ir_kharesmian	positive	ir_persia_g	ir_scythia_g	group_positive	ir_persia_g.txt
ir_cossian	ir_saka	positive	ir_persia_g	ir_bactrian_g	group_positive	ir_persia_g.txt
ir_costoboci	ir_caucoensi	kindred	ir_dacia_group_g	ir_dacia_group_g	same_group_kindred	ir_dacia_group_g.txt
ir_costoboci	ir_dacian	kindred	ir_dacia_group_g	ir_dacia_group_g	same_group_kindred	ir_dacia_group_g.txt
ir_cotinian	ir_bellovacian	positive	ir_gallic_g	ir_belgae_group_g	group_positive	ir_gallic_g.txt
ir_cotinian	ir_celtic_pannonian	kindred	ir_gallic_g	ir_gallic_g	same_group_kindred	ir_gallic_g.txt
ir_cotinian	ir_dumnonian	positive	ir_gallic_g	ir_britannic_g	group_positive	ir_gallic_g.txt
ir_cotinian	ir_elesycian	positive	ir_gallic_g	ir_celt_iberia_g	group_positive	ir_gallic_g.txt
ir_cotinian	ir_eravisci	kindred	ir_gallic_g	ir_gallic_g	same_group_kindred	ir_gallic_g.txt
ir_cotinian	ir_manavian	positive	ir_gallic_g	ir_gaelic_g	group_positive	ir_gallic_g.txt
ir_couneian	ir_celtic_pannonian	positive	ir_celt_iberia_g	ir_gallic_g	group_positive	ir_celt_iberia_g.txt
ir_couneian	ir_celtician	kindred	ir_celt_iberia_g	ir_celt_iberia_g	same_group_kindred	ir_celt_iberia_g.txt
ir_couneian	ir_elesycian	kindred	ir_celt_iberia_g	ir_celt_iberia_g	same_group_kindred	ir_celt_iberia_g.txt
ir_couneian	ir_galatian	positive	ir_celt_iberia_g	ir_celto_pannonian_group_g	group_positive	ir_celt_iberia_g.txt
ir_couneian	ir_lacetanian	positive	ir_celt_iberia_g	ir_iberia_g	group_positive	ir_celt_iberia_g.txt
ir_couneian	ir_siculian	positive	ir_celt_iberia_g	ir_latin_g	group_positive	ir_celt_iberia_g.txt
ir_cretan	ir_bruttian	positive	ir_hellenic_g	ir_latin_g	group_positive	ir_hellenic_g.txt
ir_cretan	ir_ciliciote	kindred	ir_hellenic_g	ir_hellenic_g	same_group_kindred	ir_hellenic_g.txt
ir_cretan	ir_cypriot	kindred	ir_hellenic_g	ir_hellenic_g	same_group_kindred	ir_hellenic_g.txt
ir_cretan	ir_mariandynian	positive	ir_hellenic_g	ir_thrace_group_g	group_positive	ir_hellenic_g.txt
ir_cretan	ir_milyadian	positive	ir_hellenic_g	ir_anatolian_g	group_positive	ir_hellenic_g.txt
ir_cretan	ir_pannonian	positive	ir_hellenic_g	ir_illyrian_group_g	group_positive	ir_hellenic_g.txt
ir_cypriot	ir_cretan	kindred	ir_hellenic_g	ir_hellenic_g	same_group_kindred	ir_hellenic_g.txt
ir_cypriot	ir_cyrenaican	kindred	ir_hellenic_g	ir_hellenic_g	same_group_kindred	ir_hellenic_g.txt
ir_cypriot	ir_etruscan	positive	ir_hellenic_g	ir_latin_g	group_positive	ir_hellenic_g.txt
ir_cypriot	ir_moesi	positive	ir_hellenic_g	ir_thrace_group_g	group_positive	ir_hellenic_g.txt
ir_cypriot	ir_morimenian	positive	ir_hellenic_g	ir_anatolian_g	group_positive	ir_hellenic_g.txt
ir_cypriot	ir_taulantian	positive	ir_hellenic_g	ir_illyrian_group_g	group_positive	ir_hellenic_g.txt
ir_cyrenaican	ir_abrian	positive	ir_hellenic_g	ir_illyrian_group_g	group_positive	ir_hellenic_g.txt
ir_cyrenaican	ir_cypriot	kindred	ir_hellenic_g	ir_hellenic_g	same_group_kindred	ir_hellenic_g.txt
ir_cyrenaican	ir_enetoian	kindred	ir_hellenic_g	ir_hellenic_g	same_group_kindred	ir_hellenic_g.txt
ir_cyrenaican	ir_histrian	positive	ir_hellenic_g	ir_latin_g	group_positive	ir_hellenic_g.txt
ir_cyrenaican	ir_mysian	positive	ir_hellenic_g	ir_anatolian_g	group_positive	ir_hellenic_g.txt
ir_cyrenaican	ir_odrysi	positive	ir_hellenic_g	ir_thrace_group_g	group_positive	ir_hellenic_g.txt
ir_daamoti	ir_blemmye	kindred	ir_aksumite_group_g	ir_aksumite_group_g	same_group_kindred	ir_aksumite_group_g.txt
ir_daamoti	ir_erythraean	kindred	ir_aksumite_group_g	ir_aksumite_group_g	same_group_kindred	ir_aksumite_group_g.txt
ir_daamoti	ir_lower_nubian	positive	ir_aksumite_group_g	ir_meroitic_group_g	group_positive	ir_aksumite_group_g.txt
ir_daamoti	ir_nubian	positive	ir_aksumite_group_g	ir_nilotic_group_g	group_positive	ir_aksumite_group_g.txt
ir_daamoti	ir_samad	positive	ir_aksumite_group_g	ir_south_arabian_g	group_positive	ir_aksumite_group_g.txt
ir_dacian	ir_costoboci	kindred	ir_dacia_group_g	ir_dacia_group_g	same_group_kindred	ir_dacia_group_g.txt
ir_dacian	ir_getian	kindred	ir_dacia_group_g	ir_dacia_group_g	same_group_kindred	ir_dacia_group_g.txt
ir_damnonian	ir_carnian	positive	ir_britannic_g	ir_gallic_g	group_positive	ir_britannic_g.txt
ir_damnonian	ir_cornovian	kindred	ir_britannic_g	ir_britannic_g	same_group_kindred	ir_britannic_g.txt
ir_damnonian	ir_demetian	kindred	ir_britannic_g	ir_britannic_g	same_group_kindred	ir_britannic_g.txt
ir_damnonian	ir_hibernian	positive	ir_britannic_g	ir_gaelic_g	group_positive	ir_britannic_g.txt
ir_damnonian	ir_veliocassian	positive	ir_britannic_g	ir_belgae_group_g	group_positive	ir_britannic_g.txt
ir_daphnitaean	ir_cetianian	kindred	ir_numidian_g	ir_numidian_g	same_group_kindred	ir_numidian_g.txt
ir_daphnitaean	ir_gaetulian	kindred	ir_numidian_g	ir_numidian_g	same_group_kindred	ir_numidian_g.txt
ir_daphnitaean	ir_ilercavonian	positive	ir_numidian_g	ir_iberia_g	group_positive	ir_numidian_g.txt
ir_daphnitaean	ir_jaintia	positive	ir_numidian_g	ir_pu_g	group_positive	ir_numidian_g.txt
ir_daphnitaean	ir_libyan	positive	ir_numidian_g	ir_fezzani_g	group_positive	ir_numidian_g.txt
ir_daphnitaean	ir_middle_egyptian	positive	ir_numidian_g	ir_north_african_g	group_positive	ir_numidian_g.txt
ir_dardanian	ir_aeolian	positive	ir_illyrian_group_g	ir_hellenic_g	group_positive	ir_illyrian_group_g.txt
ir_dardanian	ir_catari	kindred	ir_illyrian_group_g	ir_illyrian_group_g	same_group_kindred	ir_illyrian_group_g.txt
ir_dardanian	ir_deraemestian	kindred	ir_illyrian_group_g	ir_illyrian_group_g	same_group_kindred	ir_illyrian_group_g.txt
ir_dardanian	ir_galatian	positive	ir_illyrian_group_g	ir_celto_pannonian_group_g	group_positive	ir_illyrian_group_g.txt
ir_dardanian	ir_histrian	positive	ir_illyrian_group_g	ir_latin_g	group_positive	ir_illyrian_group_g.txt
ir_dardanian	ir_moesi	positive	ir_illyrian_group_g	ir_thrace_group_g	group_positive	ir_illyrian_group_g.txt
ir_dardic	ir_assaka	positive	ir_aryan_g	ir_indian_g	group_positive	ir_aryan_g.txt
ir_dardic	ir_carmanian	positive	ir_aryan_g	ir_persia_g	group_positive	ir_aryan_g.txt
ir_dardic	ir_cedi	kindred	ir_aryan_g	ir_aryan_g	same_group_kindred	ir_aryan_g.txt
ir_dardic	ir_dhivehi	kindred	ir_aryan_g	ir_aryan_g	same_group_kindred	ir_aryan_g.txt
ir_dardic	ir_himalayan	positive	ir_aryan_g	ir_pracyan_g	group_positive	ir_aryan_g.txt
ir_dardic	ir_phryni	positive	ir_aryan_g	ir_bactrian_g	group_positive	ir_aryan_g.txt
ir_demetian	ir_aduatacian	positive	ir_britannic_g	ir_belgae_group_g	group_positive	ir_britannic_g.txt
ir_demetian	ir_carnuti	positive	ir_britannic_g	ir_gallic_g	group_positive	ir_britannic_g.txt
ir_demetian	ir_damnonian	kindred	ir_britannic_g	ir_britannic_g	same_group_kindred	ir_britannic_g.txt
ir_demetian	ir_dobunnian	kindred	ir_britannic_g	ir_britannic_g	same_group_kindred	ir_britannic_g.txt
ir_demetian	ir_manavian	positive	ir_britannic_g	ir_gaelic_g	group_positive	ir_britannic_g.txt
ir_deraemestian	ir_aetolian	positive	ir_illyrian_group_g	ir_hellenic_g	group_positive	ir_illyrian_group_g.txt
ir_deraemestian	ir_dardanian	kindred	ir_illyrian_group_g	ir_illyrian_group_g	same_group_kindred	ir_illyrian_group_g.txt
ir_deraemestian	ir_deurian	kindred	ir_illyrian_group_g	ir_illyrian_group_g	same_group_kindred	ir_illyrian_group_g.txt
ir_deraemestian	ir_ligurian	positive	ir_illyrian_group_g	ir_latin_g	group_positive	ir_illyrian_group_g.txt
ir_deraemestian	ir_odrysi	positive	ir_illyrian_group_g	ir_thrace_group_g	group_positive	ir_illyrian_group_g.txt
ir_deraemestian	ir_tylian	positive	ir_illyrian_group_g	ir_celto_pannonian_group_g	group_positive	ir_illyrian_group_g.txt
ir_derbiccan	ir_alani	kindred	ir_scythia_g	ir_scythia_g	same_group_kindred	ir_scythia_g.txt
ir_derbiccan	ir_cadusian	positive	ir_scythia_g	ir_persia_g	group_positive	ir_scythia_g.txt
ir_derbiccan	ir_cimmerian	positive	ir_scythia_g	ir_scythian_east_g	group_positive	ir_scythia_g.txt
ir_derbiccan	ir_jurcan	kindred	ir_scythia_g	ir_scythia_g	same_group_kindred	ir_scythia_g.txt
ir_derbiccan	ir_nuragic	positive	ir_scythia_g	ir_proto_european_g	group_positive	ir_scythia_g.txt
ir_deurian	ir_arcadian	positive	ir_illyrian_group_g	ir_hellenic_g	group_positive	ir_illyrian_group_g.txt
ir_deurian	ir_deraemestian	kindred	ir_illyrian_group_g	ir_illyrian_group_g	same_group_kindred	ir_illyrian_group_g.txt
ir_deurian	ir_galatian	positive	ir_illyrian_group_g	ir_celto_pannonian_group_g	group_positive	ir_illyrian_group_g.txt
ir_deurian	ir_greco_illyrian	kindred	ir_illyrian_group_g	ir_illyrian_group_g	same_group_kindred	ir_illyrian_group_g.txt
ir_deurian	ir_lucanian	positive	ir_illyrian_group_g	ir_latin_g	group_positive	ir_illyrian_group_g.txt
ir_deurian	ir_triballoi	positive	ir_illyrian_group_g	ir_thrace_group_g	group_positive	ir_illyrian_group_g.txt
ir_dhivehi	ir_cheran	positive	ir_aryan_g	ir_indian_g	group_positive	ir_aryan_g.txt
ir_dhivehi	ir_cossian	positive	ir_aryan_g	ir_persia_g	group_positive	ir_aryan_g.txt
ir_dhivehi	ir_dardic	kindred	ir_aryan_g	ir_aryan_g	same_group_kindred	ir_aryan_g.txt
ir_dhivehi	ir_gandhari	kindred	ir_aryan_g	ir_aryan_g	same_group_kindred	ir_aryan_g.txt
ir_dhivehi	ir_kalingan	positive	ir_aryan_g	ir_pracyan_g	group_positive	ir_aryan_g.txt
ir_dhivehi	ir_saka	positive	ir_aryan_g	ir_bactrian_g	group_positive	ir_aryan_g.txt
ir_dobunnian	ir_belgae	positive	ir_britannic_g	ir_belgae_group_g	group_positive	ir_britannic_g.txt
ir_dobunnian	ir_celtic_pannonian	positive	ir_britannic_g	ir_gallic_g	group_positive	ir_britannic_g.txt
ir_dobunnian	ir_demetian	kindred	ir_britannic_g	ir_britannic_g	same_group_kindred	ir_britannic_g.txt
ir_dobunnian	ir_dumnonian	kindred	ir_britannic_g	ir_britannic_g	same_group_kindred	ir_britannic_g.txt
ir_dobunnian	ir_hibernian	positive	ir_britannic_g	ir_gaelic_g	group_positive	ir_britannic_g.txt
ir_dumnonian	ir_bellovacian	positive	ir_britannic_g	ir_belgae_group_g	group_positive	ir_britannic_g.txt
ir_dumnonian	ir_cotinian	positive	ir_britannic_g	ir_gallic_g	group_positive	ir_britannic_g.txt
ir_dumnonian	ir_dobunnian	kindred	ir_britannic_g	ir_britannic_g	same_group_kindred	ir_britannic_g.txt
ir_dumnonian	ir_durotrigan	kindred	ir_britannic_g	ir_britannic_g	same_group_kindred	ir_britannic_g.txt
ir_dumnonian	ir_manavian	positive	ir_britannic_g	ir_gaelic_g	group_positive	ir_britannic_g.txt
ir_durotrigan	ir_dumnonian	kindred	ir_britannic_g	ir_britannic_g	same_group_kindred	ir_britannic_g.txt
ir_durotrigan	ir_eburonian	positive	ir_britannic_g	ir_belgae_group_g	group_positive	ir_britannic_g.txt
ir_durotrigan	ir_eravisci	positive	ir_britannic_g	ir_gallic_g	group_positive	ir_britannic_g.txt
ir_durotrigan	ir_hibernian	positive	ir_britannic_g	ir_gaelic_g	group_positive	ir_britannic_g.txt
ir_durotrigan	ir_iceni	kindred	ir_britannic_g	ir_britannic_g	same_group_kindred	ir_britannic_g.txt
ir_eburonian	ir_aulercian	positive	ir_belgae_group_g	ir_gallic_g	group_positive	ir_belgae_group_g.txt
ir_eburonian	ir_bellovacian	kindred	ir_belgae_group_g	ir_belgae_group_g	same_group_kindred	ir_belgae_group_g.txt
ir_eburonian	ir_cantian	positive	ir_belgae_group_g	ir_britannic_g	group_positive	ir_belgae_group_g.txt
ir_eburonian	ir_frisian	positive	ir_belgae_group_g	ir_germanic_g	group_positive	ir_belgae_group_g.txt
ir_eburonian	ir_morinian	kindred	ir_belgae_group_g	ir_belgae_group_g	same_group_kindred	ir_belgae_group_g.txt
ir_edetanian	ir_caristian	positive	ir_iberia_g	ir_celt_iberia_g	group_positive	ir_iberia_g.txt
ir_edetanian	ir_cetianian	positive	ir_iberia_g	ir_numidian_g	group_positive	ir_iberia_g.txt
ir_edetanian	ir_contestanian	kindred	ir_iberia_g	ir_iberia_g	same_group_kindred	ir_iberia_g.txt
ir_edetanian	ir_ilercavonian	kindred	ir_iberia_g	ir_iberia_g	same_group_kindred	ir_iberia_g.txt
ir_edetanian	ir_lucanian	positive	ir_iberia_g	ir_latin_g	group_positive	ir_iberia_g.txt
ir_egyptian	ir_abannaean	positive	ir_north_african_g	ir_numidian_g	group_positive	ir_north_african_g.txt
ir_egyptian	ir_atarantian	positive	ir_north_african_g	ir_fezzani_g	group_positive	ir_north_african_g.txt
ir_egyptian	ir_jaintia	positive	ir_north_african_g	ir_pu_g	group_positive	ir_north_african_g.txt
ir_egyptian	ir_middle_egyptian	kindred	ir_north_african_g	ir_north_african_g	same_group_kindred	ir_north_african_g.txt
ir_egyptian	ir_phoenician	positive	ir_north_african_g	ir_west_levantine_g	pair_override	ir_north_african_g.txt
ir_egyptian	ir_upper_egyptian	kindred	ir_north_african_g	ir_north_african_g	same_group_kindred	ir_north_african_g.txt
ir_elamite	ir_cilician	positive	ir_persia_g	ir_anatolian_g	group_positive	ir_persia_g.txt
ir_elamite	ir_cossian	kindred	ir_persia_g	ir_persia_g	same_group_kindred	ir_persia_g.txt
ir_elamite	ir_gandhari	positive	ir_persia_g	ir_aryan_g	group_positive	ir_persia_g.txt
ir_elamite	ir_gedrosian	kindred	ir_persia_g	ir_persia_g	same_group_kindred	ir_persia_g.txt
ir_elamite	ir_khotanese	positive	ir_persia_g	ir_scythia_g	group_positive	ir_persia_g.txt
ir_elamite	ir_shule	positive	ir_persia_g	ir_bactrian_g	group_positive	ir_persia_g.txt
ir_elesycian	ir_cotinian	positive	ir_celt_iberia_g	ir_gallic_g	group_positive	ir_celt_iberia_g.txt
ir_elesycian	ir_couneian	kindred	ir_celt_iberia_g	ir_celt_iberia_g	same_group_kindred	ir_celt_iberia_g.txt
ir_elesycian	ir_lobetanian	kindred	ir_celt_iberia_g	ir_celt_iberia_g	same_group_kindred	ir_celt_iberia_g.txt
ir_elesycian	ir_oretanian	positive	ir_celt_iberia_g	ir_iberia_g	group_positive	ir_celt_iberia_g.txt
ir_elesycian	ir_tylian	positive	ir_celt_iberia_g	ir_celto_pannonian_group_g	group_positive	ir_celt_iberia_g.txt
ir_elesycian	ir_umbrian	positive	ir_celt_iberia_g	ir_latin_g	group_positive	ir_celt_iberia_g.txt
ir_enetoian	ir_catari	positive	ir_hellenic_g	ir_illyrian_group_g	group_positive	ir_hellenic_g.txt
ir_enetoian	ir_cyrenaican	kindred	ir_hellenic_g	ir_hellenic_g	same_group_kindred	ir_hellenic_g.txt
ir_enetoian	ir_epirote	kindred	ir_hellenic_g	ir_hellenic_g	same_group_kindred	ir_hellenic_g.txt
ir_enetoian	ir_ligurian	positive	ir_hellenic_g	ir_latin_g	group_positive	ir_hellenic_g.txt
ir_enetoian	ir_oroandian	positive	ir_hellenic_g	ir_anatolian_g	group_positive	ir_hellenic_g.txt
ir_enetoian	ir_triballoi	positive	ir_hellenic_g	ir_thrace_group_g	group_positive	ir_hellenic_g.txt
ir_epirote	ir_bithynian	positive	ir_hellenic_g	ir_thrace_group_g	group_positive	ir_hellenic_g.txt
ir_epirote	ir_dardanian	positive	ir_hellenic_g	ir_illyrian_group_g	group_positive	ir_hellenic_g.txt
ir_epirote	ir_enetoian	kindred	ir_hellenic_g	ir_hellenic_g	same_group_kindred	ir_hellenic_g.txt
ir_epirote	ir_euboean	kindred	ir_hellenic_g	ir_hellenic_g	same_group_kindred	ir_hellenic_g.txt
ir_epirote	ir_lucanian	positive	ir_hellenic_g	ir_latin_g	group_positive	ir_hellenic_g.txt
ir_epirote	ir_paphlagonian	positive	ir_hellenic_g	ir_anatolian_g	group_positive	ir_hellenic_g.txt
ir_eravisci	ir_cotinian	kindred	ir_gallic_g	ir_gallic_g	same_group_kindred	ir_gallic_g.txt
ir_eravisci	ir_durotrigan	positive	ir_gallic_g	ir_britannic_g	group_positive	ir_gallic_g.txt
ir_eravisci	ir_eburonian	positive	ir_gallic_g	ir_belgae_group_g	group_positive	ir_gallic_g.txt
ir_eravisci	ir_haedui	kindred	ir_gallic_g	ir_gallic_g	same_group_kindred	ir_gallic_g.txt
ir_eravisci	ir_hibernian	positive	ir_gallic_g	ir_gaelic_g	group_positive	ir_gallic_g.txt
ir_eravisci	ir_lobetanian	positive	ir_gallic_g	ir_celt_iberia_g	group_positive	ir_gallic_g.txt
ir_erythraean	ir_daamoti	kindred	ir_aksumite_group_g	ir_aksumite_group_g	same_group_kindred	ir_aksumite_group_g.txt
ir_erythraean	ir_meroitic	positive	ir_aksumite_group_g	ir_meroitic_group_g	group_positive	ir_aksumite_group_g.txt
ir_erythraean	ir_ona	kindred	ir_aksumite_group_g	ir_aksumite_group_g	same_group_kindred	ir_aksumite_group_g.txt
ir_erythraean	ir_rhizophagian	positive	ir_aksumite_group_g	ir_nilotic_group_g	group_positive	ir_aksumite_group_g.txt
ir_erythraean	ir_sheban	positive	ir_aksumite_group_g	ir_south_arabian_g	group_positive	ir_aksumite_group_g.txt
ir_etruscan	ir_aegean	positive	ir_latin_g	ir_hellenic_g	group_positive	ir_latin_g.txt
ir_etruscan	ir_athenian	positive	ir_latin_g	ir_hellenic_g	pair_override	ir_latin_g.txt
ir_etruscan	ir_ausetanian	positive	ir_latin_g	ir_iberia_g	group_positive	ir_latin_g.txt
ir_etruscan	ir_autrigonian	positive	ir_latin_g	ir_celt_iberia_g	group_positive	ir_latin_g.txt
ir_etruscan	ir_bruttian	kindred	ir_latin_g	ir_latin_g	same_group_kindred	ir_latin_g.txt
ir_etruscan	ir_catari	positive	ir_latin_g	ir_illyrian_group_g	group_positive	ir_latin_g.txt
ir_etruscan	ir_histrian	kindred	ir_latin_g	ir_latin_g	same_group_kindred	ir_latin_g.txt
ir_euboean	ir_deraemestian	positive	ir_hellenic_g	ir_illyrian_group_g	group_positive	ir_hellenic_g.txt
ir_euboean	ir_epirote	kindred	ir_hellenic_g	ir_hellenic_g	same_group_kindred	ir_hellenic_g.txt
ir_euboean	ir_greco_indian	kindred	ir_hellenic_g	ir_hellenic_g	same_group_kindred	ir_hellenic_g.txt
ir_euboean	ir_mariandynian	positive	ir_hellenic_g	ir_thrace_group_g	group_positive	ir_hellenic_g.txt
ir_euboean	ir_phrygian	positive	ir_hellenic_g	ir_anatolian_g	group_positive	ir_hellenic_g.txt
ir_euboean	ir_rhaetian	positive	ir_hellenic_g	ir_latin_g	group_positive	ir_hellenic_g.txt
ir_fennic	ir_androphagian	kindred	ir_finnic_group_g	ir_finnic_group_g	same_group_kindred	ir_finnic_group_g.txt
ir_fennic	ir_bastarnae	positive	ir_finnic_group_g	ir_germanic_g	group_positive	ir_finnic_group_g.txt
ir_fennic	ir_budinian	positive	ir_finnic_group_g	ir_baltic_g	group_positive	ir_finnic_group_g.txt
ir_fennic	ir_mordvin	kindred	ir_finnic_group_g	ir_finnic_group_g	same_group_kindred	ir_finnic_group_g.txt
ir_frisian	ir_cimbrian	kindred	ir_germanic_g	ir_germanic_g	same_group_kindred	ir_germanic_g.txt
ir_frisian	ir_corsian	positive	ir_germanic_g	ir_proto_european_g	group_positive	ir_germanic_g.txt
ir_frisian	ir_eburonian	positive	ir_germanic_g	ir_belgae_group_g	group_positive	ir_germanic_g.txt
ir_frisian	ir_gothonic	kindred	ir_germanic_g	ir_germanic_g	same_group_kindred	ir_germanic_g.txt
ir_frisian	ir_melanchlaenian	positive	ir_germanic_g	ir_baltic_g	group_positive	ir_germanic_g.txt
ir_frisian	ir_volgaic	positive	ir_germanic_g	ir_finnic_group_g	group_positive	ir_germanic_g.txt
ir_gaetulian	ir_daphnitaean	kindred	ir_numidian_g	ir_numidian_g	same_group_kindred	ir_numidian_g.txt
ir_gaetulian	ir_ilergetian	positive	ir_numidian_g	ir_iberia_g	group_positive	ir_numidian_g.txt
ir_gaetulian	ir_lixitoi	kindred	ir_numidian_g	ir_numidian_g	same_group_kindred	ir_numidian_g.txt
ir_gaetulian	ir_lotophagoi	positive	ir_numidian_g	ir_fezzani_g	group_positive	ir_numidian_g.txt
ir_gaetulian	ir_mon	positive	ir_numidian_g	ir_pu_g	group_positive	ir_numidian_g.txt
ir_gaetulian	ir_oasis_egyptian	positive	ir_numidian_g	ir_north_african_g	group_positive	ir_numidian_g.txt
ir_galatian	ir_abrian	positive	ir_celto_pannonian_group_g	ir_illyrian_group_g	group_positive	ir_celto_pannonian_group_g.txt
ir_galatian	ir_asturian	positive	ir_celto_pannonian_group_g	ir_celt_iberia_g	group_positive	ir_celto_pannonian_group_g.txt
ir_galatian	ir_tylian	kindred	ir_celto_pannonian_group_g	ir_celto_pannonian_group_g	same_group_kindred	ir_celto_pannonian_group_g.txt
ir_gandhari	ir_cholan	positive	ir_aryan_g	ir_indian_g	group_positive	ir_aryan_g.txt
ir_gandhari	ir_dhivehi	kindred	ir_aryan_g	ir_aryan_g	same_group_kindred	ir_aryan_g.txt
ir_gandhari	ir_elamite	positive	ir_aryan_g	ir_persia_g	group_positive	ir_aryan_g.txt
ir_gandhari	ir_kaccha	kindred	ir_aryan_g	ir_aryan_g	same_group_kindred	ir_aryan_g.txt
ir_gandhari	ir_kamarupi	positive	ir_aryan_g	ir_pracyan_g	group_positive	ir_aryan_g.txt
ir_gandhari	ir_shule	positive	ir_aryan_g	ir_bactrian_g	group_positive	ir_aryan_g.txt
ir_garamantic	ir_berber	kindred	ir_fezzani_g	ir_fezzani_g	same_group_kindred	ir_fezzani_g.txt
ir_garamantic	ir_capariensian	positive	ir_fezzani_g	ir_numidian_g	group_positive	ir_fezzani_g.txt
ir_garamantic	ir_gyzantian	kindred	ir_fezzani_g	ir_fezzani_g	same_group_kindred	ir_fezzani_g.txt
ir_garamantic	ir_kindite	positive	ir_fezzani_g	ir_south_arabian_g	group_positive	ir_fezzani_g.txt
ir_garamantic	ir_upper_egyptian	positive	ir_fezzani_g	ir_north_african_g	group_positive	ir_fezzani_g.txt
ir_gedrosian	ir_elamite	kindred	ir_persia_g	ir_persia_g	same_group_kindred	ir_persia_g.txt
ir_gedrosian	ir_hyrcanian	kindred	ir_persia_g	ir_persia_g	same_group_kindred	ir_persia_g.txt
ir_gedrosian	ir_isaurian	positive	ir_persia_g	ir_anatolian_g	group_positive	ir_persia_g.txt
ir_gedrosian	ir_kaccha	positive	ir_persia_g	ir_aryan_g	group_positive	ir_persia_g.txt
ir_gedrosian	ir_massagetaean	positive	ir_persia_g	ir_scythia_g	group_positive	ir_persia_g.txt
ir_gedrosian	ir_sogdian	positive	ir_persia_g	ir_bactrian_g	group_positive	ir_persia_g.txt
ir_gelaean	ir_cilician	positive	ir_caucasian_g	ir_anatolian_g	group_positive	ir_caucasian_g.txt
ir_gelaean	ir_colchian	kindred	ir_caucasian_g	ir_caucasian_g	same_group_kindred	ir_caucasian_g.txt
ir_gelaean	ir_ibero	kindred	ir_caucasian_g	ir_caucasian_g	same_group_kindred	ir_caucasian_g.txt
ir_gelonian	ir_cimmerian	kindred	ir_scythian_east_g	ir_scythian_east_g	same_group_kindred	ir_scythian_east_g.txt
ir_gelonian	ir_jurcan	positive	ir_scythian_east_g	ir_scythia_g	group_positive	ir_scythian_east_g.txt
ir_gelonian	ir_phryni	positive	ir_scythian_east_g	ir_bactrian_g	group_positive	ir_scythian_east_g.txt
ir_gelonian	ir_sarmatian	kindred	ir_scythian_east_g	ir_scythian_east_g	same_group_kindred	ir_scythian_east_g.txt
ir_gelonian	ir_talaiotic	positive	ir_scythian_east_g	ir_proto_european_g	group_positive	ir_scythian_east_g.txt
ir_gerrhan	ir_adite	positive	ir_south_levantine_g	ir_south_arabian_g	group_positive	ir_south_levantine_g.txt
ir_gerrhan	ir_aramaic	positive	ir_south_levantine_g	ir_east_levantine_g	group_positive	ir_south_levantine_g.txt
ir_gerrhan	ir_carthaginian	positive	ir_south_levantine_g	ir_west_levantine_g	group_positive	ir_south_levantine_g.txt
ir_gerrhan	ir_jaintia	positive	ir_south_levantine_g	ir_pu_g	group_positive	ir_south_levantine_g.txt
ir_gerrhan	ir_makan	kindred	ir_south_levantine_g	ir_south_levantine_g	same_group_kindred	ir_south_levantine_g.txt
ir_gerrhan	ir_yamama	kindred	ir_south_levantine_g	ir_south_levantine_g	same_group_kindred	ir_south_levantine_g.txt
ir_getian	ir_dacian	kindred	ir_dacia_group_g	ir_dacia_group_g	same_group_kindred	ir_dacia_group_g.txt
ir_getian	ir_harpii	kindred	ir_dacia_group_g	ir_dacia_group_g	same_group_kindred	ir_dacia_group_g.txt
ir_gothonic	ir_androphagian	positive	ir_germanic_g	ir_finnic_group_g	group_positive	ir_germanic_g.txt
ir_gothonic	ir_frisian	kindred	ir_germanic_g	ir_germanic_g	same_group_kindred	ir_germanic_g.txt
ir_gothonic	ir_gutones	kindred	ir_germanic_g	ir_germanic_g	same_group_kindred	ir_germanic_g.txt
ir_gothonic	ir_morinian	positive	ir_germanic_g	ir_belgae_group_g	group_positive	ir_germanic_g.txt
ir_gothonic	ir_neuric	positive	ir_germanic_g	ir_baltic_g	group_positive	ir_germanic_g.txt
ir_gothonic	ir_nuragic	positive	ir_germanic_g	ir_proto_european_g	group_positive	ir_germanic_g.txt
ir_greco_illyrian	ir_argolian	positive	ir_illyrian_group_g	ir_hellenic_g	group_positive	ir_illyrian_group_g.txt
ir_greco_illyrian	ir_bithynian	positive	ir_illyrian_group_g	ir_thrace_group_g	group_positive	ir_illyrian_group_g.txt
ir_greco_illyrian	ir_deurian	kindred	ir_illyrian_group_g	ir_illyrian_group_g	same_group_kindred	ir_illyrian_group_g.txt
ir_greco_illyrian	ir_iapodian	kindred	ir_illyrian_group_g	ir_illyrian_group_g	same_group_kindred	ir_illyrian_group_g.txt
ir_greco_illyrian	ir_rhaetian	positive	ir_illyrian_group_g	ir_latin_g	group_positive	ir_illyrian_group_g.txt
ir_greco_illyrian	ir_tylian	positive	ir_illyrian_group_g	ir_celto_pannonian_group_g	group_positive	ir_illyrian_group_g.txt
ir_greco_indian	ir_deurian	positive	ir_hellenic_g	ir_illyrian_group_g	group_positive	ir_hellenic_g.txt
ir_greco_indian	ir_euboean	kindred	ir_hellenic_g	ir_hellenic_g	same_group_kindred	ir_hellenic_g.txt
ir_greco_indian	ir_greco_pontic	kindred	ir_hellenic_g	ir_hellenic_g	same_group_kindred	ir_hellenic_g.txt
ir_greco_indian	ir_moesi	positive	ir_hellenic_g	ir_thrace_group_g	group_positive	ir_hellenic_g.txt
ir_greco_indian	ir_pisidian	positive	ir_hellenic_g	ir_anatolian_g	group_positive	ir_hellenic_g.txt
ir_greco_indian	ir_roman	positive	ir_hellenic_g	ir_latin_g	group_positive	ir_hellenic_g.txt
ir_greco_pontic	ir_armenian	positive	ir_hellenic_g	ir_anatolian_g	group_positive	ir_hellenic_g.txt
ir_greco_pontic	ir_greco_illyrian	positive	ir_hellenic_g	ir_illyrian_group_g	group_positive	ir_hellenic_g.txt
ir_greco_pontic	ir_greco_indian	kindred	ir_hellenic_g	ir_hellenic_g	same_group_kindred	ir_hellenic_g.txt
ir_greco_pontic	ir_hellenistic	kindred	ir_hellenic_g	ir_hellenic_g	same_group_kindred	ir_hellenic_g.txt
ir_greco_pontic	ir_odrysi	positive	ir_hellenic_g	ir_thrace_group_g	group_positive	ir_hellenic_g.txt
ir_greco_pontic	ir_samnite	positive	ir_hellenic_g	ir_latin_g	group_positive	ir_hellenic_g.txt
ir_gutones	ir_fennic	positive	ir_germanic_g	ir_finnic_group_g	group_positive	ir_germanic_g.txt
ir_gutones	ir_gothonic	kindred	ir_germanic_g	ir_germanic_g	same_group_kindred	ir_germanic_g.txt
ir_gutones	ir_helveconian	kindred	ir_germanic_g	ir_germanic_g	same_group_kindred	ir_germanic_g.txt
ir_gutones	ir_nervian	positive	ir_germanic_g	ir_belgae_group_g	group_positive	ir_germanic_g.txt
ir_gutones	ir_sporic	positive	ir_germanic_g	ir_baltic_g	group_positive	ir_germanic_g.txt
ir_gutones	ir_talaiotic	positive	ir_germanic_g	ir_proto_european_g	group_positive	ir_germanic_g.txt
ir_gyzantian	ir_cetianian	positive	ir_fezzani_g	ir_numidian_g	group_positive	ir_fezzani_g.txt
ir_gyzantian	ir_egyptian	positive	ir_fezzani_g	ir_north_african_g	group_positive	ir_fezzani_g.txt
ir_gyzantian	ir_garamantic	kindred	ir_fezzani_g	ir_fezzani_g	same_group_kindred	ir_fezzani_g.txt
ir_gyzantian	ir_libyan	kindred	ir_fezzani_g	ir_fezzani_g	same_group_kindred	ir_fezzani_g.txt
ir_gyzantian	ir_minaean	positive	ir_fezzani_g	ir_south_arabian_g	group_positive	ir_fezzani_g.txt
ir_hadhrami	ir_adite	kindred	ir_south_arabian_g	ir_south_arabian_g	same_group_kindred	ir_south_arabian_g.txt
ir_hadhrami	ir_athagaun	positive	ir_south_arabian_g	ir_aksumite_group_g	group_positive	ir_south_arabian_g.txt
ir_hadhrami	ir_atlantean	positive	ir_south_arabian_g	ir_fezzani_g	group_positive	ir_south_arabian_g.txt
ir_hadhrami	ir_himjar	kindred	ir_south_arabian_g	ir_south_arabian_g	same_group_kindred	ir_south_arabian_g.txt
ir_hadhrami	ir_makan	positive	ir_south_arabian_g	ir_south_levantine_g	group_positive	ir_south_arabian_g.txt
ir_hadhrami	ir_puntic	positive	ir_south_arabian_g	ir_aksumite_group_g	pair_override	ir_south_arabian_g.txt
ir_haedui	ir_eravisci	kindred	ir_gallic_g	ir_gallic_g	same_group_kindred	ir_gallic_g.txt
ir_haedui	ir_helvetian	kindred	ir_gallic_g	ir_gallic_g	same_group_kindred	ir_gallic_g.txt
ir_haedui	ir_iceni	positive	ir_gallic_g	ir_britannic_g	group_positive	ir_gallic_g.txt
ir_haedui	ir_lusitanian	positive	ir_gallic_g	ir_celt_iberia_g	group_positive	ir_gallic_g.txt
ir_haedui	ir_manavian	positive	ir_gallic_g	ir_gaelic_g	group_positive	ir_gallic_g.txt
ir_haedui	ir_morinian	positive	ir_gallic_g	ir_belgae_group_g	group_positive	ir_gallic_g.txt
ir_harpii	ir_getian	kindred	ir_dacia_group_g	ir_dacia_group_g	same_group_kindred	ir_dacia_group_g.txt
ir_harpii	ir_ratacensi	kindred	ir_dacia_group_g	ir_dacia_group_g	same_group_kindred	ir_dacia_group_g.txt
ir_hebrew	ir_aramaic	positive	ir_west_levantine_g	ir_east_levantine_g	pair_override	ir_west_levantine_g.txt
ir_hebrew	ir_assyrian	positive	ir_west_levantine_g	ir_east_levantine_g	group_positive	ir_west_levantine_g.txt
ir_hebrew	ir_carthaginian	kindred	ir_west_levantine_g	ir_west_levantine_g	same_group_kindred	ir_west_levantine_g.txt
ir_hebrew	ir_makan	positive	ir_west_levantine_g	ir_south_levantine_g	group_positive	ir_west_levantine_g.txt
ir_hebrew	ir_mon	positive	ir_west_levantine_g	ir_pu_g	group_positive	ir_west_levantine_g.txt
ir_hebrew	ir_phoenician	positive	ir_west_levantine_g	ir_west_levantine_g	pair_override	ir_west_levantine_g.txt
ir_hellenistic	ir_cabalian	positive	ir_hellenic_g	ir_anatolian_g	group_positive	ir_hellenic_g.txt
ir_hellenistic	ir_greco_pontic	kindred	ir_hellenic_g	ir_hellenic_g	same_group_kindred	ir_hellenic_g.txt
ir_hellenistic	ir_iapodian	positive	ir_hellenic_g	ir_illyrian_group_g	group_positive	ir_hellenic_g.txt
ir_hellenistic	ir_ionian	kindred	ir_hellenic_g	ir_hellenic_g	same_group_kindred	ir_hellenic_g.txt
ir_hellenistic	ir_siculian	positive	ir_hellenic_g	ir_latin_g	group_positive	ir_hellenic_g.txt
ir_hellenistic	ir_triballoi	positive	ir_hellenic_g	ir_thrace_group_g	group_positive	ir_hellenic_g.txt
ir_helveconian	ir_aestian	positive	ir_germanic_g	ir_baltic_g	group_positive	ir_germanic_g.txt
ir_helveconian	ir_corsian	positive	ir_germanic_g	ir_proto_european_g	group_positive	ir_germanic_g.txt
ir_helveconian	ir_gutones	kindred	ir_germanic_g	ir_germanic_g	same_group_kindred	ir_germanic_g.txt
ir_helveconian	ir_herulian	kindred	ir_germanic_g	ir_germanic_g	same_group_kindred	ir_germanic_g.txt
ir_helveconian	ir_mordvin	positive	ir_germanic_g	ir_finnic_group_g	group_positive	ir_germanic_g.txt
ir_helveconian	ir_veliocassian	positive	ir_germanic_g	ir_belgae_group_g	group_positive	ir_germanic_g.txt
ir_helvetian	ir_haedui	kindred	ir_gallic_g	ir_gallic_g	same_group_kindred	ir_gallic_g.txt
ir_helvetian	ir_hibernian	positive	ir_gallic_g	ir_gaelic_g	group_positive	ir_gallic_g.txt
ir_helvetian	ir_ivernian	positive	ir_gallic_g	ir_britannic_g	group_positive	ir_gallic_g.txt
ir_helvetian	ir_lemovician	kindred	ir_gallic_g	ir_gallic_g	same_group_kindred	ir_gallic_g.txt
ir_helvetian	ir_nervian	positive	ir_gallic_g	ir_belgae_group_g	group_positive	ir_gallic_g.txt
ir_helvetian	ir_oppidanian	positive	ir_gallic_g	ir_celt_iberia_g	group_positive	ir_gallic_g.txt
ir_herulian	ir_aduatacian	positive	ir_germanic_g	ir_belgae_group_g	group_positive	ir_germanic_g.txt
ir_herulian	ir_budinian	positive	ir_germanic_g	ir_baltic_g	group_positive	ir_germanic_g.txt
ir_herulian	ir_helveconian	kindred	ir_germanic_g	ir_germanic_g	same_group_kindred	ir_germanic_g.txt
ir_herulian	ir_indo_germanic	kindred	ir_germanic_g	ir_germanic_g	same_group_kindred	ir_germanic_g.txt
ir_herulian	ir_nuragic	positive	ir_germanic_g	ir_proto_european_g	group_positive	ir_germanic_g.txt
ir_herulian	ir_volgaic	positive	ir_germanic_g	ir_finnic_group_g	group_positive	ir_germanic_g.txt
ir_hibernian	ir_allobrogian	positive	ir_gaelic_g	ir_gallic_g	group_positive	ir_gaelic_g.txt
ir_hibernian	ir_brigantic	positive	ir_gaelic_g	ir_britannic_g	group_positive	ir_gaelic_g.txt
ir_hibernian	ir_manavian	kindred	ir_gaelic_g	ir_gaelic_g	same_group_kindred	ir_gaelic_g.txt
ir_himalayan	ir_assaka	positive	ir_pracyan_g	ir_indian_g	group_positive	ir_pracyan_g.txt
ir_himalayan	ir_bangli	kindred	ir_pracyan_g	ir_pracyan_g	same_group_kindred	ir_pracyan_g.txt
ir_himalayan	ir_dardic	positive	ir_pracyan_g	ir_aryan_g	group_positive	ir_pracyan_g.txt
ir_himalayan	ir_kalingan	kindred	ir_pracyan_g	ir_pracyan_g	same_group_kindred	ir_pracyan_g.txt
ir_himalayan	ir_qin	positive	ir_pracyan_g	ir_chinese_g	group_positive	ir_pracyan_g.txt
ir_himalayan	ir_tsang	positive	ir_pracyan_g	ir_tibetan_g	group_positive	ir_pracyan_g.txt
ir_himjar	ir_avalitian	positive	ir_south_arabian_g	ir_aksumite_group_g	group_positive	ir_south_arabian_g.txt
ir_himjar	ir_berber	positive	ir_south_arabian_g	ir_fezzani_g	group_positive	ir_south_arabian_g.txt
ir_himjar	ir_hadhrami	kindred	ir_south_arabian_g	ir_south_arabian_g	same_group_kindred	ir_south_arabian_g.txt
ir_himjar	ir_kindite	kindred	ir_south_arabian_g	ir_south_arabian_g	same_group_kindred	ir_south_arabian_g.txt
ir_himjar	ir_nabatean	positive	ir_south_arabian_g	ir_south_levantine_g	group_positive	ir_south_arabian_g.txt
ir_histrian	ir_aeolian	positive	ir_latin_g	ir_hellenic_g	group_positive	ir_latin_g.txt
ir_histrian	ir_bastetanian	positive	ir_latin_g	ir_iberia_g	group_positive	ir_latin_g.txt
ir_histrian	ir_callaecian	positive	ir_latin_g	ir_celt_iberia_g	group_positive	ir_latin_g.txt
ir_histrian	ir_dardanian	positive	ir_latin_g	ir_illyrian_group_g	group_positive	ir_latin_g.txt
ir_histrian	ir_etruscan	kindred	ir_latin_g	ir_latin_g	same_group_kindred	ir_latin_g.txt
ir_histrian	ir_ligurian	kindred	ir_latin_g	ir_latin_g	same_group_kindred	ir_latin_g.txt
ir_hyrcanian	ir_gedrosian	kindred	ir_persia_g	ir_persia_g	same_group_kindred	ir_persia_g.txt
ir_hyrcanian	ir_kennataian	positive	ir_persia_g	ir_anatolian_g	group_positive	ir_persia_g.txt
ir_hyrcanian	ir_kosala	positive	ir_persia_g	ir_aryan_g	group_positive	ir_persia_g.txt
ir_hyrcanian	ir_median	kindred	ir_persia_g	ir_persia_g	same_group_kindred	ir_persia_g.txt
ir_hyrcanian	ir_sakan	positive	ir_persia_g	ir_scythia_g	group_positive	ir_persia_g.txt
ir_hyrcanian	ir_tayuan	positive	ir_persia_g	ir_bactrian_g	group_positive	ir_persia_g.txt
ir_iapodian	ir_athenian	positive	ir_illyrian_group_g	ir_hellenic_g	group_positive	ir_illyrian_group_g.txt
ir_iapodian	ir_galatian	positive	ir_illyrian_group_g	ir_celto_pannonian_group_g	group_positive	ir_illyrian_group_g.txt
ir_iapodian	ir_greco_illyrian	kindred	ir_illyrian_group_g	ir_illyrian_group_g	same_group_kindred	ir_illyrian_group_g.txt
ir_iapodian	ir_liburnian	kindred	ir_illyrian_group_g	ir_illyrian_group_g	same_group_kindred	ir_illyrian_group_g.txt
ir_iapodian	ir_mariandynian	positive	ir_illyrian_group_g	ir_thrace_group_g	group_positive	ir_illyrian_group_g.txt
ir_iapodian	ir_roman	positive	ir_illyrian_group_g	ir_latin_g	group_positive	ir_illyrian_group_g.txt
ir_ibero	ir_gelaean	kindred	ir_caucasian_g	ir_caucasian_g	same_group_kindred	ir_caucasian_g.txt
ir_ibero	ir_isaurian	positive	ir_caucasian_g	ir_anatolian_g	group_positive	ir_caucasian_g.txt
ir_ibero	ir_lazi	kindred	ir_caucasian_g	ir_caucasian_g	same_group_kindred	ir_caucasian_g.txt
ir_iceni	ir_durotrigan	kindred	ir_britannic_g	ir_britannic_g	same_group_kindred	ir_britannic_g.txt
ir_iceni	ir_haedui	positive	ir_britannic_g	ir_gallic_g	group_positive	ir_britannic_g.txt
ir_iceni	ir_ivernian	kindred	ir_britannic_g	ir_britannic_g	same_group_kindred	ir_britannic_g.txt
ir_iceni	ir_manavian	positive	ir_britannic_g	ir_gaelic_g	group_positive	ir_britannic_g.txt
ir_iceni	ir_morinian	positive	ir_britannic_g	ir_belgae_group_g	group_positive	ir_britannic_g.txt
ir_ilercavonian	ir_carpetanian	positive	ir_iberia_g	ir_celt_iberia_g	group_positive	ir_iberia_g.txt
ir_ilercavonian	ir_daphnitaean	positive	ir_iberia_g	ir_numidian_g	group_positive	ir_iberia_g.txt
ir_ilercavonian	ir_edetanian	kindred	ir_iberia_g	ir_iberia_g	same_group_kindred	ir_iberia_g.txt
ir_ilercavonian	ir_ilergetian	kindred	ir_iberia_g	ir_iberia_g	same_group_kindred	ir_iberia_g.txt
ir_ilercavonian	ir_rhaetian	positive	ir_iberia_g	ir_latin_g	group_positive	ir_iberia_g.txt
ir_ilergetian	ir_celtiberian	positive	ir_iberia_g	ir_celt_iberia_g	group_positive	ir_iberia_g.txt
ir_ilergetian	ir_gaetulian	positive	ir_iberia_g	ir_numidian_g	group_positive	ir_iberia_g.txt
ir_ilergetian	ir_ilercavonian	kindred	ir_iberia_g	ir_iberia_g	same_group_kindred	ir_iberia_g.txt
ir_ilergetian	ir_indiketian	kindred	ir_iberia_g	ir_iberia_g	same_group_kindred	ir_iberia_g.txt
ir_ilergetian	ir_roman	positive	ir_iberia_g	ir_latin_g	group_positive	ir_iberia_g.txt
ir_indiketian	ir_celtician	positive	ir_iberia_g	ir_celt_iberia_g	group_positive	ir_iberia_g.txt
ir_indiketian	ir_ilergetian	kindred	ir_iberia_g	ir_iberia_g	same_group_kindred	ir_iberia_g.txt
ir_indiketian	ir_lacetanian	kindred	ir_iberia_g	ir_iberia_g	same_group_kindred	ir_iberia_g.txt
ir_indiketian	ir_lixitoi	positive	ir_iberia_g	ir_numidian_g	group_positive	ir_iberia_g.txt
ir_indiketian	ir_samnite	positive	ir_iberia_g	ir_latin_g	group_positive	ir_iberia_g.txt
ir_indo_germanic	ir_androphagian	positive	ir_germanic_g	ir_finnic_group_g	group_positive	ir_germanic_g.txt
ir_indo_germanic	ir_belgae	positive	ir_germanic_g	ir_belgae_group_g	group_positive	ir_germanic_g.txt
ir_indo_germanic	ir_chernolian	positive	ir_germanic_g	ir_baltic_g	group_positive	ir_germanic_g.txt
ir_indo_germanic	ir_herulian	kindred	ir_germanic_g	ir_germanic_g	same_group_kindred	ir_germanic_g.txt
ir_indo_germanic	ir_ingvaeonic	kindred	ir_germanic_g	ir_germanic_g	same_group_kindred	ir_germanic_g.txt
ir_indo_germanic	ir_talaiotic	positive	ir_germanic_g	ir_proto_european_g	group_positive	ir_germanic_g.txt
ir_ingvaeonic	ir_bellovacian	positive	ir_germanic_g	ir_belgae_group_g	group_positive	ir_germanic_g.txt
ir_ingvaeonic	ir_corsian	positive	ir_germanic_g	ir_proto_european_g	group_positive	ir_germanic_g.txt
ir_ingvaeonic	ir_fennic	positive	ir_germanic_g	ir_finnic_group_g	group_positive	ir_germanic_g.txt
ir_ingvaeonic	ir_indo_germanic	kindred	ir_germanic_g	ir_germanic_g	same_group_kindred	ir_germanic_g.txt
ir_ingvaeonic	ir_irminonic	kindred	ir_germanic_g	ir_germanic_g	same_group_kindred	ir_germanic_g.txt
ir_ingvaeonic	ir_melanchlaenian	positive	ir_germanic_g	ir_baltic_g	group_positive	ir_germanic_g.txt
ir_ionian	ir_bithynian	positive	ir_hellenic_g	ir_thrace_group_g	group_positive	ir_hellenic_g.txt
ir_ionian	ir_cappadocian	positive	ir_hellenic_g	ir_anatolian_g	group_positive	ir_hellenic_g.txt
ir_ionian	ir_hellenistic	kindred	ir_hellenic_g	ir_hellenic_g	same_group_kindred	ir_hellenic_g.txt
ir_ionian	ir_italiotian	kindred	ir_hellenic_g	ir_hellenic_g	same_group_kindred	ir_hellenic_g.txt
ir_ionian	ir_liburnian	positive	ir_hellenic_g	ir_illyrian_group_g	group_positive	ir_hellenic_g.txt
ir_ionian	ir_umbrian	positive	ir_hellenic_g	ir_latin_g	group_positive	ir_hellenic_g.txt
ir_irminonic	ir_eburonian	positive	ir_germanic_g	ir_belgae_group_g	group_positive	ir_germanic_g.txt
ir_irminonic	ir_ingvaeonic	kindred	ir_germanic_g	ir_germanic_g	same_group_kindred	ir_germanic_g.txt
ir_irminonic	ir_istvaeonic	kindred	ir_germanic_g	ir_germanic_g	same_group_kindred	ir_germanic_g.txt
ir_irminonic	ir_mordvin	positive	ir_germanic_g	ir_finnic_group_g	group_positive	ir_germanic_g.txt
ir_irminonic	ir_neuric	positive	ir_germanic_g	ir_baltic_g	group_positive	ir_germanic_g.txt
ir_irminonic	ir_nuragic	positive	ir_germanic_g	ir_proto_european_g	group_positive	ir_germanic_g.txt
ir_isaurian	ir_argolian	positive	ir_anatolian_g	ir_hellenic_g	group_positive	ir_anatolian_g.txt
ir_isaurian	ir_cilician	kindred	ir_anatolian_g	ir_anatolian_g	same_group_kindred	ir_anatolian_g.txt
ir_isaurian	ir_gedrosian	positive	ir_anatolian_g	ir_persia_g	group_positive	ir_anatolian_g.txt
ir_isaurian	ir_ibero	positive	ir_anatolian_g	ir_caucasian_g	group_positive	ir_anatolian_g.txt
ir_isaurian	ir_kennataian	kindred	ir_anatolian_g	ir_anatolian_g	same_group_kindred	ir_anatolian_g.txt
ir_istvaeonic	ir_irminonic	kindred	ir_germanic_g	ir_germanic_g	same_group_kindred	ir_germanic_g.txt
ir_istvaeonic	ir_lemovian	kindred	ir_germanic_g	ir_germanic_g	same_group_kindred	ir_germanic_g.txt
ir_istvaeonic	ir_morinian	positive	ir_germanic_g	ir_belgae_group_g	group_positive	ir_germanic_g.txt
ir_istvaeonic	ir_sporic	positive	ir_germanic_g	ir_baltic_g	group_positive	ir_germanic_g.txt
ir_istvaeonic	ir_talaiotic	positive	ir_germanic_g	ir_proto_european_g	group_positive	ir_germanic_g.txt
ir_istvaeonic	ir_volgaic	positive	ir_germanic_g	ir_finnic_group_g	group_positive	ir_germanic_g.txt
ir_italiotian	ir_cataonian	positive	ir_hellenic_g	ir_anatolian_g	group_positive	ir_hellenic_g.txt
ir_italiotian	ir_ionian	kindred	ir_hellenic_g	ir_hellenic_g	same_group_kindred	ir_hellenic_g.txt
ir_italiotian	ir_liburnian_culture	positive	ir_hellenic_g	ir_illyrian_group_g	group_positive	ir_hellenic_g.txt
ir_italiotian	ir_macedonian	kindred	ir_hellenic_g	ir_hellenic_g	same_group_kindred	ir_hellenic_g.txt
ir_italiotian	ir_mariandynian	positive	ir_hellenic_g	ir_thrace_group_g	group_positive	ir_hellenic_g.txt
ir_italiotian	ir_venetic	positive	ir_hellenic_g	ir_latin_g	group_positive	ir_hellenic_g.txt
ir_ivernian	ir_helvetian	positive	ir_britannic_g	ir_gallic_g	group_positive	ir_britannic_g.txt
ir_ivernian	ir_hibernian	positive	ir_britannic_g	ir_gaelic_g	group_positive	ir_britannic_g.txt
ir_ivernian	ir_iceni	kindred	ir_britannic_g	ir_britannic_g	same_group_kindred	ir_britannic_g.txt
ir_ivernian	ir_monapian	kindred	ir_britannic_g	ir_britannic_g	same_group_kindred	ir_britannic_g.txt
ir_ivernian	ir_nervian	positive	ir_britannic_g	ir_belgae_group_g	group_positive	ir_britannic_g.txt
ir_jaintia	ir_abannaean	positive	ir_pu_g	ir_numidian_g	group_positive	ir_pu_g.txt
ir_jaintia	ir_aramaic	positive	ir_pu_g	ir_east_levantine_g	group_positive	ir_pu_g.txt
ir_jaintia	ir_carthaginian	positive	ir_pu_g	ir_west_levantine_g	group_positive	ir_pu_g.txt
ir_jaintia	ir_egyptian	positive	ir_pu_g	ir_north_african_g	group_positive	ir_pu_g.txt
ir_jaintia	ir_gerrhan	positive	ir_pu_g	ir_south_levantine_g	group_positive	ir_pu_g.txt
ir_jaintia	ir_mon	kindred	ir_pu_g	ir_pu_g	same_group_kindred	ir_pu_g.txt
ir_jaintia	ir_shan	kindred	ir_pu_g	ir_pu_g	same_group_kindred	ir_pu_g.txt
ir_jurcan	ir_carmanian	positive	ir_scythia_g	ir_persia_g	group_positive	ir_scythia_g.txt
ir_jurcan	ir_derbiccan	kindred	ir_scythia_g	ir_scythia_g	same_group_kindred	ir_scythia_g.txt
ir_jurcan	ir_gelonian	positive	ir_scythia_g	ir_scythian_east_g	group_positive	ir_scythia_g.txt
ir_jurcan	ir_kharesmian	kindred	ir_scythia_g	ir_scythia_g	same_group_kindred	ir_scythia_g.txt
ir_jurcan	ir_talaiotic	positive	ir_scythia_g	ir_proto_european_g	group_positive	ir_scythia_g.txt
ir_kaccha	ir_gandhari	kindred	ir_aryan_g	ir_aryan_g	same_group_kindred	ir_aryan_g.txt
ir_kaccha	ir_gedrosian	positive	ir_aryan_g	ir_persia_g	group_positive	ir_aryan_g.txt
ir_kaccha	ir_kannadan	positive	ir_aryan_g	ir_indian_g	group_positive	ir_aryan_g.txt
ir_kaccha	ir_kasi	positive	ir_aryan_g	ir_pracyan_g	group_positive	ir_aryan_g.txt
ir_kaccha	ir_kosala	kindred	ir_aryan_g	ir_aryan_g	same_group_kindred	ir_aryan_g.txt
ir_kaccha	ir_sogdian	positive	ir_aryan_g	ir_bactrian_g	group_positive	ir_aryan_g.txt
ir_kalingan	ir_cheran	positive	ir_pracyan_g	ir_indian_g	group_positive	ir_pracyan_g.txt
ir_kalingan	ir_dhivehi	positive	ir_pracyan_g	ir_aryan_g	group_positive	ir_pracyan_g.txt
ir_kalingan	ir_himalayan	kindred	ir_pracyan_g	ir_pracyan_g	same_group_kindred	ir_pracyan_g.txt
ir_kalingan	ir_kamarupi	kindred	ir_pracyan_g	ir_pracyan_g	same_group_kindred	ir_pracyan_g.txt
ir_kalingan	ir_qin	positive	ir_pracyan_g	ir_chinese_g	group_positive	ir_pracyan_g.txt
ir_kalingan	ir_yarlung	positive	ir_pracyan_g	ir_tibetan_g	group_positive	ir_pracyan_g.txt
ir_kamarupi	ir_cholan	positive	ir_pracyan_g	ir_indian_g	group_positive	ir_pracyan_g.txt
ir_kamarupi	ir_gandhari	positive	ir_pracyan_g	ir_aryan_g	group_positive	ir_pracyan_g.txt
ir_kamarupi	ir_kalingan	kindred	ir_pracyan_g	ir_pracyan_g	same_group_kindred	ir_pracyan_g.txt
ir_kamarupi	ir_kasi	kindred	ir_pracyan_g	ir_pracyan_g	same_group_kindred	ir_pracyan_g.txt
ir_kamarupi	ir_qin	positive	ir_pracyan_g	ir_chinese_g	group_positive	ir_pracyan_g.txt
ir_kamarupi	ir_zhangzhung	positive	ir_pracyan_g	ir_tibetan_g	group_positive	ir_pracyan_g.txt
ir_kannadan	ir_cholan	kindred	ir_indian_g	ir_indian_g	same_group_kindred	ir_indian_g.txt
ir_kannadan	ir_kaccha	positive	ir_indian_g	ir_aryan_g	group_positive	ir_indian_g.txt
ir_kannadan	ir_kasi	positive	ir_indian_g	ir_pracyan_g	group_positive	ir_indian_g.txt
ir_kannadan	ir_kuntalan	kindred	ir_indian_g	ir_indian_g	same_group_kindred	ir_indian_g.txt
ir_kannadan	ir_pyu	positive	ir_indian_g	ir_tibetan_g	group_positive	ir_indian_g.txt
ir_kannadan	ir_tamil	positive	ir_indian_g	ir_indian_g	pair_override	ir_indian_g.txt
ir_kasi	ir_kaccha	positive	ir_pracyan_g	ir_aryan_g	group_positive	ir_pracyan_g.txt
ir_kasi	ir_kamarupi	kindred	ir_pracyan_g	ir_pracyan_g	same_group_kindred	ir_pracyan_g.txt
ir_kasi	ir_kannadan	positive	ir_pracyan_g	ir_indian_g	group_positive	ir_pracyan_g.txt
ir_kasi	ir_magadhi	kindred	ir_pracyan_g	ir_pracyan_g	same_group_kindred	ir_pracyan_g.txt
ir_kasi	ir_pyu	positive	ir_pracyan_g	ir_tibetan_g	group_positive	ir_pracyan_g.txt
ir_kasi	ir_qin	positive	ir_pracyan_g	ir_chinese_g	group_positive	ir_pracyan_g.txt
ir_kennataian	ir_athenian	positive	ir_anatolian_g	ir_hellenic_g	group_positive	ir_anatolian_g.txt
ir_kennataian	ir_hyrcanian	positive	ir_anatolian_g	ir_persia_g	group_positive	ir_anatolian_g.txt
ir_kennataian	ir_isaurian	kindred	ir_anatolian_g	ir_anatolian_g	same_group_kindred	ir_anatolian_g.txt
ir_kennataian	ir_lalasian	kindred	ir_anatolian_g	ir_anatolian_g	same_group_kindred	ir_anatolian_g.txt
ir_kennataian	ir_lazi	positive	ir_anatolian_g	ir_caucasian_g	group_positive	ir_anatolian_g.txt
ir_kharesmian	ir_corsian	positive	ir_scythia_g	ir_proto_european_g	group_positive	ir_scythia_g.txt
ir_kharesmian	ir_cossian	positive	ir_scythia_g	ir_persia_g	group_positive	ir_scythia_g.txt
ir_kharesmian	ir_jurcan	kindred	ir_scythia_g	ir_scythia_g	same_group_kindred	ir_scythia_g.txt
ir_kharesmian	ir_khotanese	kindred	ir_scythia_g	ir_scythia_g	same_group_kindred	ir_scythia_g.txt
ir_kharesmian	ir_sarmatian	positive	ir_scythia_g	ir_scythian_east_g	group_positive	ir_scythia_g.txt
ir_khotanese	ir_elamite	positive	ir_scythia_g	ir_persia_g	group_positive	ir_scythia_g.txt
ir_khotanese	ir_kharesmian	kindred	ir_scythia_g	ir_scythia_g	same_group_kindred	ir_scythia_g.txt
ir_khotanese	ir_massagetaean	kindred	ir_scythia_g	ir_scythia_g	same_group_kindred	ir_scythia_g.txt
ir_khotanese	ir_nuragic	positive	ir_scythia_g	ir_proto_european_g	group_positive	ir_scythia_g.txt
ir_khotanese	ir_scythian	positive	ir_scythia_g	ir_scythian_east_g	group_positive	ir_scythia_g.txt
ir_kindite	ir_berberian	positive	ir_south_arabian_g	ir_aksumite_group_g	group_positive	ir_south_arabian_g.txt
ir_kindite	ir_garamantic	positive	ir_south_arabian_g	ir_fezzani_g	group_positive	ir_south_arabian_g.txt
ir_kindite	ir_himjar	kindred	ir_south_arabian_g	ir_south_arabian_g	same_group_kindred	ir_south_arabian_g.txt
ir_kindite	ir_minaean	kindred	ir_south_arabian_g	ir_south_arabian_g	same_group_kindred	ir_south_arabian_g.txt
ir_kindite	ir_qedarite	positive	ir_south_arabian_g	ir_south_levantine_g	group_positive	ir_south_arabian_g.txt
ir_kosala	ir_hyrcanian	positive	ir_aryan_g	ir_persia_g	group_positive	ir_aryan_g.txt
ir_kosala	ir_kaccha	kindred	ir_aryan_g	ir_aryan_g	same_group_kindred	ir_aryan_g.txt
ir_kosala	ir_kuntalan	positive	ir_aryan_g	ir_indian_g	group_positive	ir_aryan_g.txt
ir_kosala	ir_kuru	kindred	ir_aryan_g	ir_aryan_g	same_group_kindred	ir_aryan_g.txt
ir_kosala	ir_magadhi	positive	ir_aryan_g	ir_pracyan_g	group_positive	ir_aryan_g.txt
ir_kosala	ir_tayuan	positive	ir_aryan_g	ir_bactrian_g	group_positive	ir_aryan_g.txt
ir_kumuzan	ir_berberian	positive	ir_nilotic_group_g	ir_aksumite_group_g	group_positive	ir_nilotic_group_g.txt
ir_kumuzan	ir_boran	kindred	ir_nilotic_group_g	ir_nilotic_group_g	same_group_kindred	ir_nilotic_group_g.txt
ir_kumuzan	ir_lower_nubian	positive	ir_nilotic_group_g	ir_meroitic_group_g	group_positive	ir_nilotic_group_g.txt
ir_kumuzan	ir_midobian	kindred	ir_nilotic_group_g	ir_nilotic_group_g	same_group_kindred	ir_nilotic_group_g.txt
ir_kuntalan	ir_kannadan	kindred	ir_indian_g	ir_indian_g	same_group_kindred	ir_indian_g.txt
ir_kuntalan	ir_kosala	positive	ir_indian_g	ir_aryan_g	group_positive	ir_indian_g.txt
ir_kuntalan	ir_magadhi	positive	ir_indian_g	ir_pracyan_g	group_positive	ir_indian_g.txt
ir_kuntalan	ir_pandyan	kindred	ir_indian_g	ir_indian_g	same_group_kindred	ir_indian_g.txt
ir_kuntalan	ir_sumpa	positive	ir_indian_g	ir_tibetan_g	group_positive	ir_indian_g.txt
ir_kuru	ir_kosala	kindred	ir_aryan_g	ir_aryan_g	same_group_kindred	ir_aryan_g.txt
ir_kuru	ir_lankan	kindred	ir_aryan_g	ir_aryan_g	same_group_kindred	ir_aryan_g.txt
ir_kuru	ir_malla	positive	ir_aryan_g	ir_pracyan_g	group_positive	ir_aryan_g.txt
ir_kuru	ir_median	positive	ir_aryan_g	ir_persia_g	group_positive	ir_aryan_g.txt
ir_kuru	ir_pandyan	positive	ir_aryan_g	ir_indian_g	group_positive	ir_aryan_g.txt
ir_kuru	ir_tocharian	positive	ir_aryan_g	ir_bactrian_g	group_positive	ir_aryan_g.txt
ir_lacetanian	ir_couneian	positive	ir_iberia_g	ir_celt_iberia_g	group_positive	ir_iberia_g.txt
ir_lacetanian	ir_indiketian	kindred	ir_iberia_g	ir_iberia_g	same_group_kindred	ir_iberia_g.txt
ir_lacetanian	ir_massaesylian	positive	ir_iberia_g	ir_numidian_g	group_positive	ir_iberia_g.txt
ir_lacetanian	ir_oretanian	kindred	ir_iberia_g	ir_iberia_g	same_group_kindred	ir_iberia_g.txt
ir_lacetanian	ir_siculian	positive	ir_iberia_g	ir_latin_g	group_positive	ir_iberia_g.txt
ir_lalasian	ir_boeotian	positive	ir_anatolian_g	ir_hellenic_g	group_positive	ir_anatolian_g.txt
ir_lalasian	ir_kennataian	kindred	ir_anatolian_g	ir_anatolian_g	same_group_kindred	ir_anatolian_g.txt
ir_lalasian	ir_legian	positive	ir_anatolian_g	ir_caucasian_g	group_positive	ir_anatolian_g.txt
ir_lalasian	ir_lycaonian	kindred	ir_anatolian_g	ir_anatolian_g	same_group_kindred	ir_anatolian_g.txt
ir_lalasian	ir_median	positive	ir_anatolian_g	ir_persia_g	group_positive	ir_anatolian_g.txt
ir_lankan	ir_kuru	kindred	ir_aryan_g	ir_aryan_g	same_group_kindred	ir_aryan_g.txt
ir_lankan	ir_maharashtran	kindred	ir_aryan_g	ir_aryan_g	same_group_kindred	ir_aryan_g.txt
ir_lankan	ir_pactyan	positive	ir_aryan_g	ir_persia_g	group_positive	ir_aryan_g.txt
ir_lankan	ir_pandra	positive	ir_aryan_g	ir_pracyan_g	group_positive	ir_aryan_g.txt
ir_lankan	ir_tamil	positive	ir_aryan_g	ir_indian_g	group_positive	ir_aryan_g.txt
ir_lankan	ir_wusun	positive	ir_aryan_g	ir_bactrian_g	group_positive	ir_aryan_g.txt
ir_lazi	ir_ibero	kindred	ir_caucasian_g	ir_caucasian_g	same_group_kindred	ir_caucasian_g.txt
ir_lazi	ir_kennataian	positive	ir_caucasian_g	ir_anatolian_g	group_positive	ir_caucasian_g.txt
ir_lazi	ir_legian	kindred	ir_caucasian_g	ir_caucasian_g	same_group_kindred	ir_caucasian_g.txt
ir_legian	ir_lalasian	positive	ir_caucasian_g	ir_anatolian_g	group_positive	ir_caucasian_g.txt
ir_legian	ir_lazi	kindred	ir_caucasian_g	ir_caucasian_g	same_group_kindred	ir_caucasian_g.txt
ir_legian	ir_maeotian	kindred	ir_caucasian_g	ir_caucasian_g	same_group_kindred	ir_caucasian_g.txt
ir_lemovian	ir_aestian	positive	ir_germanic_g	ir_baltic_g	group_positive	ir_germanic_g.txt
ir_lemovian	ir_androphagian	positive	ir_germanic_g	ir_finnic_group_g	group_positive	ir_germanic_g.txt
ir_lemovian	ir_corsian	positive	ir_germanic_g	ir_proto_european_g	group_positive	ir_germanic_g.txt
ir_lemovian	ir_istvaeonic	kindred	ir_germanic_g	ir_germanic_g	same_group_kindred	ir_germanic_g.txt
ir_lemovian	ir_nervian	positive	ir_germanic_g	ir_belgae_group_g	group_positive	ir_germanic_g.txt
ir_lemovian	ir_raumarician	kindred	ir_germanic_g	ir_germanic_g	same_group_kindred	ir_germanic_g.txt
ir_lemovician	ir_helvetian	kindred	ir_gallic_g	ir_gallic_g	same_group_kindred	ir_gallic_g.txt
ir_lemovician	ir_lepontic	kindred	ir_gallic_g	ir_gallic_g	same_group_kindred	ir_gallic_g.txt
ir_lemovician	ir_manavian	positive	ir_gallic_g	ir_gaelic_g	group_positive	ir_gallic_g.txt
ir_lemovician	ir_monapian	positive	ir_gallic_g	ir_britannic_g	group_positive	ir_gallic_g.txt
ir_lemovician	ir_sedetanian	positive	ir_gallic_g	ir_celt_iberia_g	group_positive	ir_gallic_g.txt
ir_lemovician	ir_veliocassian	positive	ir_gallic_g	ir_belgae_group_g	group_positive	ir_gallic_g.txt
ir_lepontic	ir_aduatacian	positive	ir_gallic_g	ir_belgae_group_g	group_positive	ir_gallic_g.txt
ir_lepontic	ir_hibernian	positive	ir_gallic_g	ir_gaelic_g	group_positive	ir_gallic_g.txt
ir_lepontic	ir_lemovician	kindred	ir_gallic_g	ir_gallic_g	same_group_kindred	ir_gallic_g.txt
ir_lepontic	ir_letobician	kindred	ir_gallic_g	ir_gallic_g	same_group_kindred	ir_gallic_g.txt
ir_lepontic	ir_ordovitian	positive	ir_gallic_g	ir_britannic_g	group_positive	ir_gallic_g.txt
ir_lepontic	ir_vaccaeian	positive	ir_gallic_g	ir_celt_iberia_g	group_positive	ir_gallic_g.txt
ir_letobician	ir_belgae	positive	ir_gallic_g	ir_belgae_group_g	group_positive	ir_gallic_g.txt
ir_letobician	ir_lepontic	kindred	ir_gallic_g	ir_gallic_g	same_group_kindred	ir_gallic_g.txt
ir_letobician	ir_manavian	positive	ir_gallic_g	ir_gaelic_g	group_positive	ir_gallic_g.txt
ir_letobician	ir_noric	kindred	ir_gallic_g	ir_gallic_g	same_group_kindred	ir_gallic_g.txt
ir_letobician	ir_parisian	positive	ir_gallic_g	ir_britannic_g	group_positive	ir_gallic_g.txt
ir_letobician	ir_vardulian	positive	ir_gallic_g	ir_celt_iberia_g	group_positive	ir_gallic_g.txt
ir_liburnian	ir_boeotian	positive	ir_illyrian_group_g	ir_hellenic_g	group_positive	ir_illyrian_group_g.txt
ir_liburnian	ir_iapodian	kindred	ir_illyrian_group_g	ir_illyrian_group_g	same_group_kindred	ir_illyrian_group_g.txt
ir_liburnian	ir_liburnian_culture	kindred	ir_illyrian_group_g	ir_illyrian_group_g	same_group_kindred	ir_illyrian_group_g.txt
ir_liburnian	ir_moesi	positive	ir_illyrian_group_g	ir_thrace_group_g	group_positive	ir_illyrian_group_g.txt
ir_liburnian	ir_samnite	positive	ir_illyrian_group_g	ir_latin_g	group_positive	ir_illyrian_group_g.txt
ir_liburnian	ir_tylian	positive	ir_illyrian_group_g	ir_celto_pannonian_group_g	group_positive	ir_illyrian_group_g.txt
ir_liburnian_culture	ir_bosporan	positive	ir_illyrian_group_g	ir_hellenic_g	group_positive	ir_illyrian_group_g.txt
ir_liburnian_culture	ir_galatian	positive	ir_illyrian_group_g	ir_celto_pannonian_group_g	group_positive	ir_illyrian_group_g.txt
ir_liburnian_culture	ir_liburnian	kindred	ir_illyrian_group_g	ir_illyrian_group_g	same_group_kindred	ir_illyrian_group_g.txt
ir_liburnian_culture	ir_messapian	kindred	ir_illyrian_group_g	ir_illyrian_group_g	same_group_kindred	ir_illyrian_group_g.txt
ir_liburnian_culture	ir_odrysi	positive	ir_illyrian_group_g	ir_thrace_group_g	group_positive	ir_illyrian_group_g.txt
ir_liburnian_culture	ir_siculian	positive	ir_illyrian_group_g	ir_latin_g	group_positive	ir_illyrian_group_g.txt
ir_libyan	ir_daphnitaean	positive	ir_fezzani_g	ir_numidian_g	group_positive	ir_fezzani_g.txt
ir_libyan	ir_gyzantian	kindred	ir_fezzani_g	ir_fezzani_g	same_group_kindred	ir_fezzani_g.txt
ir_libyan	ir_lotophagoi	kindred	ir_fezzani_g	ir_fezzani_g	same_group_kindred	ir_fezzani_g.txt
ir_libyan	ir_middle_egyptian	positive	ir_fezzani_g	ir_north_african_g	group_positive	ir_fezzani_g.txt
ir_libyan	ir_qatabanian	positive	ir_fezzani_g	ir_south_arabian_g	group_positive	ir_fezzani_g.txt
ir_ligurian	ir_aetolian	positive	ir_latin_g	ir_hellenic_g	group_positive	ir_latin_g.txt
ir_ligurian	ir_cantabrian	positive	ir_latin_g	ir_celt_iberia_g	group_positive	ir_latin_g.txt
ir_ligurian	ir_contestanian	positive	ir_latin_g	ir_iberia_g	group_positive	ir_latin_g.txt
ir_ligurian	ir_deraemestian	positive	ir_latin_g	ir_illyrian_group_g	group_positive	ir_latin_g.txt
ir_ligurian	ir_histrian	kindred	ir_latin_g	ir_latin_g	same_group_kindred	ir_latin_g.txt
ir_ligurian	ir_lucanian	kindred	ir_latin_g	ir_latin_g	same_group_kindred	ir_latin_g.txt
ir_lixitoi	ir_gaetulian	kindred	ir_numidian_g	ir_numidian_g	same_group_kindred	ir_numidian_g.txt
ir_lixitoi	ir_indiketian	positive	ir_numidian_g	ir_iberia_g	group_positive	ir_numidian_g.txt
ir_lixitoi	ir_macaean	positive	ir_numidian_g	ir_fezzani_g	group_positive	ir_numidian_g.txt
ir_lixitoi	ir_massaesylian	kindred	ir_numidian_g	ir_numidian_g	same_group_kindred	ir_numidian_g.txt
ir_lixitoi	ir_pubu	positive	ir_numidian_g	ir_pu_g	group_positive	ir_numidian_g.txt
ir_lixitoi	ir_upper_egyptian	positive	ir_numidian_g	ir_north_african_g	group_positive	ir_numidian_g.txt
ir_lobetanian	ir_elesycian	kindred	ir_celt_iberia_g	ir_celt_iberia_g	same_group_kindred	ir_celt_iberia_g.txt
ir_lobetanian	ir_eravisci	positive	ir_celt_iberia_g	ir_gallic_g	group_positive	ir_celt_iberia_g.txt
ir_lobetanian	ir_galatian	positive	ir_celt_iberia_g	ir_celto_pannonian_group_g	group_positive	ir_celt_iberia_g.txt
ir_lobetanian	ir_lusitanian	kindred	ir_celt_iberia_g	ir_celt_iberia_g	same_group_kindred	ir_celt_iberia_g.txt
ir_lobetanian	ir_turdetanian	positive	ir_celt_iberia_g	ir_iberia_g	group_positive	ir_celt_iberia_g.txt
ir_lobetanian	ir_venetic	positive	ir_celt_iberia_g	ir_latin_g	group_positive	ir_celt_iberia_g.txt
ir_lotophagoi	ir_gaetulian	positive	ir_fezzani_g	ir_numidian_g	group_positive	ir_fezzani_g.txt
ir_lotophagoi	ir_libyan	kindred	ir_fezzani_g	ir_fezzani_g	same_group_kindred	ir_fezzani_g.txt
ir_lotophagoi	ir_macaean	kindred	ir_fezzani_g	ir_fezzani_g	same_group_kindred	ir_fezzani_g.txt
ir_lotophagoi	ir_oasis_egyptian	positive	ir_fezzani_g	ir_north_african_g	group_positive	ir_fezzani_g.txt
ir_lotophagoi	ir_samad	positive	ir_fezzani_g	ir_south_arabian_g	group_positive	ir_fezzani_g.txt
ir_lower_nubian	ir_adabulian	positive	ir_meroitic_group_g	ir_nilotic_group_g	group_positive	ir_meroitic_group_g.txt
ir_lower_nubian	ir_aksumite	positive	ir_meroitic_group_g	ir_aksumite_group_g	group_positive	ir_meroitic_group_g.txt
ir_lower_nubian	ir_meroitic	kindred	ir_meroitic_group_g	ir_meroitic_group_g	same_group_kindred	ir_meroitic_group_g.txt
ir_lower_nubian	ir_napatan	kindred	ir_meroitic_group_g	ir_meroitic_group_g	same_group_kindred	ir_meroitic_group_g.txt
ir_lucanian	ir_arcadian	positive	ir_latin_g	ir_hellenic_g	group_positive	ir_latin_g.txt
ir_lucanian	ir_caristian	positive	ir_latin_g	ir_celt_iberia_g	group_positive	ir_latin_g.txt
ir_lucanian	ir_deurian	positive	ir_latin_g	ir_illyrian_group_g	group_positive	ir_latin_g.txt
ir_lucanian	ir_edetanian	positive	ir_latin_g	ir_iberia_g	group_positive	ir_latin_g.txt
ir_lucanian	ir_ligurian	kindred	ir_latin_g	ir_latin_g	same_group_kindred	ir_latin_g.txt
ir_lucanian	ir_rhaetian	kindred	ir_latin_g	ir_latin_g	same_group_kindred	ir_latin_g.txt
ir_lusitanian	ir_bruttian	positive	ir_celt_iberia_g	ir_latin_g	group_positive	ir_celt_iberia_g.txt
ir_lusitanian	ir_haedui	positive	ir_celt_iberia_g	ir_gallic_g	group_positive	ir_celt_iberia_g.txt
ir_lusitanian	ir_lobetanian	kindred	ir_celt_iberia_g	ir_celt_iberia_g	same_group_kindred	ir_celt_iberia_g.txt
ir_lusitanian	ir_oppidanian	kindred	ir_celt_iberia_g	ir_celt_iberia_g	same_group_kindred	ir_celt_iberia_g.txt
ir_lusitanian	ir_turdulian	positive	ir_celt_iberia_g	ir_iberia_g	group_positive	ir_celt_iberia_g.txt
ir_lusitanian	ir_tylian	positive	ir_celt_iberia_g	ir_celto_pannonian_group_g	group_positive	ir_celt_iberia_g.txt
ir_lycaonian	ir_bosporan	positive	ir_anatolian_g	ir_hellenic_g	group_positive	ir_anatolian_g.txt
ir_lycaonian	ir_lalasian	kindred	ir_anatolian_g	ir_anatolian_g	same_group_kindred	ir_anatolian_g.txt
ir_lycaonian	ir_lycian	kindred	ir_anatolian_g	ir_anatolian_g	same_group_kindred	ir_anatolian_g.txt
ir_lycaonian	ir_maeotian	positive	ir_anatolian_g	ir_caucasian_g	group_positive	ir_anatolian_g.txt
ir_lycaonian	ir_pactyan	positive	ir_anatolian_g	ir_persia_g	group_positive	ir_anatolian_g.txt
ir_lycian	ir_carian	positive	ir_anatolian_g	ir_hellenic_g	group_positive	ir_anatolian_g.txt
ir_lycian	ir_lycaonian	kindred	ir_anatolian_g	ir_anatolian_g	same_group_kindred	ir_anatolian_g.txt
ir_lycian	ir_lydian	kindred	ir_anatolian_g	ir_anatolian_g	same_group_kindred	ir_anatolian_g.txt
ir_lycian	ir_parecanian	positive	ir_anatolian_g	ir_persia_g	group_positive	ir_anatolian_g.txt
ir_lycian	ir_sasperian	positive	ir_anatolian_g	ir_caucasian_g	group_positive	ir_anatolian_g.txt
ir_lydian	ir_ciliciote	positive	ir_anatolian_g	ir_hellenic_g	group_positive	ir_anatolian_g.txt
ir_lydian	ir_lycian	kindred	ir_anatolian_g	ir_anatolian_g	same_group_kindred	ir_anatolian_g.txt
ir_lydian	ir_milyadian	kindred	ir_anatolian_g	ir_anatolian_g	same_group_kindred	ir_anatolian_g.txt
ir_lydian	ir_parthian	positive	ir_anatolian_g	ir_persia_g	group_positive	ir_anatolian_g.txt
ir_lydian	ir_sindi	positive	ir_anatolian_g	ir_caucasian_g	group_positive	ir_anatolian_g.txt
ir_macaean	ir_lixitoi	positive	ir_fezzani_g	ir_numidian_g	group_positive	ir_fezzani_g.txt
ir_macaean	ir_lotophagoi	kindred	ir_fezzani_g	ir_fezzani_g	same_group_kindred	ir_fezzani_g.txt
ir_macaean	ir_nasamonian	kindred	ir_fezzani_g	ir_fezzani_g	same_group_kindred	ir_fezzani_g.txt
ir_macaean	ir_sheban	positive	ir_fezzani_g	ir_south_arabian_g	group_positive	ir_fezzani_g.txt
ir_macaean	ir_upper_egyptian	positive	ir_fezzani_g	ir_north_african_g	group_positive	ir_fezzani_g.txt
ir_macedonian	ir_bruttian	positive	ir_hellenic_g	ir_latin_g	group_positive	ir_hellenic_g.txt
ir_macedonian	ir_cilician	positive	ir_hellenic_g	ir_anatolian_g	group_positive	ir_hellenic_g.txt
ir_macedonian	ir_italiotian	kindred	ir_hellenic_g	ir_hellenic_g	same_group_kindred	ir_hellenic_g.txt
ir_macedonian	ir_massalian	kindred	ir_hellenic_g	ir_hellenic_g	same_group_kindred	ir_hellenic_g.txt
ir_macedonian	ir_messapian	positive	ir_hellenic_g	ir_illyrian_group_g	group_positive	ir_hellenic_g.txt
ir_macedonian	ir_moesi	positive	ir_hellenic_g	ir_thrace_group_g	group_positive	ir_hellenic_g.txt
ir_macedonian	ir_roman	positive	ir_hellenic_g	ir_latin_g	pair_override	ir_hellenic_g.txt
ir_macedonian	ir_thracian	positive	ir_hellenic_g	ir_hellenic_g	pair_override	ir_hellenic_g.txt
ir_maeotian	ir_legian	kindred	ir_caucasian_g	ir_caucasian_g	same_group_kindred	ir_caucasian_g.txt
ir_maeotian	ir_lycaonian	positive	ir_caucasian_g	ir_anatolian_g	group_positive	ir_caucasian_g.txt
ir_maeotian	ir_sasperian	kindred	ir_caucasian_g	ir_caucasian_g	same_group_kindred	ir_caucasian_g.txt
ir_magadhi	ir_kasi	kindred	ir_pracyan_g	ir_pracyan_g	same_group_kindred	ir_pracyan_g.txt
ir_magadhi	ir_kosala	positive	ir_pracyan_g	ir_aryan_g	group_positive	ir_pracyan_g.txt
ir_magadhi	ir_kuntalan	positive	ir_pracyan_g	ir_indian_g	group_positive	ir_pracyan_g.txt
ir_magadhi	ir_malla	kindred	ir_pracyan_g	ir_pracyan_g	same_group_kindred	ir_pracyan_g.txt
ir_magadhi	ir_qin	positive	ir_pracyan_g	ir_chinese_g	group_positive	ir_pracyan_g.txt
ir_magadhi	ir_sumpa	positive	ir_pracyan_g	ir_tibetan_g	group_positive	ir_pracyan_g.txt
ir_maharashtran	ir_lankan	kindred	ir_aryan_g	ir_aryan_g	same_group_kindred	ir_aryan_g.txt
ir_maharashtran	ir_matsya	kindred	ir_aryan_g	ir_aryan_g	same_group_kindred	ir_aryan_g.txt
ir_maharashtran	ir_parecanian	positive	ir_aryan_g	ir_persia_g	group_positive	ir_aryan_g.txt
ir_maharashtran	ir_savara	positive	ir_aryan_g	ir_pracyan_g	group_positive	ir_aryan_g.txt
ir_maharashtran	ir_telugu	positive	ir_aryan_g	ir_indian_g	group_positive	ir_aryan_g.txt
ir_maharashtran	ir_yuezhi	positive	ir_aryan_g	ir_bactrian_g	group_positive	ir_aryan_g.txt
ir_makan	ir_assyrian	positive	ir_south_levantine_g	ir_east_levantine_g	group_positive	ir_south_levantine_g.txt
ir_makan	ir_gerrhan	kindred	ir_south_levantine_g	ir_south_levantine_g	same_group_kindred	ir_south_levantine_g.txt
ir_makan	ir_hadhrami	positive	ir_south_levantine_g	ir_south_arabian_g	group_positive	ir_south_levantine_g.txt
ir_makan	ir_hebrew	positive	ir_south_levantine_g	ir_west_levantine_g	group_positive	ir_south_levantine_g.txt
ir_makan	ir_mon	positive	ir_south_levantine_g	ir_pu_g	group_positive	ir_south_levantine_g.txt
ir_makan	ir_nabatean	kindred	ir_south_levantine_g	ir_south_levantine_g	same_group_kindred	ir_south_levantine_g.txt
ir_malla	ir_kuru	positive	ir_pracyan_g	ir_aryan_g	group_positive	ir_pracyan_g.txt
ir_malla	ir_magadhi	kindred	ir_pracyan_g	ir_pracyan_g	same_group_kindred	ir_pracyan_g.txt
ir_malla	ir_pandra	kindred	ir_pracyan_g	ir_pracyan_g	same_group_kindred	ir_pracyan_g.txt
ir_malla	ir_pandyan	positive	ir_pracyan_g	ir_indian_g	group_positive	ir_pracyan_g.txt
ir_malla	ir_qin	positive	ir_pracyan_g	ir_chinese_g	group_positive	ir_pracyan_g.txt
ir_malla	ir_tsang	positive	ir_pracyan_g	ir_tibetan_g	group_positive	ir_pracyan_g.txt
ir_manavian	ir_aremorican	positive	ir_gaelic_g	ir_gallic_g	group_positive	ir_gaelic_g.txt
ir_manavian	ir_britannic	positive	ir_gaelic_g	ir_britannic_g	group_positive	ir_gaelic_g.txt
ir_manavian	ir_hibernian	kindred	ir_gaelic_g	ir_gaelic_g	same_group_kindred	ir_gaelic_g.txt
ir_margian	ir_bactrian	kindred	ir_bactrian_g	ir_bactrian_g	same_group_kindred	ir_bactrian_g.txt
ir_margian	ir_cadusian	positive	ir_bactrian_g	ir_persia_g	group_positive	ir_bactrian_g.txt
ir_margian	ir_cedi	positive	ir_bactrian_g	ir_aryan_g	group_positive	ir_bactrian_g.txt
ir_margian	ir_cimmerian	positive	ir_bactrian_g	ir_scythian_east_g	group_positive	ir_bactrian_g.txt
ir_margian	ir_phryni	kindred	ir_bactrian_g	ir_bactrian_g	same_group_kindred	ir_bactrian_g.txt
ir_mariandynian	ir_aegean	positive	ir_thrace_group_g	ir_hellenic_g	group_positive	ir_thrace_group_g.txt
ir_mariandynian	ir_bithynian	kindred	ir_thrace_group_g	ir_thrace_group_g	same_group_kindred	ir_thrace_group_g.txt
ir_mariandynian	ir_catari	positive	ir_thrace_group_g	ir_illyrian_group_g	group_positive	ir_thrace_group_g.txt
ir_mariandynian	ir_moesi	kindred	ir_thrace_group_g	ir_thrace_group_g	same_group_kindred	ir_thrace_group_g.txt
ir_massaesylian	ir_egyptian	positive	ir_numidian_g	ir_north_african_g	group_positive	ir_numidian_g.txt
ir_massaesylian	ir_lacetanian	positive	ir_numidian_g	ir_iberia_g	group_positive	ir_numidian_g.txt
ir_massaesylian	ir_lixitoi	kindred	ir_numidian_g	ir_numidian_g	same_group_kindred	ir_numidian_g.txt
ir_massaesylian	ir_massylian	kindred	ir_numidian_g	ir_numidian_g	same_group_kindred	ir_numidian_g.txt
ir_massaesylian	ir_nasamonian	positive	ir_numidian_g	ir_fezzani_g	group_positive	ir_numidian_g.txt
ir_massaesylian	ir_rhakine	positive	ir_numidian_g	ir_pu_g	group_positive	ir_numidian_g.txt
ir_massagetaean	ir_gedrosian	positive	ir_scythia_g	ir_persia_g	group_positive	ir_scythia_g.txt
ir_massagetaean	ir_khotanese	kindred	ir_scythia_g	ir_scythia_g	same_group_kindred	ir_scythia_g.txt
ir_massagetaean	ir_sakan	kindred	ir_scythia_g	ir_scythia_g	same_group_kindred	ir_scythia_g.txt
ir_massagetaean	ir_siraci	positive	ir_scythia_g	ir_scythian_east_g	group_positive	ir_scythia_g.txt
ir_massagetaean	ir_talaiotic	positive	ir_scythia_g	ir_proto_european_g	group_positive	ir_scythia_g.txt
ir_massalian	ir_etruscan	positive	ir_hellenic_g	ir_latin_g	group_positive	ir_hellenic_g.txt
ir_massalian	ir_isaurian	positive	ir_hellenic_g	ir_anatolian_g	group_positive	ir_hellenic_g.txt
ir_massalian	ir_macedonian	kindred	ir_hellenic_g	ir_hellenic_g	same_group_kindred	ir_hellenic_g.txt
ir_massalian	ir_odrysi	positive	ir_hellenic_g	ir_thrace_group_g	group_positive	ir_hellenic_g.txt
ir_massalian	ir_paeonian	positive	ir_hellenic_g	ir_illyrian_group_g	group_positive	ir_hellenic_g.txt
ir_massalian	ir_pamphylian	kindred	ir_hellenic_g	ir_hellenic_g	same_group_kindred	ir_hellenic_g.txt
ir_massylian	ir_massaesylian	kindred	ir_numidian_g	ir_numidian_g	same_group_kindred	ir_numidian_g.txt
ir_massylian	ir_melanogaetulian	kindred	ir_numidian_g	ir_numidian_g	same_group_kindred	ir_numidian_g.txt
ir_massylian	ir_middle_egyptian	positive	ir_numidian_g	ir_north_african_g	group_positive	ir_numidian_g.txt
ir_massylian	ir_oretanian	positive	ir_numidian_g	ir_iberia_g	group_positive	ir_numidian_g.txt
ir_massylian	ir_phazani	positive	ir_numidian_g	ir_fezzani_g	group_positive	ir_numidian_g.txt
ir_massylian	ir_shan	positive	ir_numidian_g	ir_pu_g	group_positive	ir_numidian_g.txt
ir_matsya	ir_alupan	positive	ir_aryan_g	ir_indian_g	group_positive	ir_aryan_g.txt
ir_matsya	ir_bactrian	positive	ir_aryan_g	ir_bactrian_g	group_positive	ir_aryan_g.txt
ir_matsya	ir_maharashtran	kindred	ir_aryan_g	ir_aryan_g	same_group_kindred	ir_aryan_g.txt
ir_matsya	ir_mitanni	kindred	ir_aryan_g	ir_aryan_g	same_group_kindred	ir_aryan_g.txt
ir_matsya	ir_parthian	positive	ir_aryan_g	ir_persia_g	group_positive	ir_aryan_g.txt
ir_matsya	ir_vanga	positive	ir_aryan_g	ir_pracyan_g	group_positive	ir_aryan_g.txt
ir_median	ir_alani	positive	ir_persia_g	ir_scythia_g	group_positive	ir_persia_g.txt
ir_median	ir_hyrcanian	kindred	ir_persia_g	ir_persia_g	same_group_kindred	ir_persia_g.txt
ir_median	ir_kuru	positive	ir_persia_g	ir_aryan_g	group_positive	ir_persia_g.txt
ir_median	ir_lalasian	positive	ir_persia_g	ir_anatolian_g	group_positive	ir_persia_g.txt
ir_median	ir_pactyan	kindred	ir_persia_g	ir_persia_g	same_group_kindred	ir_persia_g.txt
ir_median	ir_tocharian	positive	ir_persia_g	ir_bactrian_g	group_positive	ir_persia_g.txt
ir_melanchlaenian	ir_chernolian	kindred	ir_baltic_g	ir_baltic_g	same_group_kindred	ir_baltic_g.txt
ir_melanchlaenian	ir_corsian	positive	ir_baltic_g	ir_proto_european_g	group_positive	ir_baltic_g.txt
ir_melanchlaenian	ir_frisian	positive	ir_baltic_g	ir_germanic_g	group_positive	ir_baltic_g.txt
ir_melanchlaenian	ir_neuric	kindred	ir_baltic_g	ir_baltic_g	same_group_kindred	ir_baltic_g.txt
ir_melanchlaenian	ir_volgaic	positive	ir_baltic_g	ir_finnic_group_g	group_positive	ir_baltic_g.txt
ir_melanogaetulian	ir_jaintia	positive	ir_numidian_g	ir_pu_g	group_positive	ir_numidian_g.txt
ir_melanogaetulian	ir_massylian	kindred	ir_numidian_g	ir_numidian_g	same_group_kindred	ir_numidian_g.txt
ir_melanogaetulian	ir_nectiberean	kindred	ir_numidian_g	ir_numidian_g	same_group_kindred	ir_numidian_g.txt
ir_melanogaetulian	ir_oasis_egyptian	positive	ir_numidian_g	ir_north_african_g	group_positive	ir_numidian_g.txt
ir_melanogaetulian	ir_psyllic	positive	ir_numidian_g	ir_fezzani_g	group_positive	ir_numidian_g.txt
ir_melanogaetulian	ir_turdetanian	positive	ir_numidian_g	ir_iberia_g	group_positive	ir_numidian_g.txt
ir_meroitic	ir_alutan	positive	ir_meroitic_group_g	ir_nilotic_group_g	group_positive	ir_meroitic_group_g.txt
ir_meroitic	ir_athagaun	positive	ir_meroitic_group_g	ir_aksumite_group_g	group_positive	ir_meroitic_group_g.txt
ir_meroitic	ir_lower_nubian	kindred	ir_meroitic_group_g	ir_meroitic_group_g	same_group_kindred	ir_meroitic_group_g.txt
ir_meroitic	ir_napatan	kindred	ir_meroitic_group_g	ir_meroitic_group_g	same_group_kindred	ir_meroitic_group_g.txt
ir_messapian	ir_carian	positive	ir_illyrian_group_g	ir_hellenic_g	group_positive	ir_illyrian_group_g.txt
ir_messapian	ir_liburnian_culture	kindred	ir_illyrian_group_g	ir_illyrian_group_g	same_group_kindred	ir_illyrian_group_g.txt
ir_messapian	ir_paeonian	kindred	ir_illyrian_group_g	ir_illyrian_group_g	same_group_kindred	ir_illyrian_group_g.txt
ir_messapian	ir_triballoi	positive	ir_illyrian_group_g	ir_thrace_group_g	group_positive	ir_illyrian_group_g.txt
ir_messapian	ir_tylian	positive	ir_illyrian_group_g	ir_celto_pannonian_group_g	group_positive	ir_illyrian_group_g.txt
ir_messapian	ir_umbrian	positive	ir_illyrian_group_g	ir_latin_g	group_positive	ir_illyrian_group_g.txt
ir_middle_egyptian	ir_atlantean	positive	ir_north_african_g	ir_fezzani_g	group_positive	ir_north_african_g.txt
ir_middle_egyptian	ir_autolalean	positive	ir_north_african_g	ir_numidian_g	group_positive	ir_north_african_g.txt
ir_middle_egyptian	ir_egyptian	kindred	ir_north_african_g	ir_north_african_g	same_group_kindred	ir_north_african_g.txt
ir_middle_egyptian	ir_mon	positive	ir_north_african_g	ir_pu_g	group_positive	ir_north_african_g.txt
ir_middle_egyptian	ir_oasis_egyptian	kindred	ir_north_african_g	ir_north_african_g	same_group_kindred	ir_north_african_g.txt
ir_midobian	ir_blemmyan	positive	ir_nilotic_group_g	ir_aksumite_group_g	group_positive	ir_nilotic_group_g.txt
ir_midobian	ir_kumuzan	kindred	ir_nilotic_group_g	ir_nilotic_group_g	same_group_kindred	ir_nilotic_group_g.txt
ir_midobian	ir_meroitic	positive	ir_nilotic_group_g	ir_meroitic_group_g	group_positive	ir_nilotic_group_g.txt
ir_midobian	ir_moyan	kindred	ir_nilotic_group_g	ir_nilotic_group_g	same_group_kindred	ir_nilotic_group_g.txt
ir_milyadian	ir_cretan	positive	ir_anatolian_g	ir_hellenic_g	group_positive	ir_anatolian_g.txt
ir_milyadian	ir_lydian	kindred	ir_anatolian_g	ir_anatolian_g	same_group_kindred	ir_anatolian_g.txt
ir_milyadian	ir_morimenian	kindred	ir_anatolian_g	ir_anatolian_g	same_group_kindred	ir_anatolian_g.txt
ir_milyadian	ir_pasargadi	positive	ir_anatolian_g	ir_persia_g	group_positive	ir_anatolian_g.txt
ir_milyadian	ir_suani	positive	ir_anatolian_g	ir_caucasian_g	group_positive	ir_anatolian_g.txt
ir_minaean	ir_blemmyan	positive	ir_south_arabian_g	ir_aksumite_group_g	group_positive	ir_south_arabian_g.txt
ir_minaean	ir_gyzantian	positive	ir_south_arabian_g	ir_fezzani_g	group_positive	ir_south_arabian_g.txt
ir_minaean	ir_kindite	kindred	ir_south_arabian_g	ir_south_arabian_g	same_group_kindred	ir_south_arabian_g.txt
ir_minaean	ir_qatabanian	kindred	ir_south_arabian_g	ir_south_arabian_g	same_group_kindred	ir_south_arabian_g.txt
ir_minaean	ir_taif	positive	ir_south_arabian_g	ir_south_levantine_g	group_positive	ir_south_arabian_g.txt
ir_mitanni	ir_andhran	positive	ir_aryan_g	ir_indian_g	group_positive	ir_aryan_g.txt
ir_mitanni	ir_margian	positive	ir_aryan_g	ir_bactrian_g	group_positive	ir_aryan_g.txt
ir_mitanni	ir_matsya	kindred	ir_aryan_g	ir_aryan_g	same_group_kindred	ir_aryan_g.txt
ir_mitanni	ir_mulaka	kindred	ir_aryan_g	ir_aryan_g	same_group_kindred	ir_aryan_g.txt
ir_mitanni	ir_pasargadi	positive	ir_aryan_g	ir_persia_g	group_positive	ir_aryan_g.txt
ir_mitanni	ir_vrji	positive	ir_aryan_g	ir_pracyan_g	group_positive	ir_aryan_g.txt
ir_moesi	ir_aeolian	positive	ir_thrace_group_g	ir_hellenic_g	group_positive	ir_thrace_group_g.txt
ir_moesi	ir_dardanian	positive	ir_thrace_group_g	ir_illyrian_group_g	group_positive	ir_thrace_group_g.txt
ir_moesi	ir_mariandynian	kindred	ir_thrace_group_g	ir_thrace_group_g	same_group_kindred	ir_thrace_group_g.txt
ir_moesi	ir_odrysi	kindred	ir_thrace_group_g	ir_thrace_group_g	same_group_kindred	ir_thrace_group_g.txt
ir_mon	ir_assyrian	positive	ir_pu_g	ir_east_levantine_g	group_positive	ir_pu_g.txt
ir_mon	ir_autolalean	positive	ir_pu_g	ir_numidian_g	group_positive	ir_pu_g.txt
ir_mon	ir_hebrew	positive	ir_pu_g	ir_west_levantine_g	group_positive	ir_pu_g.txt
ir_mon	ir_jaintia	kindred	ir_pu_g	ir_pu_g	same_group_kindred	ir_pu_g.txt
ir_mon	ir_makan	positive	ir_pu_g	ir_south_levantine_g	group_positive	ir_pu_g.txt
ir_mon	ir_middle_egyptian	positive	ir_pu_g	ir_north_african_g	group_positive	ir_pu_g.txt
ir_mon	ir_pubu	kindred	ir_pu_g	ir_pu_g	same_group_kindred	ir_pu_g.txt
ir_monapian	ir_ivernian	kindred	ir_britannic_g	ir_britannic_g	same_group_kindred	ir_britannic_g.txt
ir_monapian	ir_lemovician	positive	ir_britannic_g	ir_gallic_g	group_positive	ir_britannic_g.txt
ir_monapian	ir_manavian	positive	ir_britannic_g	ir_gaelic_g	group_positive	ir_britannic_g.txt
ir_monapian	ir_ordovitian	kindred	ir_britannic_g	ir_britannic_g	same_group_kindred	ir_britannic_g.txt
ir_monapian	ir_veliocassian	positive	ir_britannic_g	ir_belgae_group_g	group_positive	ir_britannic_g.txt
ir_mordvin	ir_chernolian	positive	ir_finnic_group_g	ir_baltic_g	group_positive	ir_finnic_group_g.txt
ir_mordvin	ir_cimbrian	positive	ir_finnic_group_g	ir_germanic_g	group_positive	ir_finnic_group_g.txt
ir_mordvin	ir_fennic	kindred	ir_finnic_group_g	ir_finnic_group_g	same_group_kindred	ir_finnic_group_g.txt
ir_mordvin	ir_volgaic	kindred	ir_finnic_group_g	ir_finnic_group_g	same_group_kindred	ir_finnic_group_g.txt
ir_morimenian	ir_abasgoi	positive	ir_anatolian_g	ir_caucasian_g	group_positive	ir_anatolian_g.txt
ir_morimenian	ir_cypriot	positive	ir_anatolian_g	ir_hellenic_g	group_positive	ir_anatolian_g.txt
ir_morimenian	ir_milyadian	kindred	ir_anatolian_g	ir_anatolian_g	same_group_kindred	ir_anatolian_g.txt
ir_morimenian	ir_mysian	kindred	ir_anatolian_g	ir_anatolian_g	same_group_kindred	ir_anatolian_g.txt
ir_morimenian	ir_sagartian	positive	ir_anatolian_g	ir_persia_g	group_positive	ir_anatolian_g.txt
ir_morinian	ir_biturigan	positive	ir_belgae_group_g	ir_gallic_g	group_positive	ir_belgae_group_g.txt
ir_morinian	ir_coritani	positive	ir_belgae_group_g	ir_britannic_g	group_positive	ir_belgae_group_g.txt
ir_morinian	ir_eburonian	kindred	ir_belgae_group_g	ir_belgae_group_g	same_group_kindred	ir_belgae_group_g.txt
ir_morinian	ir_gothonic	positive	ir_belgae_group_g	ir_germanic_g	group_positive	ir_belgae_group_g.txt
ir_morinian	ir_nervian	kindred	ir_belgae_group_g	ir_belgae_group_g	same_group_kindred	ir_belgae_group_g.txt
ir_moyan	ir_blemmye	positive	ir_nilotic_group_g	ir_aksumite_group_g	group_positive	ir_nilotic_group_g.txt
ir_moyan	ir_midobian	kindred	ir_nilotic_group_g	ir_nilotic_group_g	same_group_kindred	ir_nilotic_group_g.txt
ir_moyan	ir_napatan	positive	ir_nilotic_group_g	ir_meroitic_group_g	group_positive	ir_nilotic_group_g.txt
ir_moyan	ir_nubian	kindred	ir_nilotic_group_g	ir_nilotic_group_g	same_group_kindred	ir_nilotic_group_g.txt
ir_mulaka	ir_assaka	positive	ir_aryan_g	ir_indian_g	group_positive	ir_aryan_g.txt
ir_mulaka	ir_atavi	positive	ir_aryan_g	ir_pracyan_g	group_positive	ir_aryan_g.txt
ir_mulaka	ir_mitanni	kindred	ir_aryan_g	ir_aryan_g	same_group_kindred	ir_aryan_g.txt
ir_mulaka	ir_phryni	positive	ir_aryan_g	ir_bactrian_g	group_positive	ir_aryan_g.txt
ir_mulaka	ir_purus	kindred	ir_aryan_g	ir_aryan_g	same_group_kindred	ir_aryan_g.txt
ir_mulaka	ir_sagartian	positive	ir_aryan_g	ir_persia_g	group_positive	ir_aryan_g.txt
ir_mysian	ir_albanian	positive	ir_anatolian_g	ir_caucasian_g	group_positive	ir_anatolian_g.txt
ir_mysian	ir_cyrenaican	positive	ir_anatolian_g	ir_hellenic_g	group_positive	ir_anatolian_g.txt
ir_mysian	ir_morimenian	kindred	ir_anatolian_g	ir_anatolian_g	same_group_kindred	ir_anatolian_g.txt
ir_mysian	ir_oroandian	kindred	ir_anatolian_g	ir_anatolian_g	same_group_kindred	ir_anatolian_g.txt
ir_mysian	ir_sarangian	positive	ir_anatolian_g	ir_persia_g	group_positive	ir_anatolian_g.txt
ir_nabatean	ir_babylonian	positive	ir_south_levantine_g	ir_east_levantine_g	group_positive	ir_south_levantine_g.txt
ir_nabatean	ir_himjar	positive	ir_south_levantine_g	ir_south_arabian_g	group_positive	ir_south_levantine_g.txt
ir_nabatean	ir_makan	kindred	ir_south_levantine_g	ir_south_levantine_g	same_group_kindred	ir_south_levantine_g.txt
ir_nabatean	ir_phoenician	positive	ir_south_levantine_g	ir_west_levantine_g	group_positive	ir_south_levantine_g.txt
ir_nabatean	ir_pubu	positive	ir_south_levantine_g	ir_pu_g	group_positive	ir_south_levantine_g.txt
ir_nabatean	ir_qedarite	kindred	ir_south_levantine_g	ir_south_levantine_g	same_group_kindred	ir_south_levantine_g.txt
ir_napatan	ir_avalitian	positive	ir_meroitic_group_g	ir_aksumite_group_g	group_positive	ir_meroitic_group_g.txt
ir_napatan	ir_boran	positive	ir_meroitic_group_g	ir_nilotic_group_g	group_positive	ir_meroitic_group_g.txt
ir_napatan	ir_lower_nubian	kindred	ir_meroitic_group_g	ir_meroitic_group_g	same_group_kindred	ir_meroitic_group_g.txt
ir_napatan	ir_meroitic	kindred	ir_meroitic_group_g	ir_meroitic_group_g	same_group_kindred	ir_meroitic_group_g.txt
ir_nasamonian	ir_adite	positive	ir_fezzani_g	ir_south_arabian_g	group_positive	ir_fezzani_g.txt
ir_nasamonian	ir_egyptian	positive	ir_fezzani_g	ir_north_african_g	group_positive	ir_fezzani_g.txt
ir_nasamonian	ir_macaean	kindred	ir_fezzani_g	ir_fezzani_g	same_group_kindred	ir_fezzani_g.txt
ir_nasamonian	ir_massaesylian	positive	ir_fezzani_g	ir_numidian_g	group_positive	ir_fezzani_g.txt
ir_nasamonian	ir_phazani	kindred	ir_fezzani_g	ir_fezzani_g	same_group_kindred	ir_fezzani_g.txt
ir_nectiberean	ir_atarantian	positive	ir_numidian_g	ir_fezzani_g	group_positive	ir_numidian_g.txt
ir_nectiberean	ir_melanogaetulian	kindred	ir_numidian_g	ir_numidian_g	same_group_kindred	ir_numidian_g.txt
ir_nectiberean	ir_mon	positive	ir_numidian_g	ir_pu_g	group_positive	ir_numidian_g.txt
ir_nectiberean	ir_nigirtean	kindred	ir_numidian_g	ir_numidian_g	same_group_kindred	ir_numidian_g.txt
ir_nectiberean	ir_turdulian	positive	ir_numidian_g	ir_iberia_g	group_positive	ir_numidian_g.txt
ir_nectiberean	ir_upper_egyptian	positive	ir_numidian_g	ir_north_african_g	group_positive	ir_numidian_g.txt
ir_nervian	ir_boian	positive	ir_belgae_group_g	ir_gallic_g	group_positive	ir_belgae_group_g.txt
ir_nervian	ir_cornovian	positive	ir_belgae_group_g	ir_britannic_g	group_positive	ir_belgae_group_g.txt
ir_nervian	ir_gutones	positive	ir_belgae_group_g	ir_germanic_g	group_positive	ir_belgae_group_g.txt
ir_nervian	ir_morinian	kindred	ir_belgae_group_g	ir_belgae_group_g	same_group_kindred	ir_belgae_group_g.txt
ir_nervian	ir_veliocassian	kindred	ir_belgae_group_g	ir_belgae_group_g	same_group_kindred	ir_belgae_group_g.txt
ir_neuric	ir_androphagian	positive	ir_baltic_g	ir_finnic_group_g	group_positive	ir_baltic_g.txt
ir_neuric	ir_gothonic	positive	ir_baltic_g	ir_germanic_g	group_positive	ir_baltic_g.txt
ir_neuric	ir_melanchlaenian	kindred	ir_baltic_g	ir_baltic_g	same_group_kindred	ir_baltic_g.txt
ir_neuric	ir_nuragic	positive	ir_baltic_g	ir_proto_european_g	group_positive	ir_baltic_g.txt
ir_neuric	ir_sporic	kindred	ir_baltic_g	ir_baltic_g	same_group_kindred	ir_baltic_g.txt
ir_nigirtean	ir_atlantean	positive	ir_numidian_g	ir_fezzani_g	group_positive	ir_numidian_g.txt
ir_nigirtean	ir_egyptian	positive	ir_numidian_g	ir_north_african_g	group_positive	ir_numidian_g.txt
ir_nigirtean	ir_nectiberean	kindred	ir_numidian_g	ir_numidian_g	same_group_kindred	ir_numidian_g.txt
ir_nigirtean	ir_numidian	kindred	ir_numidian_g	ir_numidian_g	same_group_kindred	ir_numidian_g.txt
ir_nigirtean	ir_pubu	positive	ir_numidian_g	ir_pu_g	group_positive	ir_numidian_g.txt
ir_nigirtean	ir_vasconian	positive	ir_numidian_g	ir_iberia_g	group_positive	ir_numidian_g.txt
ir_noric	ir_bellovacian	positive	ir_gallic_g	ir_belgae_group_g	group_positive	ir_gallic_g.txt
ir_noric	ir_hibernian	positive	ir_gallic_g	ir_gaelic_g	group_positive	ir_gallic_g.txt
ir_noric	ir_letobician	kindred	ir_gallic_g	ir_gallic_g	same_group_kindred	ir_gallic_g.txt
ir_noric	ir_pictonian	kindred	ir_gallic_g	ir_gallic_g	same_group_kindred	ir_gallic_g.txt
ir_noric	ir_taexalian	positive	ir_gallic_g	ir_britannic_g	group_positive	ir_gallic_g.txt
ir_noric	ir_vettonian	positive	ir_gallic_g	ir_celt_iberia_g	group_positive	ir_gallic_g.txt
ir_nubian	ir_daamoti	positive	ir_nilotic_group_g	ir_aksumite_group_g	group_positive	ir_nilotic_group_g.txt
ir_nubian	ir_lower_nubian	positive	ir_nilotic_group_g	ir_meroitic_group_g	group_positive	ir_nilotic_group_g.txt
ir_nubian	ir_moyan	kindred	ir_nilotic_group_g	ir_nilotic_group_g	same_group_kindred	ir_nilotic_group_g.txt
ir_nubian	ir_rhizophagian	kindred	ir_nilotic_group_g	ir_nilotic_group_g	same_group_kindred	ir_nilotic_group_g.txt
ir_numidian	ir_aquitani	positive	ir_numidian_g	ir_iberia_g	group_positive	ir_numidian_g.txt
ir_numidian	ir_berber	positive	ir_numidian_g	ir_fezzani_g	group_positive	ir_numidian_g.txt
ir_numidian	ir_middle_egyptian	positive	ir_numidian_g	ir_north_african_g	group_positive	ir_numidian_g.txt
ir_numidian	ir_nigirtean	kindred	ir_numidian_g	ir_numidian_g	same_group_kindred	ir_numidian_g.txt
ir_numidian	ir_perorsian	kindred	ir_numidian_g	ir_numidian_g	same_group_kindred	ir_numidian_g.txt
ir_numidian	ir_rhakine	positive	ir_numidian_g	ir_pu_g	group_positive	ir_numidian_g.txt
ir_nuragic	ir_bastarnae	positive	ir_proto_european_g	ir_germanic_g	group_positive	ir_proto_european_g.txt
ir_nuragic	ir_budinian	positive	ir_proto_european_g	ir_baltic_g	group_positive	ir_proto_european_g.txt
ir_nuragic	ir_cimmerian	positive	ir_proto_european_g	ir_scythian_east_g	group_positive	ir_proto_european_g.txt
ir_nuragic	ir_corsian	kindred	ir_proto_european_g	ir_proto_european_g	same_group_kindred	ir_proto_european_g.txt
ir_nuragic	ir_derbiccan	positive	ir_proto_european_g	ir_scythia_g	group_positive	ir_proto_european_g.txt
ir_nuragic	ir_talaiotic	kindred	ir_proto_european_g	ir_proto_european_g	same_group_kindred	ir_proto_european_g.txt
ir_oasis_egyptian	ir_berber	positive	ir_north_african_g	ir_fezzani_g	group_positive	ir_north_african_g.txt
ir_oasis_egyptian	ir_canarian	positive	ir_north_african_g	ir_numidian_g	group_positive	ir_north_african_g.txt
ir_oasis_egyptian	ir_middle_egyptian	kindred	ir_north_african_g	ir_north_african_g	same_group_kindred	ir_north_african_g.txt
ir_oasis_egyptian	ir_pubu	positive	ir_north_african_g	ir_pu_g	group_positive	ir_north_african_g.txt
ir_oasis_egyptian	ir_upper_egyptian	kindred	ir_north_african_g	ir_north_african_g	same_group_kindred	ir_north_african_g.txt
ir_odrysi	ir_aetolian	positive	ir_thrace_group_g	ir_hellenic_g	group_positive	ir_thrace_group_g.txt
ir_odrysi	ir_deraemestian	positive	ir_thrace_group_g	ir_illyrian_group_g	group_positive	ir_thrace_group_g.txt
ir_odrysi	ir_moesi	kindred	ir_thrace_group_g	ir_thrace_group_g	same_group_kindred	ir_thrace_group_g.txt
ir_odrysi	ir_triballoi	kindred	ir_thrace_group_g	ir_thrace_group_g	same_group_kindred	ir_thrace_group_g.txt
ir_ona	ir_adite	positive	ir_aksumite_group_g	ir_south_arabian_g	group_positive	ir_aksumite_group_g.txt
ir_ona	ir_erythraean	kindred	ir_aksumite_group_g	ir_aksumite_group_g	same_group_kindred	ir_aksumite_group_g.txt
ir_ona	ir_napatan	positive	ir_aksumite_group_g	ir_meroitic_group_g	group_positive	ir_aksumite_group_g.txt
ir_ona	ir_puntic	kindred	ir_aksumite_group_g	ir_aksumite_group_g	same_group_kindred	ir_aksumite_group_g.txt
ir_ona	ir_zankorian	positive	ir_aksumite_group_g	ir_nilotic_group_g	group_positive	ir_aksumite_group_g.txt
ir_oppidanian	ir_etruscan	positive	ir_celt_iberia_g	ir_latin_g	group_positive	ir_celt_iberia_g.txt
ir_oppidanian	ir_galatian	positive	ir_celt_iberia_g	ir_celto_pannonian_group_g	group_positive	ir_celt_iberia_g.txt
ir_oppidanian	ir_helvetian	positive	ir_celt_iberia_g	ir_gallic_g	group_positive	ir_celt_iberia_g.txt
ir_oppidanian	ir_lusitanian	kindred	ir_celt_iberia_g	ir_celt_iberia_g	same_group_kindred	ir_celt_iberia_g.txt
ir_oppidanian	ir_sedetanian	kindred	ir_celt_iberia_g	ir_celt_iberia_g	same_group_kindred	ir_celt_iberia_g.txt
ir_oppidanian	ir_vasconian	positive	ir_celt_iberia_g	ir_iberia_g	group_positive	ir_celt_iberia_g.txt
ir_ordovitian	ir_aduatacian	positive	ir_britannic_g	ir_belgae_group_g	group_positive	ir_britannic_g.txt
ir_ordovitian	ir_hibernian	positive	ir_britannic_g	ir_gaelic_g	group_positive	ir_britannic_g.txt
ir_ordovitian	ir_lepontic	positive	ir_britannic_g	ir_gallic_g	group_positive	ir_britannic_g.txt
ir_ordovitian	ir_monapian	kindred	ir_britannic_g	ir_britannic_g	same_group_kindred	ir_britannic_g.txt
ir_ordovitian	ir_parisian	kindred	ir_britannic_g	ir_britannic_g	same_group_kindred	ir_britannic_g.txt
ir_oretanian	ir_elesycian	positive	ir_iberia_g	ir_celt_iberia_g	group_positive	ir_iberia_g.txt
ir_oretanian	ir_lacetanian	kindred	ir_iberia_g	ir_iberia_g	same_group_kindred	ir_iberia_g.txt
ir_oretanian	ir_massylian	positive	ir_iberia_g	ir_numidian_g	group_positive	ir_iberia_g.txt
ir_oretanian	ir_turdetanian	kindred	ir_iberia_g	ir_iberia_g	same_group_kindred	ir_iberia_g.txt
ir_oretanian	ir_umbrian	positive	ir_iberia_g	ir_latin_g	group_positive	ir_iberia_g.txt
ir_oroandian	ir_caspian	positive	ir_anatolian_g	ir_caucasian_g	group_positive	ir_anatolian_g.txt
ir_oroandian	ir_enetoian	positive	ir_anatolian_g	ir_hellenic_g	group_positive	ir_anatolian_g.txt
ir_oroandian	ir_mysian	kindred	ir_anatolian_g	ir_anatolian_g	same_group_kindred	ir_anatolian_g.txt
ir_oroandian	ir_paphlagonian	kindred	ir_anatolian_g	ir_anatolian_g	same_group_kindred	ir_anatolian_g.txt
ir_oroandian	ir_sattagydian	positive	ir_anatolian_g	ir_persia_g	group_positive	ir_anatolian_g.txt
ir_pactyan	ir_derbiccan	positive	ir_persia_g	ir_scythia_g	group_positive	ir_persia_g.txt
ir_pactyan	ir_lankan	positive	ir_persia_g	ir_aryan_g	group_positive	ir_persia_g.txt
ir_pactyan	ir_lycaonian	positive	ir_persia_g	ir_anatolian_g	group_positive	ir_persia_g.txt
ir_pactyan	ir_median	kindred	ir_persia_g	ir_persia_g	same_group_kindred	ir_persia_g.txt
ir_pactyan	ir_parecanian	kindred	ir_persia_g	ir_persia_g	same_group_kindred	ir_persia_g.txt
ir_pactyan	ir_wusun	positive	ir_persia_g	ir_bactrian_g	group_positive	ir_persia_g.txt
ir_paeonian	ir_bithynian	positive	ir_illyrian_group_g	ir_thrace_group_g	group_positive	ir_illyrian_group_g.txt
ir_paeonian	ir_ciliciote	positive	ir_illyrian_group_g	ir_hellenic_g	group_positive	ir_illyrian_group_g.txt
ir_paeonian	ir_galatian	positive	ir_illyrian_group_g	ir_celto_pannonian_group_g	group_positive	ir_illyrian_group_g.txt
ir_paeonian	ir_messapian	kindred	ir_illyrian_group_g	ir_illyrian_group_g	same_group_kindred	ir_illyrian_group_g.txt
ir_paeonian	ir_pannonian	kindred	ir_illyrian_group_g	ir_illyrian_group_g	same_group_kindred	ir_illyrian_group_g.txt
ir_paeonian	ir_venetic	positive	ir_illyrian_group_g	ir_latin_g	group_positive	ir_illyrian_group_g.txt
ir_pamphylian	ir_histrian	positive	ir_hellenic_g	ir_latin_g	group_positive	ir_hellenic_g.txt
ir_pamphylian	ir_kennataian	positive	ir_hellenic_g	ir_anatolian_g	group_positive	ir_hellenic_g.txt
ir_pamphylian	ir_massalian	kindred	ir_hellenic_g	ir_hellenic_g	same_group_kindred	ir_hellenic_g.txt
ir_pamphylian	ir_pannonian	positive	ir_hellenic_g	ir_illyrian_group_g	group_positive	ir_hellenic_g.txt
ir_pamphylian	ir_peloponnesian	kindred	ir_hellenic_g	ir_hellenic_g	same_group_kindred	ir_hellenic_g.txt
ir_pamphylian	ir_triballoi	positive	ir_hellenic_g	ir_thrace_group_g	group_positive	ir_hellenic_g.txt
ir_pandra	ir_lankan	positive	ir_pracyan_g	ir_aryan_g	group_positive	ir_pracyan_g.txt
ir_pandra	ir_malla	kindred	ir_pracyan_g	ir_pracyan_g	same_group_kindred	ir_pracyan_g.txt
ir_pandra	ir_qin	positive	ir_pracyan_g	ir_chinese_g	group_positive	ir_pracyan_g.txt
ir_pandra	ir_savara	kindred	ir_pracyan_g	ir_pracyan_g	same_group_kindred	ir_pracyan_g.txt
ir_pandra	ir_tamil	positive	ir_pracyan_g	ir_indian_g	group_positive	ir_pracyan_g.txt
ir_pandra	ir_yarlung	positive	ir_pracyan_g	ir_tibetan_g	group_positive	ir_pracyan_g.txt
ir_pandyan	ir_kuntalan	kindred	ir_indian_g	ir_indian_g	same_group_kindred	ir_indian_g.txt
ir_pandyan	ir_kuru	positive	ir_indian_g	ir_aryan_g	group_positive	ir_indian_g.txt
ir_pandyan	ir_malla	positive	ir_indian_g	ir_pracyan_g	group_positive	ir_indian_g.txt
ir_pandyan	ir_tamil	kindred	ir_indian_g	ir_indian_g	same_group_kindred	ir_indian_g.txt
ir_pandyan	ir_tsang	positive	ir_indian_g	ir_tibetan_g	group_positive	ir_indian_g.txt
ir_pannonian	ir_bruttian	positive	ir_illyrian_group_g	ir_latin_g	group_positive	ir_illyrian_group_g.txt
ir_pannonian	ir_cretan	positive	ir_illyrian_group_g	ir_hellenic_g	group_positive	ir_illyrian_group_g.txt
ir_pannonian	ir_mariandynian	positive	ir_illyrian_group_g	ir_thrace_group_g	group_positive	ir_illyrian_group_g.txt
ir_pannonian	ir_paeonian	kindred	ir_illyrian_group_g	ir_illyrian_group_g	same_group_kindred	ir_illyrian_group_g.txt
ir_pannonian	ir_taulantian	kindred	ir_illyrian_group_g	ir_illyrian_group_g	same_group_kindred	ir_illyrian_group_g.txt
ir_pannonian	ir_tylian	positive	ir_illyrian_group_g	ir_celto_pannonian_group_g	group_positive	ir_illyrian_group_g.txt
ir_paphlagonian	ir_colchian	positive	ir_anatolian_g	ir_caucasian_g	group_positive	ir_anatolian_g.txt
ir_paphlagonian	ir_epirote	positive	ir_anatolian_g	ir_hellenic_g	group_positive	ir_anatolian_g.txt
ir_paphlagonian	ir_oroandian	kindred	ir_anatolian_g	ir_anatolian_g	same_group_kindred	ir_anatolian_g.txt
ir_paphlagonian	ir_phrygian	kindred	ir_anatolian_g	ir_anatolian_g	same_group_kindred	ir_anatolian_g.txt
ir_paphlagonian	ir_utian	positive	ir_anatolian_g	ir_persia_g	group_positive	ir_anatolian_g.txt
ir_parecanian	ir_jurcan	positive	ir_persia_g	ir_scythia_g	group_positive	ir_persia_g.txt
ir_parecanian	ir_lycian	positive	ir_persia_g	ir_anatolian_g	group_positive	ir_persia_g.txt
ir_parecanian	ir_maharashtran	positive	ir_persia_g	ir_aryan_g	group_positive	ir_persia_g.txt
ir_parecanian	ir_pactyan	kindred	ir_persia_g	ir_persia_g	same_group_kindred	ir_persia_g.txt
ir_parecanian	ir_parthian	kindred	ir_persia_g	ir_persia_g	same_group_kindred	ir_persia_g.txt
ir_parecanian	ir_yuezhi	positive	ir_persia_g	ir_bactrian_g	group_positive	ir_persia_g.txt
ir_parisian	ir_belgae	positive	ir_britannic_g	ir_belgae_group_g	group_positive	ir_britannic_g.txt
ir_parisian	ir_letobician	positive	ir_britannic_g	ir_gallic_g	group_positive	ir_britannic_g.txt
ir_parisian	ir_manavian	positive	ir_britannic_g	ir_gaelic_g	group_positive	ir_britannic_g.txt
ir_parisian	ir_ordovitian	kindred	ir_britannic_g	ir_britannic_g	same_group_kindred	ir_britannic_g.txt
ir_parisian	ir_taexalian	kindred	ir_britannic_g	ir_britannic_g	same_group_kindred	ir_britannic_g.txt
ir_parthian	ir_bactrian	positive	ir_persia_g	ir_bactrian_g	group_positive	ir_persia_g.txt
ir_parthian	ir_kharesmian	positive	ir_persia_g	ir_scythia_g	group_positive	ir_persia_g.txt
ir_parthian	ir_lydian	positive	ir_persia_g	ir_anatolian_g	group_positive	ir_persia_g.txt
ir_parthian	ir_matsya	positive	ir_persia_g	ir_aryan_g	group_positive	ir_persia_g.txt
ir_parthian	ir_parecanian	kindred	ir_persia_g	ir_persia_g	same_group_kindred	ir_persia_g.txt
ir_parthian	ir_pasargadi	kindred	ir_persia_g	ir_persia_g	same_group_kindred	ir_persia_g.txt
ir_parthian	ir_sakan	positive	ir_persia_g	ir_scythia_g	pair_override	ir_persia_g.txt
ir_parthian	ir_scythian	positive	ir_persia_g	ir_scythian_east_g	pair_override	ir_persia_g.txt
ir_pasargadi	ir_khotanese	positive	ir_persia_g	ir_scythia_g	group_positive	ir_persia_g.txt
ir_pasargadi	ir_margian	positive	ir_persia_g	ir_bactrian_g	group_positive	ir_persia_g.txt
ir_pasargadi	ir_milyadian	positive	ir_persia_g	ir_anatolian_g	group_positive	ir_persia_g.txt
ir_pasargadi	ir_mitanni	positive	ir_persia_g	ir_aryan_g	group_positive	ir_persia_g.txt
ir_pasargadi	ir_parthian	kindred	ir_persia_g	ir_persia_g	same_group_kindred	ir_persia_g.txt
ir_pasargadi	ir_sagartian	kindred	ir_persia_g	ir_persia_g	same_group_kindred	ir_persia_g.txt
ir_peloponnesian	ir_bithynian	positive	ir_hellenic_g	ir_thrace_group_g	group_positive	ir_hellenic_g.txt
ir_peloponnesian	ir_lalasian	positive	ir_hellenic_g	ir_anatolian_g	group_positive	ir_hellenic_g.txt
ir_peloponnesian	ir_ligurian	positive	ir_hellenic_g	ir_latin_g	group_positive	ir_hellenic_g.txt
ir_peloponnesian	ir_pamphylian	kindred	ir_hellenic_g	ir_hellenic_g	same_group_kindred	ir_hellenic_g.txt
ir_peloponnesian	ir_syracusan	kindred	ir_hellenic_g	ir_hellenic_g	same_group_kindred	ir_hellenic_g.txt
ir_peloponnesian	ir_taulantian	positive	ir_hellenic_g	ir_illyrian_group_g	group_positive	ir_hellenic_g.txt
ir_perorsian	ir_ausetanian	positive	ir_numidian_g	ir_iberia_g	group_positive	ir_numidian_g.txt
ir_perorsian	ir_garamantic	positive	ir_numidian_g	ir_fezzani_g	group_positive	ir_numidian_g.txt
ir_perorsian	ir_numidian	kindred	ir_numidian_g	ir_numidian_g	same_group_kindred	ir_numidian_g.txt
ir_perorsian	ir_oasis_egyptian	positive	ir_numidian_g	ir_north_african_g	group_positive	ir_numidian_g.txt
ir_perorsian	ir_pharusian	kindred	ir_numidian_g	ir_numidian_g	same_group_kindred	ir_numidian_g.txt
ir_perorsian	ir_shan	positive	ir_numidian_g	ir_pu_g	group_positive	ir_numidian_g.txt
ir_pharusian	ir_bastetanian	positive	ir_numidian_g	ir_iberia_g	group_positive	ir_numidian_g.txt
ir_pharusian	ir_gyzantian	positive	ir_numidian_g	ir_fezzani_g	group_positive	ir_numidian_g.txt
ir_pharusian	ir_jaintia	positive	ir_numidian_g	ir_pu_g	group_positive	ir_numidian_g.txt
ir_pharusian	ir_perorsian	kindred	ir_numidian_g	ir_numidian_g	same_group_kindred	ir_numidian_g.txt
ir_pharusian	ir_socossian	kindred	ir_numidian_g	ir_numidian_g	same_group_kindred	ir_numidian_g.txt
ir_pharusian	ir_upper_egyptian	positive	ir_numidian_g	ir_north_african_g	group_positive	ir_numidian_g.txt
ir_phazani	ir_hadhrami	positive	ir_fezzani_g	ir_south_arabian_g	group_positive	ir_fezzani_g.txt
ir_phazani	ir_massylian	positive	ir_fezzani_g	ir_numidian_g	group_positive	ir_fezzani_g.txt
ir_phazani	ir_middle_egyptian	positive	ir_fezzani_g	ir_north_african_g	group_positive	ir_fezzani_g.txt
ir_phazani	ir_nasamonian	kindred	ir_fezzani_g	ir_fezzani_g	same_group_kindred	ir_fezzani_g.txt
ir_phazani	ir_psyllic	kindred	ir_fezzani_g	ir_fezzani_g	same_group_kindred	ir_fezzani_g.txt
ir_phoenician	ir_babylonian	positive	ir_west_levantine_g	ir_east_levantine_g	group_positive	ir_west_levantine_g.txt
ir_phoenician	ir_carthaginian	kindred	ir_west_levantine_g	ir_west_levantine_g	same_group_kindred	ir_west_levantine_g.txt
ir_phoenician	ir_egyptian	positive	ir_west_levantine_g	ir_north_african_g	pair_override	ir_west_levantine_g.txt
ir_phoenician	ir_hebrew	positive	ir_west_levantine_g	ir_west_levantine_g	pair_override	ir_west_levantine_g.txt
ir_phoenician	ir_nabatean	positive	ir_west_levantine_g	ir_south_levantine_g	group_positive	ir_west_levantine_g.txt
ir_phoenician	ir_pubu	positive	ir_west_levantine_g	ir_pu_g	group_positive	ir_west_levantine_g.txt
ir_phrygian	ir_euboean	positive	ir_anatolian_g	ir_hellenic_g	group_positive	ir_anatolian_g.txt
ir_phrygian	ir_gelaean	positive	ir_anatolian_g	ir_caucasian_g	group_positive	ir_anatolian_g.txt
ir_phrygian	ir_paphlagonian	kindred	ir_anatolian_g	ir_anatolian_g	same_group_kindred	ir_anatolian_g.txt
ir_phrygian	ir_pisidian	kindred	ir_anatolian_g	ir_anatolian_g	same_group_kindred	ir_anatolian_g.txt
ir_phrygian	ir_uxian	positive	ir_anatolian_g	ir_persia_g	group_positive	ir_anatolian_g.txt
ir_phryni	ir_carmanian	positive	ir_bactrian_g	ir_persia_g	group_positive	ir_bactrian_g.txt
ir_phryni	ir_dardic	positive	ir_bactrian_g	ir_aryan_g	group_positive	ir_bactrian_g.txt
ir_phryni	ir_gelonian	positive	ir_bactrian_g	ir_scythian_east_g	group_positive	ir_bactrian_g.txt
ir_phryni	ir_margian	kindred	ir_bactrian_g	ir_bactrian_g	same_group_kindred	ir_bactrian_g.txt
ir_phryni	ir_saka	kindred	ir_bactrian_g	ir_bactrian_g	same_group_kindred	ir_bactrian_g.txt
ir_pictonian	ir_asturian	positive	ir_gallic_g	ir_celt_iberia_g	group_positive	ir_gallic_g.txt
ir_pictonian	ir_eburonian	positive	ir_gallic_g	ir_belgae_group_g	group_positive	ir_gallic_g.txt
ir_pictonian	ir_manavian	positive	ir_gallic_g	ir_gaelic_g	group_positive	ir_gallic_g.txt
ir_pictonian	ir_noric	kindred	ir_gallic_g	ir_gallic_g	same_group_kindred	ir_gallic_g.txt
ir_pictonian	ir_salluvian	kindred	ir_gallic_g	ir_gallic_g	same_group_kindred	ir_gallic_g.txt
ir_pictonian	ir_trinovantian	positive	ir_gallic_g	ir_britannic_g	group_positive	ir_gallic_g.txt
ir_pisidian	ir_amardian	positive	ir_anatolian_g	ir_persia_g	group_positive	ir_anatolian_g.txt
ir_pisidian	ir_armenian	kindred	ir_anatolian_g	ir_anatolian_g	same_group_kindred	ir_anatolian_g.txt
ir_pisidian	ir_greco_indian	positive	ir_anatolian_g	ir_hellenic_g	group_positive	ir_anatolian_g.txt
ir_pisidian	ir_ibero	positive	ir_anatolian_g	ir_caucasian_g	group_positive	ir_anatolian_g.txt
ir_pisidian	ir_phrygian	kindred	ir_anatolian_g	ir_anatolian_g	same_group_kindred	ir_anatolian_g.txt
ir_psyllic	ir_atarantian	kindred	ir_fezzani_g	ir_fezzani_g	same_group_kindred	ir_fezzani_g.txt
ir_psyllic	ir_himjar	positive	ir_fezzani_g	ir_south_arabian_g	group_positive	ir_fezzani_g.txt
ir_psyllic	ir_melanogaetulian	positive	ir_fezzani_g	ir_numidian_g	group_positive	ir_fezzani_g.txt
ir_psyllic	ir_oasis_egyptian	positive	ir_fezzani_g	ir_north_african_g	group_positive	ir_fezzani_g.txt
ir_psyllic	ir_phazani	kindred	ir_fezzani_g	ir_fezzani_g	same_group_kindred	ir_fezzani_g.txt
ir_pubu	ir_babylonian	positive	ir_pu_g	ir_east_levantine_g	group_positive	ir_pu_g.txt
ir_pubu	ir_canarian	positive	ir_pu_g	ir_numidian_g	group_positive	ir_pu_g.txt
ir_pubu	ir_mon	kindred	ir_pu_g	ir_pu_g	same_group_kindred	ir_pu_g.txt
ir_pubu	ir_nabatean	positive	ir_pu_g	ir_south_levantine_g	group_positive	ir_pu_g.txt
ir_pubu	ir_oasis_egyptian	positive	ir_pu_g	ir_north_african_g	group_positive	ir_pu_g.txt
ir_pubu	ir_phoenician	positive	ir_pu_g	ir_west_levantine_g	group_positive	ir_pu_g.txt
ir_pubu	ir_rhakine	kindred	ir_pu_g	ir_pu_g	same_group_kindred	ir_pu_g.txt
ir_puntic	ir_adabulian	positive	ir_aksumite_group_g	ir_nilotic_group_g	group_positive	ir_aksumite_group_g.txt
ir_puntic	ir_aksumite	kindred	ir_aksumite_group_g	ir_aksumite_group_g	same_group_kindred	ir_aksumite_group_g.txt
ir_puntic	ir_hadhrami	positive	ir_aksumite_group_g	ir_south_arabian_g	pair_override	ir_aksumite_group_g.txt
ir_puntic	ir_lower_nubian	positive	ir_aksumite_group_g	ir_meroitic_group_g	group_positive	ir_aksumite_group_g.txt
ir_puntic	ir_ona	kindred	ir_aksumite_group_g	ir_aksumite_group_g	same_group_kindred	ir_aksumite_group_g.txt
ir_purus	ir_bangli	positive	ir_aryan_g	ir_pracyan_g	group_positive	ir_aryan_g.txt
ir_purus	ir_cheran	positive	ir_aryan_g	ir_indian_g	group_positive	ir_aryan_g.txt
ir_purus	ir_mulaka	kindred	ir_aryan_g	ir_aryan_g	same_group_kindred	ir_aryan_g.txt
ir_purus	ir_rathikan	kindred	ir_aryan_g	ir_aryan_g	same_group_kindred	ir_aryan_g.txt
ir_purus	ir_saka	positive	ir_aryan_g	ir_bactrian_g	group_positive	ir_aryan_g.txt
ir_purus	ir_sarangian	positive	ir_aryan_g	ir_persia_g	group_positive	ir_aryan_g.txt
ir_pyu	ir_alupan	positive	ir_tibetan_g	ir_indian_g	group_positive	ir_tibetan_g.txt
ir_pyu	ir_atavi	positive	ir_tibetan_g	ir_pracyan_g	group_positive	ir_tibetan_g.txt
ir_pyu	ir_sumpa	kindred	ir_tibetan_g	ir_tibetan_g	same_group_kindred	ir_tibetan_g.txt
ir_pyu	ir_zhangzhung	kindred	ir_tibetan_g	ir_tibetan_g	same_group_kindred	ir_tibetan_g.txt
ir_qatabanian	ir_blemmye	positive	ir_south_arabian_g	ir_aksumite_group_g	group_positive	ir_south_arabian_g.txt
ir_qatabanian	ir_libyan	positive	ir_south_arabian_g	ir_fezzani_g	group_positive	ir_south_arabian_g.txt
ir_qatabanian	ir_minaean	kindred	ir_south_arabian_g	ir_south_arabian_g	same_group_kindred	ir_south_arabian_g.txt
ir_qatabanian	ir_samad	kindred	ir_south_arabian_g	ir_south_arabian_g	same_group_kindred	ir_south_arabian_g.txt
ir_qatabanian	ir_thamudi	positive	ir_south_arabian_g	ir_south_levantine_g	group_positive	ir_south_arabian_g.txt
ir_qedarite	ir_cardukoi	positive	ir_south_levantine_g	ir_east_levantine_g	group_positive	ir_south_levantine_g.txt
ir_qedarite	ir_carthaginian	positive	ir_south_levantine_g	ir_west_levantine_g	group_positive	ir_south_levantine_g.txt
ir_qedarite	ir_kindite	positive	ir_south_levantine_g	ir_south_arabian_g	group_positive	ir_south_levantine_g.txt
ir_qedarite	ir_nabatean	kindred	ir_south_levantine_g	ir_south_levantine_g	same_group_kindred	ir_south_levantine_g.txt
ir_qedarite	ir_rhakine	positive	ir_south_levantine_g	ir_pu_g	group_positive	ir_south_levantine_g.txt
ir_qedarite	ir_taif	kindred	ir_south_levantine_g	ir_south_levantine_g	same_group_kindred	ir_south_levantine_g.txt
ir_qin	ir_atavi	positive	ir_chinese_g	ir_pracyan_g	group_positive	ir_chinese_g.txt
ir_ratacensi	ir_biephi	kindred	ir_dacia_group_g	ir_dacia_group_g	same_group_kindred	ir_dacia_group_g.txt
ir_ratacensi	ir_harpii	kindred	ir_dacia_group_g	ir_dacia_group_g	same_group_kindred	ir_dacia_group_g.txt
ir_rathikan	ir_cholan	positive	ir_aryan_g	ir_indian_g	group_positive	ir_aryan_g.txt
ir_rathikan	ir_himalayan	positive	ir_aryan_g	ir_pracyan_g	group_positive	ir_aryan_g.txt
ir_rathikan	ir_purus	kindred	ir_aryan_g	ir_aryan_g	same_group_kindred	ir_aryan_g.txt
ir_rathikan	ir_sattagydian	positive	ir_aryan_g	ir_persia_g	group_positive	ir_aryan_g.txt
ir_rathikan	ir_saurashtran	kindred	ir_aryan_g	ir_aryan_g	same_group_kindred	ir_aryan_g.txt
ir_rathikan	ir_shule	positive	ir_aryan_g	ir_bactrian_g	group_positive	ir_aryan_g.txt
ir_raumarician	ir_budinian	positive	ir_germanic_g	ir_baltic_g	group_positive	ir_germanic_g.txt
ir_raumarician	ir_fennic	positive	ir_germanic_g	ir_finnic_group_g	group_positive	ir_germanic_g.txt
ir_raumarician	ir_lemovian	kindred	ir_germanic_g	ir_germanic_g	same_group_kindred	ir_germanic_g.txt
ir_raumarician	ir_nuragic	positive	ir_germanic_g	ir_proto_european_g	group_positive	ir_germanic_g.txt
ir_raumarician	ir_reudingian	kindred	ir_germanic_g	ir_germanic_g	same_group_kindred	ir_germanic_g.txt
ir_raumarician	ir_veliocassian	positive	ir_germanic_g	ir_belgae_group_g	group_positive	ir_germanic_g.txt
ir_reudingian	ir_aduatacian	positive	ir_germanic_g	ir_belgae_group_g	group_positive	ir_germanic_g.txt
ir_reudingian	ir_chernolian	positive	ir_germanic_g	ir_baltic_g	group_positive	ir_germanic_g.txt
ir_reudingian	ir_mordvin	positive	ir_germanic_g	ir_finnic_group_g	group_positive	ir_germanic_g.txt
ir_reudingian	ir_raumarician	kindred	ir_germanic_g	ir_germanic_g	same_group_kindred	ir_germanic_g.txt
ir_reudingian	ir_rugian	kindred	ir_germanic_g	ir_germanic_g	same_group_kindred	ir_germanic_g.txt
ir_reudingian	ir_talaiotic	positive	ir_germanic_g	ir_proto_european_g	group_positive	ir_germanic_g.txt
ir_rhaetian	ir_argolian	positive	ir_latin_g	ir_hellenic_g	group_positive	ir_latin_g.txt
ir_rhaetian	ir_carpetanian	positive	ir_latin_g	ir_celt_iberia_g	group_positive	ir_latin_g.txt
ir_rhaetian	ir_greco_illyrian	positive	ir_latin_g	ir_illyrian_group_g	group_positive	ir_latin_g.txt
ir_rhaetian	ir_ilercavonian	positive	ir_latin_g	ir_iberia_g	group_positive	ir_latin_g.txt
ir_rhaetian	ir_lucanian	kindred	ir_latin_g	ir_latin_g	same_group_kindred	ir_latin_g.txt
ir_rhaetian	ir_roman	kindred	ir_latin_g	ir_latin_g	same_group_kindred	ir_latin_g.txt
ir_rhakine	ir_capariensian	positive	ir_pu_g	ir_numidian_g	group_positive	ir_pu_g.txt
ir_rhakine	ir_cardukoi	positive	ir_pu_g	ir_east_levantine_g	group_positive	ir_pu_g.txt
ir_rhakine	ir_carthaginian	positive	ir_pu_g	ir_west_levantine_g	group_positive	ir_pu_g.txt
ir_rhakine	ir_pubu	kindred	ir_pu_g	ir_pu_g	same_group_kindred	ir_pu_g.txt
ir_rhakine	ir_qedarite	positive	ir_pu_g	ir_south_levantine_g	group_positive	ir_pu_g.txt
ir_rhakine	ir_shan	kindred	ir_pu_g	ir_pu_g	same_group_kindred	ir_pu_g.txt
ir_rhakine	ir_upper_egyptian	positive	ir_pu_g	ir_north_african_g	group_positive	ir_pu_g.txt
ir_rhizophagian	ir_erythraean	positive	ir_nilotic_group_g	ir_aksumite_group_g	group_positive	ir_nilotic_group_g.txt
ir_rhizophagian	ir_meroitic	positive	ir_nilotic_group_g	ir_meroitic_group_g	group_positive	ir_nilotic_group_g.txt
ir_rhizophagian	ir_nubian	kindred	ir_nilotic_group_g	ir_nilotic_group_g	same_group_kindred	ir_nilotic_group_g.txt
ir_rhizophagian	ir_zankorian	kindred	ir_nilotic_group_g	ir_nilotic_group_g	same_group_kindred	ir_nilotic_group_g.txt
ir_roman	ir_athenian	positive	ir_latin_g	ir_hellenic_g	pair_override	ir_latin_g.txt
ir_roman	ir_carthaginian	negative	ir_latin_g	ir_west_levantine_g	pair_override	ir_latin_g.txt
ir_roman	ir_celtiberian	positive	ir_latin_g	ir_celt_iberia_g	group_positive	ir_latin_g.txt
ir_roman	ir_iapodian	positive	ir_latin_g	ir_illyrian_group_g	group_positive	ir_latin_g.txt
ir_roman	ir_ilergetian	positive	ir_latin_g	ir_iberia_g	group_positive	ir_latin_g.txt
ir_roman	ir_macedonian	positive	ir_latin_g	ir_hellenic_g	pair_override	ir_latin_g.txt
ir_roman	ir_rhaetian	kindred	ir_latin_g	ir_latin_g	same_group_kindred	ir_latin_g.txt
ir_roman	ir_samnite	kindred	ir_latin_g	ir_latin_g	same_group_kindred	ir_latin_g.txt
ir_rugian	ir_belgae	positive	ir_germanic_g	ir_belgae_group_g	group_positive	ir_germanic_g.txt
ir_rugian	ir_corsian	positive	ir_germanic_g	ir_proto_european_g	group_positive	ir_germanic_g.txt
ir_rugian	ir_melanchlaenian	positive	ir_germanic_g	ir_baltic_g	group_positive	ir_germanic_g.txt
ir_rugian	ir_reudingian	kindred	ir_germanic_g	ir_germanic_g	same_group_kindred	ir_germanic_g.txt
ir_rugian	ir_saxonian	kindred	ir_germanic_g	ir_germanic_g	same_group_kindred	ir_germanic_g.txt
ir_rugian	ir_volgaic	positive	ir_germanic_g	ir_finnic_group_g	group_positive	ir_germanic_g.txt
ir_sagartian	ir_massagetaean	positive	ir_persia_g	ir_scythia_g	group_positive	ir_persia_g.txt
ir_sagartian	ir_morimenian	positive	ir_persia_g	ir_anatolian_g	group_positive	ir_persia_g.txt
ir_sagartian	ir_mulaka	positive	ir_persia_g	ir_aryan_g	group_positive	ir_persia_g.txt
ir_sagartian	ir_pasargadi	kindred	ir_persia_g	ir_persia_g	same_group_kindred	ir_persia_g.txt
ir_sagartian	ir_phryni	positive	ir_persia_g	ir_bactrian_g	group_positive	ir_persia_g.txt
ir_sagartian	ir_sarangian	kindred	ir_persia_g	ir_persia_g	same_group_kindred	ir_persia_g.txt
ir_saka	ir_cossian	positive	ir_bactrian_g	ir_persia_g	group_positive	ir_bactrian_g.txt
ir_saka	ir_dhivehi	positive	ir_bactrian_g	ir_aryan_g	group_positive	ir_bactrian_g.txt
ir_saka	ir_phryni	kindred	ir_bactrian_g	ir_bactrian_g	same_group_kindred	ir_bactrian_g.txt
ir_saka	ir_sarmatian	positive	ir_bactrian_g	ir_scythian_east_g	group_positive	ir_bactrian_g.txt
ir_saka	ir_shule	kindred	ir_bactrian_g	ir_bactrian_g	same_group_kindred	ir_bactrian_g.txt
ir_sakan	ir_alani	kindred	ir_scythia_g	ir_scythia_g	same_group_kindred	ir_scythia_g.txt
ir_sakan	ir_corsian	positive	ir_scythia_g	ir_proto_european_g	group_positive	ir_scythia_g.txt
ir_sakan	ir_hyrcanian	positive	ir_scythia_g	ir_persia_g	group_positive	ir_scythia_g.txt
ir_sakan	ir_massagetaean	kindred	ir_scythia_g	ir_scythia_g	same_group_kindred	ir_scythia_g.txt
ir_sakan	ir_parthian	positive	ir_scythia_g	ir_persia_g	pair_override	ir_scythia_g.txt
ir_sakan	ir_thyssagetaen	positive	ir_scythia_g	ir_scythian_east_g	group_positive	ir_scythia_g.txt
ir_salluvian	ir_autrigonian	positive	ir_gallic_g	ir_celt_iberia_g	group_positive	ir_gallic_g.txt
ir_salluvian	ir_hibernian	positive	ir_gallic_g	ir_gaelic_g	group_positive	ir_gallic_g.txt
ir_salluvian	ir_morinian	positive	ir_gallic_g	ir_belgae_group_g	group_positive	ir_gallic_g.txt
ir_salluvian	ir_pictonian	kindred	ir_gallic_g	ir_gallic_g	same_group_kindred	ir_gallic_g.txt
ir_salluvian	ir_santonian	kindred	ir_gallic_g	ir_gallic_g	same_group_kindred	ir_gallic_g.txt
ir_salluvian	ir_voluntian	positive	ir_gallic_g	ir_britannic_g	group_positive	ir_gallic_g.txt
ir_samad	ir_daamoti	positive	ir_south_arabian_g	ir_aksumite_group_g	group_positive	ir_south_arabian_g.txt
ir_samad	ir_lotophagoi	positive	ir_south_arabian_g	ir_fezzani_g	group_positive	ir_south_arabian_g.txt
ir_samad	ir_qatabanian	kindred	ir_south_arabian_g	ir_south_arabian_g	same_group_kindred	ir_south_arabian_g.txt
ir_samad	ir_sheban	kindred	ir_south_arabian_g	ir_south_arabian_g	same_group_kindred	ir_south_arabian_g.txt
ir_samad	ir_yamama	positive	ir_south_arabian_g	ir_south_levantine_g	group_positive	ir_south_arabian_g.txt
ir_samnite	ir_boeotian	positive	ir_latin_g	ir_hellenic_g	group_positive	ir_latin_g.txt
ir_samnite	ir_celtician	positive	ir_latin_g	ir_celt_iberia_g	group_positive	ir_latin_g.txt
ir_samnite	ir_indiketian	positive	ir_latin_g	ir_iberia_g	group_positive	ir_latin_g.txt
ir_samnite	ir_liburnian	positive	ir_latin_g	ir_illyrian_group_g	group_positive	ir_latin_g.txt
ir_samnite	ir_roman	kindred	ir_latin_g	ir_latin_g	same_group_kindred	ir_latin_g.txt
ir_samnite	ir_siculian	kindred	ir_latin_g	ir_latin_g	same_group_kindred	ir_latin_g.txt
ir_santonian	ir_callaecian	positive	ir_gallic_g	ir_celt_iberia_g	group_positive	ir_gallic_g.txt
ir_santonian	ir_manavian	positive	ir_gallic_g	ir_gaelic_g	group_positive	ir_gallic_g.txt
ir_santonian	ir_nervian	positive	ir_gallic_g	ir_belgae_group_g	group_positive	ir_gallic_g.txt
ir_santonian	ir_salluvian	kindred	ir_gallic_g	ir_gallic_g	same_group_kindred	ir_gallic_g.txt
ir_santonian	ir_sennonian	kindred	ir_gallic_g	ir_gallic_g	same_group_kindred	ir_gallic_g.txt
ir_santonian	ir_votadinian	positive	ir_gallic_g	ir_britannic_g	group_positive	ir_gallic_g.txt
ir_sarangian	ir_mysian	positive	ir_persia_g	ir_anatolian_g	group_positive	ir_persia_g.txt
ir_sarangian	ir_purus	positive	ir_persia_g	ir_aryan_g	group_positive	ir_persia_g.txt
ir_sarangian	ir_sagartian	kindred	ir_persia_g	ir_persia_g	same_group_kindred	ir_persia_g.txt
ir_sarangian	ir_saka	positive	ir_persia_g	ir_bactrian_g	group_positive	ir_persia_g.txt
ir_sarangian	ir_sakan	positive	ir_persia_g	ir_scythia_g	group_positive	ir_persia_g.txt
ir_sarangian	ir_sattagydian	kindred	ir_persia_g	ir_persia_g	same_group_kindred	ir_persia_g.txt
ir_sarmatian	ir_corsian	positive	ir_scythian_east_g	ir_proto_european_g	group_positive	ir_scythian_east_g.txt
ir_sarmatian	ir_gelonian	kindred	ir_scythian_east_g	ir_scythian_east_g	same_group_kindred	ir_scythian_east_g.txt
ir_sarmatian	ir_kharesmian	positive	ir_scythian_east_g	ir_scythia_g	group_positive	ir_scythian_east_g.txt
ir_sarmatian	ir_saka	positive	ir_scythian_east_g	ir_bactrian_g	group_positive	ir_scythian_east_g.txt
ir_sarmatian	ir_scythian	kindred	ir_scythian_east_g	ir_scythian_east_g	same_group_kindred	ir_scythian_east_g.txt
ir_sasperian	ir_lycian	positive	ir_caucasian_g	ir_anatolian_g	group_positive	ir_caucasian_g.txt
ir_sasperian	ir_maeotian	kindred	ir_caucasian_g	ir_caucasian_g	same_group_kindred	ir_caucasian_g.txt
ir_sasperian	ir_sindi	kindred	ir_caucasian_g	ir_caucasian_g	same_group_kindred	ir_caucasian_g.txt
ir_sattagydian	ir_alani	positive	ir_persia_g	ir_scythia_g	group_positive	ir_persia_g.txt
ir_sattagydian	ir_oroandian	positive	ir_persia_g	ir_anatolian_g	group_positive	ir_persia_g.txt
ir_sattagydian	ir_rathikan	positive	ir_persia_g	ir_aryan_g	group_positive	ir_persia_g.txt
ir_sattagydian	ir_sarangian	kindred	ir_persia_g	ir_persia_g	same_group_kindred	ir_persia_g.txt
ir_sattagydian	ir_shule	positive	ir_persia_g	ir_bactrian_g	group_positive	ir_persia_g.txt
ir_sattagydian	ir_utian	kindred	ir_persia_g	ir_persia_g	same_group_kindred	ir_persia_g.txt
ir_saurashtran	ir_kalingan	positive	ir_aryan_g	ir_pracyan_g	group_positive	ir_aryan_g.txt
ir_saurashtran	ir_kannadan	positive	ir_aryan_g	ir_indian_g	group_positive	ir_aryan_g.txt
ir_saurashtran	ir_rathikan	kindred	ir_aryan_g	ir_aryan_g	same_group_kindred	ir_aryan_g.txt
ir_saurashtran	ir_shauraseni	kindred	ir_aryan_g	ir_aryan_g	same_group_kindred	ir_aryan_g.txt
ir_saurashtran	ir_sogdian	positive	ir_aryan_g	ir_bactrian_g	group_positive	ir_aryan_g.txt
ir_saurashtran	ir_utian	positive	ir_aryan_g	ir_persia_g	group_positive	ir_aryan_g.txt
ir_savara	ir_maharashtran	positive	ir_pracyan_g	ir_aryan_g	group_positive	ir_pracyan_g.txt
ir_savara	ir_pandra	kindred	ir_pracyan_g	ir_pracyan_g	same_group_kindred	ir_pracyan_g.txt
ir_savara	ir_qin	positive	ir_pracyan_g	ir_chinese_g	group_positive	ir_pracyan_g.txt
ir_savara	ir_telugu	positive	ir_pracyan_g	ir_indian_g	group_positive	ir_pracyan_g.txt
ir_savara	ir_vanga	kindred	ir_pracyan_g	ir_pracyan_g	same_group_kindred	ir_pracyan_g.txt
ir_savara	ir_zhangzhung	positive	ir_pracyan_g	ir_tibetan_g	group_positive	ir_pracyan_g.txt
ir_saxonian	ir_androphagian	positive	ir_germanic_g	ir_finnic_group_g	group_positive	ir_germanic_g.txt
ir_saxonian	ir_bellovacian	positive	ir_germanic_g	ir_belgae_group_g	group_positive	ir_germanic_g.txt
ir_saxonian	ir_neuric	positive	ir_germanic_g	ir_baltic_g	group_positive	ir_germanic_g.txt
ir_saxonian	ir_nuragic	positive	ir_germanic_g	ir_proto_european_g	group_positive	ir_germanic_g.txt
ir_saxonian	ir_rugian	kindred	ir_germanic_g	ir_germanic_g	same_group_kindred	ir_germanic_g.txt
ir_saxonian	ir_scandian	kindred	ir_germanic_g	ir_germanic_g	same_group_kindred	ir_germanic_g.txt
ir_scandian	ir_eburonian	positive	ir_germanic_g	ir_belgae_group_g	group_positive	ir_germanic_g.txt
ir_scandian	ir_fennic	positive	ir_germanic_g	ir_finnic_group_g	group_positive	ir_germanic_g.txt
ir_scandian	ir_saxonian	kindred	ir_germanic_g	ir_germanic_g	same_group_kindred	ir_germanic_g.txt
ir_scandian	ir_sporic	positive	ir_germanic_g	ir_baltic_g	group_positive	ir_germanic_g.txt
ir_scandian	ir_suebian	kindred	ir_germanic_g	ir_germanic_g	same_group_kindred	ir_germanic_g.txt
ir_scandian	ir_talaiotic	positive	ir_germanic_g	ir_proto_european_g	group_positive	ir_germanic_g.txt
ir_scythian	ir_khotanese	positive	ir_scythian_east_g	ir_scythia_g	group_positive	ir_scythian_east_g.txt
ir_scythian	ir_nuragic	positive	ir_scythian_east_g	ir_proto_european_g	group_positive	ir_scythian_east_g.txt
ir_scythian	ir_parthian	positive	ir_scythian_east_g	ir_persia_g	pair_override	ir_scythian_east_g.txt
ir_scythian	ir_sarmatian	kindred	ir_scythian_east_g	ir_scythian_east_g	same_group_kindred	ir_scythian_east_g.txt
ir_scythian	ir_shule	positive	ir_scythian_east_g	ir_bactrian_g	group_positive	ir_scythian_east_g.txt
ir_scythian	ir_siraci	kindred	ir_scythian_east_g	ir_scythian_east_g	same_group_kindred	ir_scythian_east_g.txt
ir_sedetanian	ir_aquitani	positive	ir_celt_iberia_g	ir_iberia_g	group_positive	ir_celt_iberia_g.txt
ir_sedetanian	ir_histrian	positive	ir_celt_iberia_g	ir_latin_g	group_positive	ir_celt_iberia_g.txt
ir_sedetanian	ir_lemovician	positive	ir_celt_iberia_g	ir_gallic_g	group_positive	ir_celt_iberia_g.txt
ir_sedetanian	ir_oppidanian	kindred	ir_celt_iberia_g	ir_celt_iberia_g	same_group_kindred	ir_celt_iberia_g.txt
ir_sedetanian	ir_tylian	positive	ir_celt_iberia_g	ir_celto_pannonian_group_g	group_positive	ir_celt_iberia_g.txt
ir_sedetanian	ir_vaccaeian	kindred	ir_celt_iberia_g	ir_celt_iberia_g	same_group_kindred	ir_celt_iberia_g.txt
ir_sennonian	ir_brigantic	positive	ir_gallic_g	ir_britannic_g	group_positive	ir_gallic_g.txt
ir_sennonian	ir_cantabrian	positive	ir_gallic_g	ir_celt_iberia_g	group_positive	ir_gallic_g.txt
ir_sennonian	ir_hibernian	positive	ir_gallic_g	ir_gaelic_g	group_positive	ir_gallic_g.txt
ir_sennonian	ir_santonian	kindred	ir_gallic_g	ir_gallic_g	same_group_kindred	ir_gallic_g.txt
ir_sennonian	ir_teurian	kindred	ir_gallic_g	ir_gallic_g	same_group_kindred	ir_gallic_g.txt
ir_sennonian	ir_veliocassian	positive	ir_gallic_g	ir_belgae_group_g	group_positive	ir_gallic_g.txt
ir_shan	ir_aramaic	positive	ir_pu_g	ir_east_levantine_g	group_positive	ir_pu_g.txt
ir_shan	ir_cetianian	positive	ir_pu_g	ir_numidian_g	group_positive	ir_pu_g.txt
ir_shan	ir_egyptian	positive	ir_pu_g	ir_north_african_g	group_positive	ir_pu_g.txt
ir_shan	ir_hebrew	positive	ir_pu_g	ir_west_levantine_g	group_positive	ir_pu_g.txt
ir_shan	ir_jaintia	kindred	ir_pu_g	ir_pu_g	same_group_kindred	ir_pu_g.txt
ir_shan	ir_rhakine	kindred	ir_pu_g	ir_pu_g	same_group_kindred	ir_pu_g.txt
ir_shan	ir_taif	positive	ir_pu_g	ir_south_levantine_g	group_positive	ir_pu_g.txt
ir_shauraseni	ir_kamarupi	positive	ir_aryan_g	ir_pracyan_g	group_positive	ir_aryan_g.txt
ir_shauraseni	ir_kuntalan	positive	ir_aryan_g	ir_indian_g	group_positive	ir_aryan_g.txt
ir_shauraseni	ir_saurashtran	kindred	ir_aryan_g	ir_aryan_g	same_group_kindred	ir_aryan_g.txt
ir_shauraseni	ir_sindhi	kindred	ir_aryan_g	ir_aryan_g	same_group_kindred	ir_aryan_g.txt
ir_shauraseni	ir_tayuan	positive	ir_aryan_g	ir_bactrian_g	group_positive	ir_aryan_g.txt
ir_shauraseni	ir_uxian	positive	ir_aryan_g	ir_persia_g	group_positive	ir_aryan_g.txt
ir_sheban	ir_adite	kindred	ir_south_arabian_g	ir_south_arabian_g	same_group_kindred	ir_south_arabian_g.txt
ir_sheban	ir_erythraean	positive	ir_south_arabian_g	ir_aksumite_group_g	group_positive	ir_south_arabian_g.txt
ir_sheban	ir_gerrhan	positive	ir_south_arabian_g	ir_south_levantine_g	group_positive	ir_south_arabian_g.txt
ir_sheban	ir_macaean	positive	ir_south_arabian_g	ir_fezzani_g	group_positive	ir_south_arabian_g.txt
ir_sheban	ir_samad	kindred	ir_south_arabian_g	ir_south_arabian_g	same_group_kindred	ir_south_arabian_g.txt
ir_shule	ir_elamite	positive	ir_bactrian_g	ir_persia_g	group_positive	ir_bactrian_g.txt
ir_shule	ir_gandhari	positive	ir_bactrian_g	ir_aryan_g	group_positive	ir_bactrian_g.txt
ir_shule	ir_saka	kindred	ir_bactrian_g	ir_bactrian_g	same_group_kindred	ir_bactrian_g.txt
ir_shule	ir_scythian	positive	ir_bactrian_g	ir_scythian_east_g	group_positive	ir_bactrian_g.txt
ir_shule	ir_sogdian	kindred	ir_bactrian_g	ir_bactrian_g	same_group_kindred	ir_bactrian_g.txt
ir_siculian	ir_bosporan	positive	ir_latin_g	ir_hellenic_g	group_positive	ir_latin_g.txt
ir_siculian	ir_couneian	positive	ir_latin_g	ir_celt_iberia_g	group_positive	ir_latin_g.txt
ir_siculian	ir_lacetanian	positive	ir_latin_g	ir_iberia_g	group_positive	ir_latin_g.txt
ir_siculian	ir_liburnian_culture	positive	ir_latin_g	ir_illyrian_group_g	group_positive	ir_latin_g.txt
ir_siculian	ir_samnite	kindred	ir_latin_g	ir_latin_g	same_group_kindred	ir_latin_g.txt
ir_siculian	ir_umbrian	kindred	ir_latin_g	ir_latin_g	same_group_kindred	ir_latin_g.txt
ir_sindhi	ir_amardian	positive	ir_aryan_g	ir_persia_g	group_positive	ir_aryan_g.txt
ir_sindhi	ir_kasi	positive	ir_aryan_g	ir_pracyan_g	group_positive	ir_aryan_g.txt
ir_sindhi	ir_pandyan	positive	ir_aryan_g	ir_indian_g	group_positive	ir_aryan_g.txt
ir_sindhi	ir_shauraseni	kindred	ir_aryan_g	ir_aryan_g	same_group_kindred	ir_aryan_g.txt
ir_sindhi	ir_sivi	kindred	ir_aryan_g	ir_aryan_g	same_group_kindred	ir_aryan_g.txt
ir_sindhi	ir_tocharian	positive	ir_aryan_g	ir_bactrian_g	group_positive	ir_aryan_g.txt
ir_sindi	ir_lydian	positive	ir_caucasian_g	ir_anatolian_g	group_positive	ir_caucasian_g.txt
ir_sindi	ir_sasperian	kindred	ir_caucasian_g	ir_caucasian_g	same_group_kindred	ir_caucasian_g.txt
ir_sindi	ir_suani	kindred	ir_caucasian_g	ir_caucasian_g	same_group_kindred	ir_caucasian_g.txt
ir_siraci	ir_massagetaean	positive	ir_scythian_east_g	ir_scythia_g	group_positive	ir_scythian_east_g.txt
ir_siraci	ir_scythian	kindred	ir_scythian_east_g	ir_scythian_east_g	same_group_kindred	ir_scythian_east_g.txt
ir_siraci	ir_sogdian	positive	ir_scythian_east_g	ir_bactrian_g	group_positive	ir_scythian_east_g.txt
ir_siraci	ir_talaiotic	positive	ir_scythian_east_g	ir_proto_european_g	group_positive	ir_scythian_east_g.txt
ir_siraci	ir_thyssagetaen	kindred	ir_scythian_east_g	ir_scythian_east_g	same_group_kindred	ir_scythian_east_g.txt
ir_sivi	ir_cadusian	positive	ir_aryan_g	ir_persia_g	group_positive	ir_aryan_g.txt
ir_sivi	ir_magadhi	positive	ir_aryan_g	ir_pracyan_g	group_positive	ir_aryan_g.txt
ir_sivi	ir_sindhi	kindred	ir_aryan_g	ir_aryan_g	same_group_kindred	ir_aryan_g.txt
ir_sivi	ir_tamil	positive	ir_aryan_g	ir_indian_g	group_positive	ir_aryan_g.txt
ir_sivi	ir_vidharban	kindred	ir_aryan_g	ir_aryan_g	same_group_kindred	ir_aryan_g.txt
ir_sivi	ir_wusun	positive	ir_aryan_g	ir_bactrian_g	group_positive	ir_aryan_g.txt
ir_socossian	ir_abannaean	kindred	ir_numidian_g	ir_numidian_g	same_group_kindred	ir_numidian_g.txt
ir_socossian	ir_contestanian	positive	ir_numidian_g	ir_iberia_g	group_positive	ir_numidian_g.txt
ir_socossian	ir_egyptian	positive	ir_numidian_g	ir_north_african_g	group_positive	ir_numidian_g.txt
ir_socossian	ir_libyan	positive	ir_numidian_g	ir_fezzani_g	group_positive	ir_numidian_g.txt
ir_socossian	ir_mon	positive	ir_numidian_g	ir_pu_g	group_positive	ir_numidian_g.txt
ir_socossian	ir_pharusian	kindred	ir_numidian_g	ir_numidian_g	same_group_kindred	ir_numidian_g.txt
ir_sogdian	ir_gedrosian	positive	ir_bactrian_g	ir_persia_g	group_positive	ir_bactrian_g.txt
ir_sogdian	ir_kaccha	positive	ir_bactrian_g	ir_aryan_g	group_positive	ir_bactrian_g.txt
ir_sogdian	ir_shule	kindred	ir_bactrian_g	ir_bactrian_g	same_group_kindred	ir_bactrian_g.txt
ir_sogdian	ir_siraci	positive	ir_bactrian_g	ir_scythian_east_g	group_positive	ir_bactrian_g.txt
ir_sogdian	ir_tayuan	kindred	ir_bactrian_g	ir_bactrian_g	same_group_kindred	ir_bactrian_g.txt
ir_sporic	ir_aestian	kindred	ir_baltic_g	ir_baltic_g	same_group_kindred	ir_baltic_g.txt
ir_sporic	ir_fennic	positive	ir_baltic_g	ir_finnic_group_g	group_positive	ir_baltic_g.txt
ir_sporic	ir_gutones	positive	ir_baltic_g	ir_germanic_g	group_positive	ir_baltic_g.txt
ir_sporic	ir_neuric	kindred	ir_baltic_g	ir_baltic_g	same_group_kindred	ir_baltic_g.txt
ir_sporic	ir_talaiotic	positive	ir_baltic_g	ir_proto_european_g	group_positive	ir_baltic_g.txt
ir_suani	ir_abasgoi	kindred	ir_caucasian_g	ir_caucasian_g	same_group_kindred	ir_caucasian_g.txt
ir_suani	ir_milyadian	positive	ir_caucasian_g	ir_anatolian_g	group_positive	ir_caucasian_g.txt
ir_suani	ir_sindi	kindred	ir_caucasian_g	ir_caucasian_g	same_group_kindred	ir_caucasian_g.txt
ir_suebian	ir_aestian	positive	ir_germanic_g	ir_baltic_g	group_positive	ir_germanic_g.txt
ir_suebian	ir_corsian	positive	ir_germanic_g	ir_proto_european_g	group_positive	ir_germanic_g.txt
ir_suebian	ir_mordvin	positive	ir_germanic_g	ir_finnic_group_g	group_positive	ir_germanic_g.txt
ir_suebian	ir_morinian	positive	ir_germanic_g	ir_belgae_group_g	group_positive	ir_germanic_g.txt
ir_suebian	ir_scandian	kindred	ir_germanic_g	ir_germanic_g	same_group_kindred	ir_germanic_g.txt
ir_suebian	ir_suiones	kindred	ir_germanic_g	ir_germanic_g	same_group_kindred	ir_germanic_g.txt
ir_suiones	ir_budinian	positive	ir_germanic_g	ir_baltic_g	group_positive	ir_germanic_g.txt
ir_suiones	ir_nervian	positive	ir_germanic_g	ir_belgae_group_g	group_positive	ir_germanic_g.txt
ir_suiones	ir_nuragic	positive	ir_germanic_g	ir_proto_european_g	group_positive	ir_germanic_g.txt
ir_suiones	ir_suebian	kindred	ir_germanic_g	ir_germanic_g	same_group_kindred	ir_germanic_g.txt
ir_suiones	ir_teutonian	kindred	ir_germanic_g	ir_germanic_g	same_group_kindred	ir_germanic_g.txt
ir_suiones	ir_volgaic	positive	ir_germanic_g	ir_finnic_group_g	group_positive	ir_germanic_g.txt
ir_sumpa	ir_andhran	positive	ir_tibetan_g	ir_indian_g	group_positive	ir_tibetan_g.txt
ir_sumpa	ir_bangli	positive	ir_tibetan_g	ir_pracyan_g	group_positive	ir_tibetan_g.txt
ir_sumpa	ir_pyu	kindred	ir_tibetan_g	ir_tibetan_g	same_group_kindred	ir_tibetan_g.txt
ir_sumpa	ir_tsang	kindred	ir_tibetan_g	ir_tibetan_g	same_group_kindred	ir_tibetan_g.txt
ir_syracusan	ir_abrian	positive	ir_hellenic_g	ir_illyrian_group_g	group_positive	ir_hellenic_g.txt
ir_syracusan	ir_lucanian	positive	ir_hellenic_g	ir_latin_g	group_positive	ir_hellenic_g.txt
ir_syracusan	ir_lycaonian	positive	ir_hellenic_g	ir_anatolian_g	group_positive	ir_hellenic_g.txt
ir_syracusan	ir_mariandynian	positive	ir_hellenic_g	ir_thrace_group_g	group_positive	ir_hellenic_g.txt
ir_syracusan	ir_peloponnesian	kindred	ir_hellenic_g	ir_hellenic_g	same_group_kindred	ir_hellenic_g.txt
ir_syracusan	ir_syriote	kindred	ir_hellenic_g	ir_hellenic_g	same_group_kindred	ir_hellenic_g.txt
ir_syriote	ir_catari	positive	ir_hellenic_g	ir_illyrian_group_g	group_positive	ir_hellenic_g.txt
ir_syriote	ir_lycian	positive	ir_hellenic_g	ir_anatolian_g	group_positive	ir_hellenic_g.txt
ir_syriote	ir_moesi	positive	ir_hellenic_g	ir_thrace_group_g	group_positive	ir_hellenic_g.txt
ir_syriote	ir_rhaetian	positive	ir_hellenic_g	ir_latin_g	group_positive	ir_hellenic_g.txt
ir_syriote	ir_syracusan	kindred	ir_hellenic_g	ir_hellenic_g	same_group_kindred	ir_hellenic_g.txt
ir_syriote	ir_thessalian	kindred	ir_hellenic_g	ir_hellenic_g	same_group_kindred	ir_hellenic_g.txt
ir_taexalian	ir_bellovacian	positive	ir_britannic_g	ir_belgae_group_g	group_positive	ir_britannic_g.txt
ir_taexalian	ir_hibernian	positive	ir_britannic_g	ir_gaelic_g	group_positive	ir_britannic_g.txt
ir_taexalian	ir_noric	positive	ir_britannic_g	ir_gallic_g	group_positive	ir_britannic_g.txt
ir_taexalian	ir_parisian	kindred	ir_britannic_g	ir_britannic_g	same_group_kindred	ir_britannic_g.txt
ir_taexalian	ir_trinovantian	kindred	ir_britannic_g	ir_britannic_g	same_group_kindred	ir_britannic_g.txt
ir_taif	ir_aramaic	positive	ir_south_levantine_g	ir_east_levantine_g	group_positive	ir_south_levantine_g.txt
ir_taif	ir_hebrew	positive	ir_south_levantine_g	ir_west_levantine_g	group_positive	ir_south_levantine_g.txt
ir_taif	ir_minaean	positive	ir_south_levantine_g	ir_south_arabian_g	group_positive	ir_south_levantine_g.txt
ir_taif	ir_qedarite	kindred	ir_south_levantine_g	ir_south_levantine_g	same_group_kindred	ir_south_levantine_g.txt
ir_taif	ir_shan	positive	ir_south_levantine_g	ir_pu_g	group_positive	ir_south_levantine_g.txt
ir_taif	ir_thamudi	kindred	ir_south_levantine_g	ir_south_levantine_g	same_group_kindred	ir_south_levantine_g.txt
ir_talaiotic	ir_chernolian	positive	ir_proto_european_g	ir_baltic_g	group_positive	ir_proto_european_g.txt
ir_talaiotic	ir_cimbrian	positive	ir_proto_european_g	ir_germanic_g	group_positive	ir_proto_european_g.txt
ir_talaiotic	ir_corsian	kindred	ir_proto_european_g	ir_proto_european_g	same_group_kindred	ir_proto_european_g.txt
ir_talaiotic	ir_gelonian	positive	ir_proto_european_g	ir_scythian_east_g	group_positive	ir_proto_european_g.txt
ir_talaiotic	ir_jurcan	positive	ir_proto_european_g	ir_scythia_g	group_positive	ir_proto_european_g.txt
ir_talaiotic	ir_nuragic	kindred	ir_proto_european_g	ir_proto_european_g	same_group_kindred	ir_proto_european_g.txt
ir_tamil	ir_kannadan	positive	ir_indian_g	ir_indian_g	pair_override	ir_indian_g.txt
ir_tamil	ir_lankan	positive	ir_indian_g	ir_aryan_g	group_positive	ir_indian_g.txt
ir_tamil	ir_pandra	positive	ir_indian_g	ir_pracyan_g	group_positive	ir_indian_g.txt
ir_tamil	ir_pandyan	kindred	ir_indian_g	ir_indian_g	same_group_kindred	ir_indian_g.txt
ir_tamil	ir_telugu	positive	ir_indian_g	ir_indian_g	pair_override	ir_indian_g.txt
ir_tamil	ir_yarlung	positive	ir_indian_g	ir_tibetan_g	group_positive	ir_indian_g.txt
ir_taulantian	ir_abrian	kindred	ir_illyrian_group_g	ir_illyrian_group_g	same_group_kindred	ir_illyrian_group_g.txt
ir_taulantian	ir_cypriot	positive	ir_illyrian_group_g	ir_hellenic_g	group_positive	ir_illyrian_group_g.txt
ir_taulantian	ir_etruscan	positive	ir_illyrian_group_g	ir_latin_g	group_positive	ir_illyrian_group_g.txt
ir_taulantian	ir_galatian	positive	ir_illyrian_group_g	ir_celto_pannonian_group_g	group_positive	ir_illyrian_group_g.txt
ir_taulantian	ir_moesi	positive	ir_illyrian_group_g	ir_thrace_group_g	group_positive	ir_illyrian_group_g.txt
ir_taulantian	ir_pannonian	kindred	ir_illyrian_group_g	ir_illyrian_group_g	same_group_kindred	ir_illyrian_group_g.txt
ir_tayuan	ir_hyrcanian	positive	ir_bactrian_g	ir_persia_g	group_positive	ir_bactrian_g.txt
ir_tayuan	ir_kosala	positive	ir_bactrian_g	ir_aryan_g	group_positive	ir_bactrian_g.txt
ir_tayuan	ir_sogdian	kindred	ir_bactrian_g	ir_bactrian_g	same_group_kindred	ir_bactrian_g.txt
ir_tayuan	ir_thyssagetaen	positive	ir_bactrian_g	ir_scythian_east_g	group_positive	ir_bactrian_g.txt
ir_tayuan	ir_tocharian	kindred	ir_bactrian_g	ir_bactrian_g	same_group_kindred	ir_bactrian_g.txt
ir_telugu	ir_alupan	kindred	ir_indian_g	ir_indian_g	same_group_kindred	ir_indian_g.txt
ir_telugu	ir_maharashtran	positive	ir_indian_g	ir_aryan_g	group_positive	ir_indian_g.txt
ir_telugu	ir_savara	positive	ir_indian_g	ir_pracyan_g	group_positive	ir_indian_g.txt
ir_telugu	ir_tamil	positive	ir_indian_g	ir_indian_g	pair_override	ir_indian_g.txt
ir_telugu	ir_zhangzhung	positive	ir_indian_g	ir_tibetan_g	group_positive	ir_indian_g.txt
ir_teurian	ir_aduatacian	positive	ir_gallic_g	ir_belgae_group_g	group_positive	ir_gallic_g.txt
ir_teurian	ir_britannic	positive	ir_gallic_g	ir_britannic_g	group_positive	ir_gallic_g.txt
ir_teurian	ir_caristian	positive	ir_gallic_g	ir_celt_iberia_g	group_positive	ir_gallic_g.txt
ir_teurian	ir_manavian	positive	ir_gallic_g	ir_gaelic_g	group_positive	ir_gallic_g.txt
ir_teurian	ir_sennonian	kindred	ir_gallic_g	ir_gallic_g	same_group_kindred	ir_gallic_g.txt
ir_teurian	ir_treverian	kindred	ir_gallic_g	ir_gallic_g	same_group_kindred	ir_gallic_g.txt
ir_teutonian	ir_androphagian	positive	ir_germanic_g	ir_finnic_group_g	group_positive	ir_germanic_g.txt
ir_teutonian	ir_chernolian	positive	ir_germanic_g	ir_baltic_g	group_positive	ir_germanic_g.txt
ir_teutonian	ir_suiones	kindred	ir_germanic_g	ir_germanic_g	same_group_kindred	ir_germanic_g.txt
ir_teutonian	ir_talaiotic	positive	ir_germanic_g	ir_proto_european_g	group_positive	ir_germanic_g.txt
ir_teutonian	ir_vandal	kindred	ir_germanic_g	ir_germanic_g	same_group_kindred	ir_germanic_g.txt
ir_teutonian	ir_veliocassian	positive	ir_germanic_g	ir_belgae_group_g	group_positive	ir_germanic_g.txt
ir_thamudi	ir_assyrian	positive	ir_south_levantine_g	ir_east_levantine_g	group_positive	ir_south_levantine_g.txt
ir_thamudi	ir_jaintia	positive	ir_south_levantine_g	ir_pu_g	group_positive	ir_south_levantine_g.txt
ir_thamudi	ir_phoenician	positive	ir_south_levantine_g	ir_west_levantine_g	group_positive	ir_south_levantine_g.txt
ir_thamudi	ir_qatabanian	positive	ir_south_levantine_g	ir_south_arabian_g	group_positive	ir_south_levantine_g.txt
ir_thamudi	ir_taif	kindred	ir_south_levantine_g	ir_south_levantine_g	same_group_kindred	ir_south_levantine_g.txt
ir_thamudi	ir_yamama	kindred	ir_south_levantine_g	ir_south_levantine_g	same_group_kindred	ir_south_levantine_g.txt
ir_thessalian	ir_dardanian	positive	ir_hellenic_g	ir_illyrian_group_g	group_positive	ir_hellenic_g.txt
ir_thessalian	ir_lydian	positive	ir_hellenic_g	ir_anatolian_g	group_positive	ir_hellenic_g.txt
ir_thessalian	ir_odrysi	positive	ir_hellenic_g	ir_thrace_group_g	group_positive	ir_hellenic_g.txt
ir_thessalian	ir_roman	positive	ir_hellenic_g	ir_latin_g	group_positive	ir_hellenic_g.txt
ir_thessalian	ir_syriote	kindred	ir_hellenic_g	ir_hellenic_g	same_group_kindred	ir_hellenic_g.txt
ir_thessalian	ir_thracian	kindred	ir_hellenic_g	ir_hellenic_g	same_group_kindred	ir_hellenic_g.txt
ir_thracian	ir_deraemestian	positive	ir_hellenic_g	ir_illyrian_group_g	group_positive	ir_hellenic_g.txt
ir_thracian	ir_macedonian	positive	ir_hellenic_g	ir_hellenic_g	pair_override	ir_hellenic_g.txt
ir_thracian	ir_milyadian	positive	ir_hellenic_g	ir_anatolian_g	group_positive	ir_hellenic_g.txt
ir_thracian	ir_samnite	positive	ir_hellenic_g	ir_latin_g	group_positive	ir_hellenic_g.txt
ir_thracian	ir_thessalian	kindred	ir_hellenic_g	ir_hellenic_g	same_group_kindred	ir_hellenic_g.txt
ir_thracian	ir_triballoi	positive	ir_hellenic_g	ir_thrace_group_g	group_positive	ir_hellenic_g.txt
ir_thracian	ir_troan	kindred	ir_hellenic_g	ir_hellenic_g	same_group_kindred	ir_hellenic_g.txt
ir_thyssagetaen	ir_agathyrsian	kindred	ir_scythian_east_g	ir_scythian_east_g	same_group_kindred	ir_scythian_east_g.txt
ir_thyssagetaen	ir_corsian	positive	ir_scythian_east_g	ir_proto_european_g	group_positive	ir_scythian_east_g.txt
ir_thyssagetaen	ir_sakan	positive	ir_scythian_east_g	ir_scythia_g	group_positive	ir_scythian_east_g.txt
ir_thyssagetaen	ir_siraci	kindred	ir_scythian_east_g	ir_scythian_east_g	same_group_kindred	ir_scythian_east_g.txt
ir_thyssagetaen	ir_tayuan	positive	ir_scythian_east_g	ir_bactrian_g	group_positive	ir_scythian_east_g.txt
ir_tocharian	ir_agathyrsian	positive	ir_bactrian_g	ir_scythian_east_g	group_positive	ir_bactrian_g.txt
ir_tocharian	ir_kuru	positive	ir_bactrian_g	ir_aryan_g	group_positive	ir_bactrian_g.txt
ir_tocharian	ir_median	positive	ir_bactrian_g	ir_persia_g	group_positive	ir_bactrian_g.txt
ir_tocharian	ir_tayuan	kindred	ir_bactrian_g	ir_bactrian_g	same_group_kindred	ir_bactrian_g.txt
ir_tocharian	ir_wusun	kindred	ir_bactrian_g	ir_bactrian_g	same_group_kindred	ir_bactrian_g.txt
ir_treverian	ir_belgae	positive	ir_gallic_g	ir_belgae_group_g	group_positive	ir_gallic_g.txt
ir_treverian	ir_caledonian	positive	ir_gallic_g	ir_britannic_g	group_positive	ir_gallic_g.txt
ir_treverian	ir_carpetanian	positive	ir_gallic_g	ir_celt_iberia_g	group_positive	ir_gallic_g.txt
ir_treverian	ir_hibernian	positive	ir_gallic_g	ir_gaelic_g	group_positive	ir_gallic_g.txt
ir_treverian	ir_teurian	kindred	ir_gallic_g	ir_gallic_g	same_group_kindred	ir_gallic_g.txt
ir_treverian	ir_ubian	kindred	ir_gallic_g	ir_gallic_g	same_group_kindred	ir_gallic_g.txt
ir_triballoi	ir_arcadian	positive	ir_thrace_group_g	ir_hellenic_g	group_positive	ir_thrace_group_g.txt
ir_triballoi	ir_bithynian	kindred	ir_thrace_group_g	ir_thrace_group_g	same_group_kindred	ir_thrace_group_g.txt
ir_triballoi	ir_deurian	positive	ir_thrace_group_g	ir_illyrian_group_g	group_positive	ir_thrace_group_g.txt
ir_triballoi	ir_odrysi	kindred	ir_thrace_group_g	ir_thrace_group_g	same_group_kindred	ir_thrace_group_g.txt
ir_trinovantian	ir_eburonian	positive	ir_britannic_g	ir_belgae_group_g	group_positive	ir_britannic_g.txt
ir_trinovantian	ir_manavian	positive	ir_britannic_g	ir_gaelic_g	group_positive	ir_britannic_g.txt
ir_trinovantian	ir_pictonian	positive	ir_britannic_g	ir_gallic_g	group_positive	ir_britannic_g.txt
ir_trinovantian	ir_taexalian	kindred	ir_britannic_g	ir_britannic_g	same_group_kindred	ir_britannic_g.txt
ir_trinovantian	ir_voluntian	kindred	ir_britannic_g	ir_britannic_g	same_group_kindred	ir_britannic_g.txt
ir_troan	ir_achaean	kindred	ir_hellenic_g	ir_hellenic_g	same_group_kindred	ir_hellenic_g.txt
ir_troan	ir_bithynian	positive	ir_hellenic_g	ir_thrace_group_g	group_positive	ir_hellenic_g.txt
ir_troan	ir_deurian	positive	ir_hellenic_g	ir_illyrian_group_g	group_positive	ir_hellenic_g.txt
ir_troan	ir_morimenian	positive	ir_hellenic_g	ir_anatolian_g	group_positive	ir_hellenic_g.txt
ir_troan	ir_siculian	positive	ir_hellenic_g	ir_latin_g	group_positive	ir_hellenic_g.txt
ir_troan	ir_thracian	kindred	ir_hellenic_g	ir_hellenic_g	same_group_kindred	ir_hellenic_g.txt
ir_tsang	ir_assaka	positive	ir_tibetan_g	ir_indian_g	group_positive	ir_tibetan_g.txt
ir_tsang	ir_himalayan	positive	ir_tibetan_g	ir_pracyan_g	group_positive	ir_tibetan_g.txt
ir_tsang	ir_sumpa	kindred	ir_tibetan_g	ir_tibetan_g	same_group_kindred	ir_tibetan_g.txt
ir_tsang	ir_yarlung	kindred	ir_tibetan_g	ir_tibetan_g	same_group_kindred	ir_tibetan_g.txt
ir_turdetanian	ir_lobetanian	positive	ir_iberia_g	ir_celt_iberia_g	group_positive	ir_iberia_g.txt
ir_turdetanian	ir_melanogaetulian	positive	ir_iberia_g	ir_numidian_g	group_positive	ir_iberia_g.txt
ir_turdetanian	ir_oretanian	kindred	ir_iberia_g	ir_iberia_g	same_group_kindred	ir_iberia_g.txt
ir_turdetanian	ir_turdulian	kindred	ir_iberia_g	ir_iberia_g	same_group_kindred	ir_iberia_g.txt
ir_turdetanian	ir_venetic	positive	ir_iberia_g	ir_latin_g	group_positive	ir_iberia_g.txt
ir_turdulian	ir_bruttian	positive	ir_iberia_g	ir_latin_g	group_positive	ir_iberia_g.txt
ir_turdulian	ir_lusitanian	positive	ir_iberia_g	ir_celt_iberia_g	group_positive	ir_iberia_g.txt
ir_turdulian	ir_nectiberean	positive	ir_iberia_g	ir_numidian_g	group_positive	ir_iberia_g.txt
ir_turdulian	ir_turdetanian	kindred	ir_iberia_g	ir_iberia_g	same_group_kindred	ir_iberia_g.txt
ir_turdulian	ir_vasconian	kindred	ir_iberia_g	ir_iberia_g	same_group_kindred	ir_iberia_g.txt
ir_tylian	ir_autrigonian	positive	ir_celto_pannonian_group_g	ir_celt_iberia_g	group_positive	ir_celto_pannonian_group_g.txt
ir_tylian	ir_catari	positive	ir_celto_pannonian_group_g	ir_illyrian_group_g	group_positive	ir_celto_pannonian_group_g.txt
ir_tylian	ir_galatian	kindred	ir_celto_pannonian_group_g	ir_celto_pannonian_group_g	same_group_kindred	ir_celto_pannonian_group_g.txt
ir_ubian	ir_bellovacian	positive	ir_gallic_g	ir_belgae_group_g	group_positive	ir_gallic_g.txt
ir_ubian	ir_cantian	positive	ir_gallic_g	ir_britannic_g	group_positive	ir_gallic_g.txt
ir_ubian	ir_celtiberian	positive	ir_gallic_g	ir_celt_iberia_g	group_positive	ir_gallic_g.txt
ir_ubian	ir_manavian	positive	ir_gallic_g	ir_gaelic_g	group_positive	ir_gallic_g.txt
ir_ubian	ir_treverian	kindred	ir_gallic_g	ir_gallic_g	same_group_kindred	ir_gallic_g.txt
ir_ubian	ir_vindelician	kindred	ir_gallic_g	ir_gallic_g	same_group_kindred	ir_gallic_g.txt
ir_umbrian	ir_carian	positive	ir_latin_g	ir_hellenic_g	group_positive	ir_latin_g.txt
ir_umbrian	ir_elesycian	positive	ir_latin_g	ir_celt_iberia_g	group_positive	ir_latin_g.txt
ir_umbrian	ir_messapian	positive	ir_latin_g	ir_illyrian_group_g	group_positive	ir_latin_g.txt
ir_umbrian	ir_oretanian	positive	ir_latin_g	ir_iberia_g	group_positive	ir_latin_g.txt
ir_umbrian	ir_siculian	kindred	ir_latin_g	ir_latin_g	same_group_kindred	ir_latin_g.txt
ir_umbrian	ir_venetic	kindred	ir_latin_g	ir_latin_g	same_group_kindred	ir_latin_g.txt
ir_upper_egyptian	ir_capariensian	positive	ir_north_african_g	ir_numidian_g	group_positive	ir_north_african_g.txt
ir_upper_egyptian	ir_egyptian	kindred	ir_north_african_g	ir_north_african_g	same_group_kindred	ir_north_african_g.txt
ir_upper_egyptian	ir_garamantic	positive	ir_north_african_g	ir_fezzani_g	group_positive	ir_north_african_g.txt
ir_upper_egyptian	ir_oasis_egyptian	kindred	ir_north_african_g	ir_north_african_g	same_group_kindred	ir_north_african_g.txt
ir_upper_egyptian	ir_rhakine	positive	ir_north_african_g	ir_pu_g	group_positive	ir_north_african_g.txt
ir_utian	ir_derbiccan	positive	ir_persia_g	ir_scythia_g	group_positive	ir_persia_g.txt
ir_utian	ir_paphlagonian	positive	ir_persia_g	ir_anatolian_g	group_positive	ir_persia_g.txt
ir_utian	ir_sattagydian	kindred	ir_persia_g	ir_persia_g	same_group_kindred	ir_persia_g.txt
ir_utian	ir_saurashtran	positive	ir_persia_g	ir_aryan_g	group_positive	ir_persia_g.txt
ir_utian	ir_sogdian	positive	ir_persia_g	ir_bactrian_g	group_positive	ir_persia_g.txt
ir_utian	ir_uxian	kindred	ir_persia_g	ir_persia_g	same_group_kindred	ir_persia_g.txt
ir_uxian	ir_amardian	kindred	ir_persia_g	ir_persia_g	same_group_kindred	ir_persia_g.txt
ir_uxian	ir_jurcan	positive	ir_persia_g	ir_scythia_g	group_positive	ir_persia_g.txt
ir_uxian	ir_phrygian	positive	ir_persia_g	ir_anatolian_g	group_positive	ir_persia_g.txt
ir_uxian	ir_shauraseni	positive	ir_persia_g	ir_aryan_g	group_positive	ir_persia_g.txt
ir_uxian	ir_tayuan	positive	ir_persia_g	ir_bactrian_g	group_positive	ir_persia_g.txt
ir_uxian	ir_utian	kindred	ir_persia_g	ir_persia_g	same_group_kindred	ir_persia_g.txt
ir_vaccaeian	ir_ausetanian	positive	ir_celt_iberia_g	ir_iberia_g	group_positive	ir_celt_iberia_g.txt
ir_vaccaeian	ir_galatian	positive	ir_celt_iberia_g	ir_celto_pannonian_group_g	group_positive	ir_celt_iberia_g.txt
ir_vaccaeian	ir_lepontic	positive	ir_celt_iberia_g	ir_gallic_g	group_positive	ir_celt_iberia_g.txt
ir_vaccaeian	ir_ligurian	positive	ir_celt_iberia_g	ir_latin_g	group_positive	ir_celt_iberia_g.txt
ir_vaccaeian	ir_sedetanian	kindred	ir_celt_iberia_g	ir_celt_iberia_g	same_group_kindred	ir_celt_iberia_g.txt
ir_vaccaeian	ir_vardulian	kindred	ir_celt_iberia_g	ir_celt_iberia_g	same_group_kindred	ir_celt_iberia_g.txt
ir_vandal	ir_aduatacian	positive	ir_germanic_g	ir_belgae_group_g	group_positive	ir_germanic_g.txt
ir_vandal	ir_anglian	kindred	ir_germanic_g	ir_germanic_g	same_group_kindred	ir_germanic_g.txt
ir_vandal	ir_corsian	positive	ir_germanic_g	ir_proto_european_g	group_positive	ir_germanic_g.txt
ir_vandal	ir_fennic	positive	ir_germanic_g	ir_finnic_group_g	group_positive	ir_germanic_g.txt
ir_vandal	ir_melanchlaenian	positive	ir_germanic_g	ir_baltic_g	group_positive	ir_germanic_g.txt
ir_vandal	ir_teutonian	kindred	ir_germanic_g	ir_germanic_g	same_group_kindred	ir_germanic_g.txt
ir_vanga	ir_alupan	positive	ir_pracyan_g	ir_indian_g	group_positive	ir_pracyan_g.txt
ir_vanga	ir_matsya	positive	ir_pracyan_g	ir_aryan_g	group_positive	ir_pracyan_g.txt
ir_vanga	ir_pyu	positive	ir_pracyan_g	ir_tibetan_g	group_positive	ir_pracyan_g.txt
ir_vanga	ir_qin	positive	ir_pracyan_g	ir_chinese_g	group_positive	ir_pracyan_g.txt
ir_vanga	ir_savara	kindred	ir_pracyan_g	ir_pracyan_g	same_group_kindred	ir_pracyan_g.txt
ir_vanga	ir_vrji	kindred	ir_pracyan_g	ir_pracyan_g	same_group_kindred	ir_pracyan_g.txt
ir_vardulian	ir_bastetanian	positive	ir_celt_iberia_g	ir_iberia_g	group_positive	ir_celt_iberia_g.txt
ir_vardulian	ir_letobician	positive	ir_celt_iberia_g	ir_gallic_g	group_positive	ir_celt_iberia_g.txt
ir_vardulian	ir_lucanian	positive	ir_celt_iberia_g	ir_latin_g	group_positive	ir_celt_iberia_g.txt
ir_vardulian	ir_tylian	positive	ir_celt_iberia_g	ir_celto_pannonian_group_g	group_positive	ir_celt_iberia_g.txt
ir_vardulian	ir_vaccaeian	kindred	ir_celt_iberia_g	ir_celt_iberia_g	same_group_kindred	ir_celt_iberia_g.txt
ir_vardulian	ir_vettonian	kindred	ir_celt_iberia_g	ir_celt_iberia_g	same_group_kindred	ir_celt_iberia_g.txt
ir_vasconian	ir_aquitani	kindred	ir_iberia_g	ir_iberia_g	same_group_kindred	ir_iberia_g.txt
ir_vasconian	ir_etruscan	positive	ir_iberia_g	ir_latin_g	group_positive	ir_iberia_g.txt
ir_vasconian	ir_nigirtean	positive	ir_iberia_g	ir_numidian_g	group_positive	ir_iberia_g.txt
ir_vasconian	ir_oppidanian	positive	ir_iberia_g	ir_celt_iberia_g	group_positive	ir_iberia_g.txt
ir_vasconian	ir_turdulian	kindred	ir_iberia_g	ir_iberia_g	same_group_kindred	ir_iberia_g.txt
ir_veliocassian	ir_aduatacian	kindred	ir_belgae_group_g	ir_belgae_group_g	same_group_kindred	ir_belgae_group_g.txt
ir_veliocassian	ir_carnian	positive	ir_belgae_group_g	ir_gallic_g	group_positive	ir_belgae_group_g.txt
ir_veliocassian	ir_damnonian	positive	ir_belgae_group_g	ir_britannic_g	group_positive	ir_belgae_group_g.txt
ir_veliocassian	ir_helveconian	positive	ir_belgae_group_g	ir_germanic_g	group_positive	ir_belgae_group_g.txt
ir_veliocassian	ir_nervian	kindred	ir_belgae_group_g	ir_belgae_group_g	same_group_kindred	ir_belgae_group_g.txt
ir_venetic	ir_bruttian	kindred	ir_latin_g	ir_latin_g	same_group_kindred	ir_latin_g.txt
ir_venetic	ir_ciliciote	positive	ir_latin_g	ir_hellenic_g	group_positive	ir_latin_g.txt
ir_venetic	ir_lobetanian	positive	ir_latin_g	ir_celt_iberia_g	group_positive	ir_latin_g.txt
ir_venetic	ir_paeonian	positive	ir_latin_g	ir_illyrian_group_g	group_positive	ir_latin_g.txt
ir_venetic	ir_turdetanian	positive	ir_latin_g	ir_iberia_g	group_positive	ir_latin_g.txt
ir_venetic	ir_umbrian	kindred	ir_latin_g	ir_latin_g	same_group_kindred	ir_latin_g.txt
ir_vettonian	ir_asturian	kindred	ir_celt_iberia_g	ir_celt_iberia_g	same_group_kindred	ir_celt_iberia_g.txt
ir_vettonian	ir_contestanian	positive	ir_celt_iberia_g	ir_iberia_g	group_positive	ir_celt_iberia_g.txt
ir_vettonian	ir_galatian	positive	ir_celt_iberia_g	ir_celto_pannonian_group_g	group_positive	ir_celt_iberia_g.txt
ir_vettonian	ir_noric	positive	ir_celt_iberia_g	ir_gallic_g	group_positive	ir_celt_iberia_g.txt
ir_vettonian	ir_rhaetian	positive	ir_celt_iberia_g	ir_latin_g	group_positive	ir_celt_iberia_g.txt
ir_vettonian	ir_vardulian	kindred	ir_celt_iberia_g	ir_celt_iberia_g	same_group_kindred	ir_celt_iberia_g.txt
ir_vidharban	ir_avanti	kindred	ir_aryan_g	ir_aryan_g	same_group_kindred	ir_aryan_g.txt
ir_vidharban	ir_carmanian	positive	ir_aryan_g	ir_persia_g	group_positive	ir_aryan_g.txt
ir_vidharban	ir_malla	positive	ir_aryan_g	ir_pracyan_g	group_positive	ir_aryan_g.txt
ir_vidharban	ir_sivi	kindred	ir_aryan_g	ir_aryan_g	same_group_kindred	ir_aryan_g.txt
ir_vidharban	ir_telugu	positive	ir_aryan_g	ir_indian_g	group_positive	ir_aryan_g.txt
ir_vidharban	ir_yuezhi	positive	ir_aryan_g	ir_bactrian_g	group_positive	ir_aryan_g.txt
ir_vindelician	ir_celtician	positive	ir_gallic_g	ir_celt_iberia_g	group_positive	ir_gallic_g.txt
ir_vindelician	ir_coritani	positive	ir_gallic_g	ir_britannic_g	group_positive	ir_gallic_g.txt
ir_vindelician	ir_eburonian	positive	ir_gallic_g	ir_belgae_group_g	group_positive	ir_gallic_g.txt
ir_vindelician	ir_hibernian	positive	ir_gallic_g	ir_gaelic_g	group_positive	ir_gallic_g.txt
ir_vindelician	ir_ubian	kindred	ir_gallic_g	ir_gallic_g	same_group_kindred	ir_gallic_g.txt
ir_vindelician	ir_volcae	kindred	ir_gallic_g	ir_gallic_g	same_group_kindred	ir_gallic_g.txt
ir_volcae	ir_allobrogian	kindred	ir_gallic_g	ir_gallic_g	same_group_kindred	ir_gallic_g.txt
ir_volcae	ir_cornovian	positive	ir_gallic_g	ir_britannic_g	group_positive	ir_gallic_g.txt
ir_volcae	ir_couneian	positive	ir_gallic_g	ir_celt_iberia_g	group_positive	ir_gallic_g.txt
ir_volcae	ir_manavian	positive	ir_gallic_g	ir_gaelic_g	group_positive	ir_gallic_g.txt
ir_volcae	ir_morinian	positive	ir_gallic_g	ir_belgae_group_g	group_positive	ir_gallic_g.txt
ir_volcae	ir_vindelician	kindred	ir_gallic_g	ir_gallic_g	same_group_kindred	ir_gallic_g.txt
ir_volgaic	ir_androphagian	kindred	ir_finnic_group_g	ir_finnic_group_g	same_group_kindred	ir_finnic_group_g.txt
ir_volgaic	ir_frisian	positive	ir_finnic_group_g	ir_germanic_g	group_positive	ir_finnic_group_g.txt
ir_volgaic	ir_melanchlaenian	positive	ir_finnic_group_g	ir_baltic_g	group_positive	ir_finnic_group_g.txt
ir_volgaic	ir_mordvin	kindred	ir_finnic_group_g	ir_finnic_group_g	same_group_kindred	ir_finnic_group_g.txt
ir_voluntian	ir_hibernian	positive	ir_britannic_g	ir_gaelic_g	group_positive	ir_britannic_g.txt
ir_voluntian	ir_morinian	positive	ir_britannic_g	ir_belgae_group_g	group_positive	ir_britannic_g.txt
ir_voluntian	ir_salluvian	positive	ir_britannic_g	ir_gallic_g	group_positive	ir_britannic_g.txt
ir_voluntian	ir_trinovantian	kindred	ir_britannic_g	ir_britannic_g	same_group_kindred	ir_britannic_g.txt
ir_voluntian	ir_votadinian	kindred	ir_britannic_g	ir_britannic_g	same_group_kindred	ir_britannic_g.txt
ir_votadinian	ir_brigantic	kindred	ir_britannic_g	ir_britannic_g	same_group_kindred	ir_britannic_g.txt
ir_votadinian	ir_manavian	positive	ir_britannic_g	ir_gaelic_g	group_positive	ir_britannic_g.txt
ir_votadinian	ir_nervian	positive	ir_britannic_g	ir_belgae_group_g	group_positive	ir_britannic_g.txt
ir_votadinian	ir_santonian	positive	ir_britannic_g	ir_gallic_g	group_positive	ir_britannic_g.txt
ir_votadinian	ir_voluntian	kindred	ir_britannic_g	ir_britannic_g	same_group_kindred	ir_britannic_g.txt
ir_vrji	ir_andhran	positive	ir_pracyan_g	ir_indian_g	group_positive	ir_pracyan_g.txt
ir_vrji	ir_atavi	kindred	ir_pracyan_g	ir_pracyan_g	same_group_kindred	ir_pracyan_g.txt
ir_vrji	ir_mitanni	positive	ir_pracyan_g	ir_aryan_g	group_positive	ir_pracyan_g.txt
ir_vrji	ir_qin	positive	ir_pracyan_g	ir_chinese_g	group_positive	ir_pracyan_g.txt
ir_vrji	ir_sumpa	positive	ir_pracyan_g	ir_tibetan_g	group_positive	ir_pracyan_g.txt
ir_vrji	ir_vanga	kindred	ir_pracyan_g	ir_pracyan_g	same_group_kindred	ir_pracyan_g.txt
ir_wusun	ir_cimmerian	positive	ir_bactrian_g	ir_scythian_east_g	group_positive	ir_bactrian_g.txt
ir_wusun	ir_lankan	positive	ir_bactrian_g	ir_aryan_g	group_positive	ir_bactrian_g.txt
ir_wusun	ir_pactyan	positive	ir_bactrian_g	ir_persia_g	group_positive	ir_bactrian_g.txt
ir_wusun	ir_tocharian	kindred	ir_bactrian_g	ir_bactrian_g	same_group_kindred	ir_bactrian_g.txt
ir_wusun	ir_yuezhi	kindred	ir_bactrian_g	ir_bactrian_g	same_group_kindred	ir_bactrian_g.txt
ir_yamama	ir_babylonian	positive	ir_south_levantine_g	ir_east_levantine_g	group_positive	ir_south_levantine_g.txt
ir_yamama	ir_carthaginian	positive	ir_south_levantine_g	ir_west_levantine_g	group_positive	ir_south_levantine_g.txt
ir_yamama	ir_gerrhan	kindred	ir_south_levantine_g	ir_south_levantine_g	same_group_kindred	ir_south_levantine_g.txt
ir_yamama	ir_mon	positive	ir_south_levantine_g	ir_pu_g	group_positive	ir_south_levantine_g.txt
ir_yamama	ir_samad	positive	ir_south_levantine_g	ir_south_arabian_g	group_positive	ir_south_levantine_g.txt
ir_yamama	ir_thamudi	kindred	ir_south_levantine_g	ir_south_levantine_g	same_group_kindred	ir_south_levantine_g.txt
ir_yarlung	ir_cheran	positive	ir_tibetan_g	ir_indian_g	group_positive	ir_tibetan_g.txt
ir_yarlung	ir_kalingan	positive	ir_tibetan_g	ir_pracyan_g	group_positive	ir_tibetan_g.txt
ir_yarlung	ir_tsang	kindred	ir_tibetan_g	ir_tibetan_g	same_group_kindred	ir_tibetan_g.txt
ir_yarlung	ir_zhangzhung	kindred	ir_tibetan_g	ir_tibetan_g	same_group_kindred	ir_tibetan_g.txt
ir_yuezhi	ir_bactrian	kindred	ir_bactrian_g	ir_bactrian_g	same_group_kindred	ir_bactrian_g.txt
ir_yuezhi	ir_gelonian	positive	ir_bactrian_g	ir_scythian_east_g	group_positive	ir_bactrian_g.txt
ir_yuezhi	ir_maharashtran	positive	ir_bactrian_g	ir_aryan_g	group_positive	ir_bactrian_g.txt
ir_yuezhi	ir_parecanian	positive	ir_bactrian_g	ir_persia_g	group_positive	ir_bactrian_g.txt
ir_yuezhi	ir_wusun	kindred	ir_bactrian_g	ir_bactrian_g	same_group_kindred	ir_bactrian_g.txt
ir_zankorian	ir_adabulian	kindred	ir_nilotic_group_g	ir_nilotic_group_g	same_group_kindred	ir_nilotic_group_g.txt
ir_zankorian	ir_napatan	positive	ir_nilotic_group_g	ir_meroitic_group_g	group_positive	ir_nilotic_group_g.txt
ir_zankorian	ir_ona	positive	ir_nilotic_group_g	ir_aksumite_group_g	group_positive	ir_nilotic_group_g.txt
ir_zankorian	ir_rhizophagian	kindred	ir_nilotic_group_g	ir_nilotic_group_g	same_group_kindred	ir_nilotic_group_g.txt
ir_zhangzhung	ir_cholan	positive	ir_tibetan_g	ir_indian_g	group_positive	ir_tibetan_g.txt
ir_zhangzhung	ir_kamarupi	positive	ir_tibetan_g	ir_pracyan_g	group_positive	ir_tibetan_g.txt
ir_zhangzhung	ir_pyu	kindred	ir_tibetan_g	ir_tibetan_g	same_group_kindred	ir_tibetan_g.txt
ir_zhangzhung	ir_yarlung	kindred	ir_tibetan_g	ir_tibetan_g	same_group_kindred	ir_tibetan_g.txt
