location	development_rank	ir_province_rank	total_pop	weighted_pop	civilization_value	road_degree	building_levels	is_port	raw_score	mapped_target
aba	rural_settlement	settlement	6.000	8.800	21.000	0	0.000	0	13.338	-3.000
abach	rural_settlement	settlement	4.000	4.200	0.000	0	0.000	0	8.573	-3.000
abad_sauvira	rural_settlement	settlement	13.000	13.400	26.000	0	0.000	0	15.690	-3.000
abadla	rural_settlement	settlement	3.000	2.400	3.000	0	0.000	0	6.574	-8.000
abal	rural_settlement	settlement	2.000	1.600	8.000	0	0.000	0	5.529	-8.000
abale	rural_settlement	settlement	6.000	8.600	20.000	0	0.000	0	13.161	-3.000
aballo	rural_settlement	settlement	4.000	4.200	9.000	0	0.000	0	9.203	-3.000
abara	rural_settlement	settlement	4.000	6.000	27.000	2	0.000	0	13.217	-3.000
abarbina	rural_settlement	settlement	7.000	10.200	5.000	0	0.000	0	12.913	-3.000
abasenia	town	city	15.000	24.800	23.000	0	0.000	0	20.012	3.000
abasgria	rural_settlement	settlement	4.000	6.000	3.000	0	0.000	0	10.329	-3.000
abay	rural_settlement	settlement	2.000	1.600	6.000	0	0.000	0	5.389	-8.000
abbasion	rural_settlement	settlement	8.000	11.400	24.000	2	0.000	0	15.980	-3.000
abdarat	rural_settlement	settlement	4.000	4.200	24.000	0	1.000	1	12.001	-3.000
abdera	town	city	21.000	29.800	31.000	0	1.000	1	23.241	8.000
abellinum	rural_settlement	settlement	8.000	12.000	24.000	0	0.000	0	15.018	-3.000
aberta	rural_settlement	settlement	4.000	4.000	33.000	2	0.000	0	11.888	-3.000
abha	rural_settlement	settlement	3.000	5.200	8.000	0	0.000	0	10.048	-3.000
abhras	rural_settlement	settlement	2.000	1.600	5.000	0	0.000	0	5.319	-8.000
abid	rural_settlement	settlement	2.000	1.800	28.000	0	0.000	0	7.314	-8.000
abila	rural_settlement	settlement	3.000	5.200	24.000	2	0.000	0	12.376	-3.000
abila_dekapoleos	rural_settlement	settlement	2.000	4.200	26.000	0	0.000	0	10.393	-3.000
abila_syrias	rural_settlement	settlement	3.000	6.600	24.000	2	0.000	0	13.435	-3.000
abilunum	rural_settlement	settlement	4.000	3.400	3.000	0	0.000	0	7.914	-3.000
abis	rural_settlement	settlement	5.000	7.400	28.000	2	0.000	0	14.235	-3.000
abisama	rural_settlement	settlement	6.000	8.400	10.000	0	1.000	1	14.099	-3.000
abivard	rural_settlement	settlement	4.000	5.800	19.000	0	0.000	0	11.298	-3.000
ablastha	rural_settlement	settlement	8.000	9.400	18.000	2	0.000	0	14.646	-3.000
abliata	town	city	12.000	15.000	16.000	0	0.000	0	17.037	-1.000
abodiacum	rural_settlement	settlement	5.000	6.600	11.000	0	0.000	0	11.316	-3.000
abona	rural_settlement	settlement	5.000	6.000	10.000	0	0.000	0	10.819	-3.000
abonouteichos	rural_settlement	settlement	4.000	6.000	18.000	0	1.000	1	13.126	-3.000
aborepi	town	city	10.000	18.800	21.000	0	0.000	0	18.496	1.000
aborisia	rural_settlement	settlement	2.000	1.600	0.000	0	0.000	0	4.969	-8.000
abortai	rural_settlement	settlement	13.000	19.600	23.000	0	0.000	0	17.342	-3.000
aboula	rural_settlement	settlement	4.000	3.200	26.000	0	0.000	0	9.282	-3.000
abour	rural_settlement	settlement	6.000	7.800	21.000	0	0.000	0	12.779	-3.000
abraq	rural_settlement	settlement	7.000	10.200	12.000	0	0.000	0	13.403	-3.000
abricates	rural_settlement	settlement	8.000	11.800	11.000	0	0.000	0	14.027	-3.000
abritus	rural_settlement	settlement	6.000	8.000	10.000	0	0.000	0	12.126	-3.000
absheron	rural_settlement	settlement	4.000	7.000	5.000	0	0.000	0	11.163	-3.000
abthugni	rural_settlement	settlement	8.000	14.400	24.000	0	0.000	0	15.899	-3.000
abusina	rural_settlement	settlement	6.000	7.600	11.000	0	0.000	0	11.959	-3.000
abuyya	town	city	26.000	35.800	29.000	0	0.000	0	22.279	5.000
abydos	town	city	7.000	11.800	20.000	2	1.000	1	19.113	1.000
acachia	rural_settlement	settlement	4.000	4.400	18.000	0	0.000	0	10.029	-3.000
acasta	rural_settlement	settlement	3.000	3.600	6.000	0	0.000	0	8.355	-3.000
accis	rural_settlement	settlement	5.000	5.000	8.000	0	0.000	0	9.877	-3.000
accitodunum	rural_settlement	settlement	4.000	3.200	13.000	0	0.000	0	8.372	-3.000
acelum	rural_settlement	settlement	10.000	12.200	8.000	0	0.000	0	13.977	-3.000
acerronia	rural_settlement	settlement	13.000	16.400	9.000	0	0.000	0	15.484	-3.000
achkach	rural_settlement	settlement	1.000	0.800	0.000	0	0.000	0	3.056	-8.000
achkhacsh	rural_settlement	settlement	3.000	3.600	0.000	0	0.000	0	7.935	-3.000
acholla	city	city	18.000	37.000	33.000	0	1.000	1	24.473	8.000
achroua	rural_settlement	settlement	6.000	5.200	17.000	0	0.000	0	10.678	-3.000
achtab	rural_settlement	settlement	3.000	2.400	0.000	0	0.000	0	6.364	-8.000
achuk	rural_settlement	settlement	1.000	0.800	6.000	0	0.000	0	3.476	-8.000
acidava	rural_settlement	settlement	6.000	7.600	8.000	0	0.000	0	11.749	-3.000
acina	rural_settlement	settlement	8.000	14.600	17.000	0	0.000	0	15.476	-3.000
acrae	rural_settlement	settlement	7.000	9.800	22.000	0	0.000	0	13.914	-3.000
acragas	city	city	27.000	49.400	33.000	0	1.000	1	25.942	11.000
acranoe	rural_settlement	settlement	5.000	5.400	7.000	0	0.000	0	10.143	-3.000
acritones	rural_settlement	settlement	4.000	3.200	12.000	0	0.000	0	8.302	-3.000
acrium	rural_settlement	settlement	2.000	1.600	0.000	0	0.000	0	4.969	-8.000
acronodumia	rural_settlement	settlement	1.000	0.800	0.000	0	0.000	0	3.056	-8.000
acte	rural_settlement	settlement	1.000	0.800	7.000	0	0.000	0	3.546	-8.000
acuciago	rural_settlement	settlement	5.000	5.200	11.000	0	0.000	0	10.258	-3.000
acumincum	rural_settlement	settlement	2.000	1.600	0.000	0	0.000	0	4.969	-8.000
ad_aquas_caesaris	rural_settlement	settlement	5.000	4.200	21.000	0	0.000	0	10.043	-3.000
ad_aras	rural_settlement	settlement	5.000	5.000	8.000	0	0.000	0	9.877	-3.000
ad_atrum_flumen	rural_settlement	settlement	8.000	7.800	11.000	0	0.000	0	12.079	-3.000
ad_decimum	rural_settlement	settlement	7.000	8.000	17.000	0	0.000	0	12.616	-3.000
ad_drinum	rural_settlement	settlement	2.000	2.600	11.000	0	0.000	0	7.431	-8.000
ad_duodecimum	rural_settlement	settlement	7.000	8.600	11.000	0	0.000	0	12.531	-3.000
ad_duos_pontes	rural_settlement	settlement	4.000	4.200	9.000	0	0.000	0	9.203	-3.000
ad_fines_boiohaemi	rural_settlement	settlement	4.000	5.200	0.000	0	0.000	0	9.488	-3.000
ad_fines_catariae	rural_settlement	settlement	3.000	3.600	8.000	0	0.000	0	8.495	-3.000
ad_fines_dardaniae	rural_settlement	settlement	3.000	5.200	8.000	0	0.000	0	10.048	-3.000
ad_fines_galliarum	rural_settlement	settlement	5.000	5.200	11.000	0	0.000	0	10.258	-3.000
ad_fines_germaniae	rural_settlement	settlement	5.000	6.200	9.000	0	0.000	0	10.895	-3.000
ad_fines_hiberiae	rural_settlement	settlement	6.000	7.000	9.000	0	0.000	0	11.443	-3.000
ad_gemellas	rural_settlement	settlement	5.000	5.000	8.000	0	0.000	0	9.877	-3.000
ad_limen	rural_settlement	settlement	4.000	4.800	3.000	0	0.000	0	9.351	-3.000
ad_lippos	rural_settlement	settlement	5.000	5.000	9.000	0	0.000	0	9.947	-3.000
ad_lunam	rural_settlement	settlement	3.000	2.400	11.000	0	0.000	0	7.134	-8.000
ad_mare	rural_settlement	settlement	4.000	4.200	9.000	0	0.000	0	9.203	-3.000
ad_matricem	rural_settlement	settlement	4.000	4.400	8.000	0	0.000	0	9.329	-3.000
ad_mercuri	rural_settlement	settlement	4.000	4.600	18.000	0	0.000	0	10.218	-3.000
ad_morum	rural_settlement	settlement	5.000	5.000	8.000	0	0.000	0	9.877	-3.000
ad_muratum	rural_settlement	settlement	5.000	5.000	11.000	0	0.000	0	10.087	-3.000
ad_murum	rural_settlement	settlement	5.000	5.000	10.000	0	0.000	0	10.017	-3.000
ad_mutriam	rural_settlement	settlement	4.000	4.200	8.000	0	0.000	0	9.133	-3.000
ad_novas	rural_settlement	settlement	15.000	22.400	28.000	0	0.000	0	18.354	-3.000
ad_novas_iberia	rural_settlement	settlement	6.000	6.800	8.000	0	0.000	0	11.241	-3.000
ad_palem	rural_settlement	settlement	7.000	6.600	10.000	0	0.000	0	11.246	-3.000
ad_palmam	rural_settlement	settlement	3.000	2.600	10.000	0	0.000	0	7.361	-8.000
ad_pannonios	rural_settlement	settlement	3.000	2.600	8.000	0	0.000	0	7.221	-8.000
ad_periam	rural_settlement	settlement	5.000	6.200	3.000	0	0.000	0	10.475	-3.000
ad_picarias	rural_settlement	settlement	3.000	5.200	16.000	0	0.000	0	10.608	-3.000
ad_pontem	rural_settlement	settlement	2.000	2.600	5.000	0	0.000	0	7.011	-8.000
ad_pontes_tessenios	rural_settlement	settlement	5.000	6.000	11.000	0	0.000	0	10.889	-3.000
ad_praetorium	rural_settlement	settlement	7.000	6.800	8.000	0	0.000	0	11.241	-3.000
ad_publicanos	rural_settlement	settlement	4.000	5.000	7.000	0	0.000	0	9.807	-3.000
ad_putea_0	rural_settlement	settlement	4.000	4.200	11.000	0	0.000	0	9.343	-3.000
ad_putea_1	rural_settlement	settlement	3.000	2.400	10.000	0	0.000	0	7.064	-8.000
ad_rubras	rural_settlement	settlement	5.000	7.000	19.000	0	0.000	0	12.143	-3.000
ad_sava_municipium	rural_settlement	settlement	5.000	6.600	11.000	0	0.000	0	11.316	-3.000
ad_scorfulas	rural_settlement	settlement	7.000	9.400	8.000	0	0.000	0	12.737	-3.000
ad_septimum	rural_settlement	settlement	5.000	5.000	8.000	0	0.000	0	9.877	-3.000
ad_sextum	rural_settlement	settlement	2.000	1.600	0.000	0	0.000	0	4.969	-8.000
ad_sextum_miliarem	rural_settlement	settlement	3.000	3.600	11.000	0	0.000	0	8.705	-3.000
ad_silanum	rural_settlement	settlement	2.000	2.600	9.000	0	0.000	0	7.291	-8.000
ad_sorores	rural_settlement	settlement	5.000	5.000	9.000	0	0.000	0	9.947	-3.000
ad_speculum	rural_settlement	settlement	5.000	5.200	3.000	0	0.000	0	9.698	-3.000
ad_statuam	rural_settlement	settlement	5.000	6.600	0.000	0	0.000	0	10.546	-3.000
ad_turres	rural_settlement	settlement	4.000	4.200	10.000	0	0.000	0	9.273	-3.000
ad_verticem	rural_settlement	settlement	4.000	4.400	0.000	0	0.000	0	8.769	-3.000
ad_vicensi	rural_settlement	settlement	7.000	6.600	11.000	0	0.000	0	11.316	-3.000
ad_vicessimum	rural_settlement	settlement	6.000	7.600	8.000	0	0.000	0	11.749	-3.000
adab	rural_settlement	settlement	5.000	5.600	33.000	0	0.000	0	12.123	-3.000
adabda	rural_settlement	settlement	6.000	5.200	10.000	0	0.000	0	10.188	-3.000
adada	rural_settlement	settlement	6.000	7.200	13.000	0	0.000	0	11.851	-3.000
adage	rural_settlement	settlement	1.000	0.800	6.000	0	0.000	0	3.476	-8.000
adam	rural_settlement	settlement	3.000	2.400	5.000	0	0.000	0	6.714	-8.000
adan	town	city	7.000	9.800	18.000	0	1.000	1	16.881	-2.000
adana	city	city	5.000	9.200	33.000	3	0.000	0	17.411	-3.000
adatha	rural_settlement	settlement	5.000	7.000	18.000	0	0.000	0	12.073	-3.000
adedou_kome	rural_settlement	settlement	8.000	10.400	10.000	0	1.000	1	15.102	-3.000
adi_gelamo	rural_settlement	settlement	6.000	10.400	23.000	0	0.000	0	14.265	-3.000
adi_ugri	rural_settlement	settlement	10.000	11.600	16.000	0	0.000	0	14.295	-3.000
adjalu	rural_settlement	settlement	3.000	5.200	19.000	0	0.000	0	10.818	-3.000
adma	town	city	3.000	5.200	31.000	3	0.000	0	14.683	-4.000
adora	rural_settlement	settlement	3.000	3.600	25.000	0	0.000	0	9.685	-3.000
adouli	town	city	21.000	30.200	22.000	0	1.000	1	22.678	6.000
adrabae	rural_settlement	settlement	4.000	4.200	5.000	0	0.000	0	8.923	-3.000
adraha	town	city	6.000	11.000	31.000	0	0.000	0	16.592	-2.000
adramyttion	town	city	7.000	10.800	25.000	2	1.000	1	19.040	1.000
adrasos	rural_settlement	settlement	3.000	3.600	13.000	0	0.000	0	8.845	-3.000
adrestai	rural_settlement	settlement	9.000	11.200	8.000	0	0.000	0	13.567	-3.000
adri	rural_settlement	settlement	1.000	0.800	10.000	0	0.000	0	3.756	-8.000
adros	rural_settlement	settlement	3.000	4.600	17.000	0	0.000	0	10.148	-3.000
adrou	rural_settlement	settlement	4.000	3.600	18.000	0	0.000	0	9.195	-3.000
adrug	rural_settlement	settlement	1.000	0.800	6.000	0	0.000	0	3.476	-8.000
adwesa	rural_settlement	settlement	1.000	0.800	10.000	0	0.000	0	3.756	-8.000
aeclanum	town	city	17.000	27.400	31.000	0	0.000	0	21.071	4.000
aegha	rural_settlement	settlement	5.000	5.200	13.000	0	0.000	0	10.398	-3.000
aegidi	rural_settlement	settlement	13.000	19.400	9.000	0	0.000	0	16.311	-3.000
aelal	rural_settlement	settlement	2.000	1.800	7.000	0	0.000	0	5.844	-8.000
aelana	rural_settlement	settlement	4.000	3.400	20.000	0	1.000	1	10.852	-3.000
aelia	rural_settlement	settlement	4.000	4.400	20.000	0	0.000	0	10.169	-3.000
aeliae	rural_settlement	settlement	7.000	12.600	26.000	0	0.000	0	15.392	-3.000
aemate	rural_settlement	settlement	5.000	6.800	8.000	0	0.000	0	11.241	-3.000
aeminium	rural_settlement	settlement	8.000	7.400	11.000	0	1.000	1	13.584	-3.000
aerac	rural_settlement	settlement	2.000	1.600	5.000	0	0.000	0	5.319	-8.000
aerdyn	rural_settlement	settlement	2.000	1.600	5.000	0	0.000	0	5.319	-8.000
aeso	rural_settlement	settlement	5.000	5.000	6.000	0	0.000	0	9.737	-3.000
aetelrugia	rural_settlement	settlement	3.000	2.400	3.000	0	0.000	0	6.574	-8.000
afabet	rural_settlement	settlement	2.000	1.600	8.000	0	0.000	0	5.529	-8.000
afarun	rural_settlement	settlement	7.000	7.000	7.000	0	0.000	0	11.303	-3.000
afdugweyne	rural_settlement	settlement	2.000	1.600	7.000	0	0.000	0	5.459	-8.000
affa	rural_settlement	settlement	8.000	10.000	8.000	0	0.000	0	13.029	-3.000
aflaj	rural_settlement	settlement	2.000	1.600	6.000	0	0.000	0	5.389	-8.000
aflou	rural_settlement	settlement	3.000	2.600	3.000	0	0.000	0	6.871	-8.000
afweyn	rural_settlement	settlement	2.000	1.600	7.000	0	0.000	0	5.459	-8.000
agabis	rural_settlement	settlement	4.000	7.000	18.000	0	0.000	0	12.073	-3.000
agaie	rural_settlement	settlement	3.000	3.600	6.000	0	0.000	0	8.355	-3.000
aganagara	rural_settlement	settlement	10.000	14.400	24.000	0	0.000	0	15.899	-3.000
aganzana	rural_settlement	settlement	7.000	7.600	21.000	0	0.000	0	12.659	-3.000
agarum	rural_settlement	settlement	5.000	6.200	15.000	0	0.000	0	11.315	-3.000
agarusia	rural_settlement	settlement	4.000	4.200	8.000	0	0.000	0	9.133	-3.000
agatha	town	city	12.000	21.800	31.000	0	0.000	0	19.929	3.000
agathapura	rural_settlement	settlement	8.000	9.800	24.000	0	0.000	0	14.054	-3.000
agathom	rural_settlement	settlement	6.000	8.600	9.000	0	0.000	0	12.391	-3.000
agawe	rural_settlement	settlement	2.000	1.600	18.000	0	0.000	0	6.229	-8.000
agdz	rural_settlement	settlement	6.000	5.200	3.000	0	0.000	0	9.698	-3.000
agedincum_0	rural_settlement	settlement	8.000	10.200	11.000	0	0.000	0	13.333	-3.000
agedincum_1	rural_settlement	settlement	5.000	6.600	11.000	0	0.000	0	11.316	-3.000
ager	rural_settlement	settlement	5.000	5.000	8.000	0	0.000	0	9.877	-3.000
aggathana	rural_settlement	settlement	4.000	6.000	8.000	0	0.000	0	10.679	-3.000
aggrat	rural_settlement	settlement	7.000	7.200	0.000	0	0.000	0	10.941	-3.000
aggrygh	rural_settlement	settlement	1.000	0.800	0.000	0	0.000	0	3.056	-8.000
aghahechk	rural_settlement	settlement	4.000	6.000	16.000	0	0.000	0	11.239	-3.000
aghaiani	rural_settlement	settlement	4.000	6.000	20.000	0	0.000	0	11.519	-3.000
agharite	rural_settlement	settlement	4.000	4.200	5.000	0	0.000	0	8.923	-3.000
aghbala	rural_settlement	settlement	4.000	3.600	3.000	0	0.000	0	8.145	-3.000
aghmat	rural_settlement	settlement	3.000	2.400	5.000	0	0.000	0	6.714	-8.000
aghonor	rural_settlement	settlement	4.000	3.400	0.000	0	0.000	0	7.704	-3.000
aghram_nadariff	rural_settlement	settlement	2.000	1.600	6.000	0	0.000	0	5.389	-8.000
agines	rural_settlement	settlement	13.000	18.400	27.000	2	1.000	1	20.266	-3.000
aginnum	rural_settlement	settlement	8.000	10.200	11.000	0	0.000	0	13.333	-3.000
agiria	rural_settlement	settlement	5.000	5.000	9.000	0	0.000	0	9.947	-3.000
aglou	rural_settlement	settlement	1.000	0.800	5.000	0	0.000	0	3.406	-8.000
agoult	rural_settlement	settlement	1.000	0.800	5.000	0	0.000	0	3.406	-8.000
agourai	rural_settlement	settlement	4.000	3.200	5.000	0	0.000	0	7.812	-3.000
agrana	rural_settlement	settlement	3.000	2.400	7.000	0	0.000	0	6.854	-8.000
agranai	rural_settlement	settlement	5.000	6.200	18.000	0	0.000	0	11.525	-3.000
agria	rural_settlement	settlement	3.000	3.400	0.000	0	0.000	0	7.704	-3.000
agritore	rural_settlement	settlement	5.000	5.000	11.000	0	0.000	0	10.087	-3.000
agrodakha	rural_settlement	settlement	11.000	17.800	28.000	0	0.000	0	17.216	-3.000
agrum	rural_settlement	settlement	3.000	3.400	0.000	0	0.000	0	7.704	-3.000
aguntum	rural_settlement	settlement	11.000	9.200	7.000	0	0.000	0	12.566	-3.000
aguz	rural_settlement	settlement	2.000	1.600	7.000	0	0.000	0	5.459	-8.000
aharawan	rural_settlement	settlement	3.000	5.200	21.000	0	0.000	0	10.958	-3.000
ahgranika	rural_settlement	settlement	7.000	7.200	0.000	0	0.000	0	10.941	-3.000
ahicchatra	city	city	34.000	59.600	33.000	0	0.000	0	25.152	9.000
ahur	rural_settlement	settlement	11.000	15.800	4.000	0	0.000	0	14.951	-3.000
aigai	rural_settlement	settlement	4.000	6.000	24.000	0	0.000	0	11.799	-3.000
aigaiai	rural_settlement	settlement	4.000	6.000	26.000	3	0.000	0	13.464	-3.000
aigina	city	city	4.000	8.400	45.000	0	1.000	1	18.049	-1.000
aigion	rural_settlement	settlement	11.000	19.200	24.000	0	0.000	0	17.310	-3.000
aihkohna	rural_settlement	settlement	2.000	1.600	0.000	0	0.000	0	4.969	-8.000
aikronon	rural_settlement	settlement	1.000	0.800	3.000	0	0.000	0	3.266	-8.000
ain_hudera	rural_settlement	settlement	3.000	3.600	29.000	0	0.000	0	9.965	-3.000
ainona	rural_settlement	settlement	9.000	11.600	12.000	0	0.000	0	14.015	-3.000
ainos	rural_settlement	settlement	5.000	7.800	28.000	0	0.000	0	13.269	-3.000
aipolion	rural_settlement	settlement	6.000	7.600	3.000	0	0.000	0	11.399	-3.000
airakina	town	city	34.000	50.400	31.000	0	0.000	0	24.156	9.000
airma	rural_settlement	settlement	2.000	1.600	5.000	0	0.000	0	5.319	-8.000
aizanoi	rural_settlement	settlement	4.000	4.600	24.000	0	0.000	0	10.638	-3.000
ajam	rural_settlement	settlement	2.000	1.600	6.000	0	0.000	0	5.389	-8.000
ajanta	rural_settlement	settlement	5.000	6.800	9.000	0	0.000	0	11.311	-3.000
ajdab	rural_settlement	settlement	1.000	0.800	10.000	0	0.000	0	3.756	-8.000
ajdir	rural_settlement	settlement	3.000	2.400	8.000	0	0.000	0	6.924	-8.000
ajodhya	rural_settlement	settlement	5.000	6.000	19.000	0	0.000	0	11.449	-3.000
ajri	rural_settlement	settlement	4.000	3.400	28.000	0	0.000	0	9.664	-3.000
akanthos	rural_settlement	settlement	10.000	17.200	24.000	0	0.000	0	16.767	-3.000
ake_ptolemais	town	city	10.000	14.200	29.000	2	1.000	1	20.637	4.000
akhaltsikhe	rural_settlement	settlement	3.000	3.600	20.000	0	0.000	0	9.335	-3.000
akhnur	rural_settlement	settlement	6.000	8.800	6.000	0	0.000	0	12.288	-3.000
akhsiket	rural_settlement	settlement	7.000	9.800	21.000	0	0.000	0	13.844	-3.000
akhtuba	rural_settlement	settlement	3.000	2.400	6.000	0	0.000	0	6.784	-8.000
akhur	rural_settlement	settlement	8.000	9.200	6.000	0	0.000	0	12.496	-3.000
akhynt	rural_settlement	settlement	5.000	5.600	0.000	0	0.000	0	9.813	-3.000
akirek	rural_settlement	settlement	2.000	1.600	6.000	0	0.000	0	5.389	-8.000
akkaz	rural_settlement	settlement	4.000	4.400	28.000	0	0.000	0	10.729	-3.000
akkei	rural_settlement	settlement	3.000	5.000	6.000	0	0.000	0	9.737	-3.000
akkilur	rural_settlement	settlement	11.000	17.000	9.000	0	0.000	0	15.660	-3.000
akkum	rural_settlement	settlement	3.000	2.400	0.000	0	0.000	0	6.364	-8.000
akme	rural_settlement	settlement	3.000	3.400	10.000	0	1.000	1	10.152	-3.000
akmoneia	town	city	6.000	10.200	29.000	2	0.000	0	17.301	-1.000
akordat	rural_settlement	settlement	6.000	5.000	12.000	0	0.000	0	10.157	-3.000
akota	rural_settlement	settlement	9.000	10.600	24.000	0	0.000	0	14.425	-3.000
akour	rural_settlement	settlement	7.000	12.000	23.000	0	0.000	0	14.948	-3.000
akra_leuke	rural_settlement	settlement	8.000	11.000	8.000	0	1.000	1	15.229	-3.000
akra_rudh	rural_settlement	settlement	3.000	5.200	19.000	0	0.000	0	10.818	-3.000
akraba	rural_settlement	settlement	3.000	4.600	25.000	0	0.000	0	10.708	-3.000
akrarei	rural_settlement	settlement	1.000	0.800	5.000	0	0.000	0	3.406	-8.000
akroterion	rural_settlement	settlement	5.000	5.200	9.000	0	0.000	0	10.118	-3.000
aksha	rural_settlement	settlement	3.000	2.400	6.000	0	0.000	0	6.784	-8.000
aksum	town	city	12.000	14.000	23.000	0	0.000	0	17.192	-1.000
aksumia	rural_settlement	settlement	8.000	9.000	8.000	0	0.000	0	12.533	-3.000
aktene	rural_settlement	settlement	6.000	9.400	18.000	0	0.000	0	13.437	-3.000
aktogay	rural_settlement	settlement	6.000	5.200	14.000	0	0.000	0	10.468	-3.000
akunk	rural_settlement	settlement	3.000	3.600	18.000	0	0.000	0	9.195	-3.000
ala_miliaria	rural_settlement	settlement	6.000	7.200	11.000	0	0.000	0	11.711	-3.000
alaba	rural_settlement	settlement	5.000	5.000	11.000	0	0.000	0	10.087	-3.000
alabanda	town	city	8.000	9.800	29.000	0	0.000	0	15.904	-3.000
alabastronpolis	rural_settlement	settlement	12.000	17.800	31.000	0	0.000	0	17.426	-3.000
aladagh_qaleh	rural_settlement	settlement	3.000	5.200	18.000	0	0.000	0	10.748	-3.000
alagma	rural_settlement	settlement	3.000	3.800	23.000	0	0.000	0	9.767	-3.000
alaivay	rural_settlement	settlement	11.000	14.200	23.000	0	0.000	0	15.761	-3.000
alalaiou	rural_settlement	settlement	6.000	8.800	17.000	0	0.000	0	13.058	-3.000
alan	rural_settlement	settlement	10.000	13.400	21.000	0	0.000	0	15.340	-3.000
alana	rural_settlement	settlement	3.000	5.200	17.000	0	0.000	0	10.678	-3.000
alanis	rural_settlement	settlement	4.000	5.000	3.000	0	0.000	0	9.527	-3.000
alaria	rural_settlement	settlement	2.000	1.600	5.000	0	0.000	0	5.319	-8.000
alatnapura	rural_settlement	settlement	9.000	12.800	8.000	0	0.000	0	14.208	-3.000
alauna	rural_settlement	settlement	4.000	4.200	12.000	0	0.000	0	9.413	-3.000
alaura	rural_settlement	settlement	4.000	5.400	17.000	0	0.000	0	10.843	-3.000
alavi_pancala	rural_settlement	settlement	17.000	20.400	28.000	2	0.000	0	19.098	-3.000
alavna	rural_settlement	settlement	3.000	3.400	10.000	0	0.000	0	8.404	-3.000
alba_helviorum	rural_settlement	settlement	10.000	12.400	9.000	0	0.000	0	14.125	-3.000
albanopolis	rural_settlement	settlement	12.000	16.400	18.000	0	0.000	0	16.114	-3.000
albiana	rural_settlement	settlement	3.000	2.600	5.000	0	0.000	0	7.011	-8.000
albiga	rural_settlement	settlement	5.000	5.000	9.000	0	0.000	0	9.947	-3.000
albocensia	rural_settlement	settlement	4.000	5.800	0.000	0	0.000	0	9.968	-3.000
albom_ingaunom	rural_settlement	settlement	17.000	20.800	10.000	0	1.000	1	18.474	-3.000
albulae	rural_settlement	settlement	4.000	6.000	9.000	0	0.000	0	10.749	-3.000
album_intimilium	rural_settlement	settlement	12.000	15.400	10.000	0	0.000	0	15.246	-3.000
alces	rural_settlement	settlement	8.000	9.200	11.000	0	0.000	0	12.846	-3.000
aleria	city	city	13.000	21.000	39.000	0	1.000	1	22.051	4.000
alesia	town	city	10.000	10.600	14.000	0	0.000	0	15.225	-3.000
alesia_germanica	rural_settlement	settlement	4.000	5.400	0.000	0	0.000	0	9.653	-3.000
alexandreia_areia	city	city	10.000	18.200	44.000	0	0.000	0	19.946	2.000
alexandreia_bactriane	city	city	31.000	46.000	34.000	0	0.000	0	23.901	7.000
alexandreia_eschate	city	city	20.000	37.400	42.000	0	0.000	0	23.410	7.000
alexandreia_nikaia	city	city	8.000	10.200	39.000	2	0.000	0	18.001	-2.000
alexandreia_pros_to_latmo	city	city	5.000	6.800	39.000	0	0.000	0	14.911	-6.000
alexandreia_sakastenes	city	city	15.000	27.400	43.000	0	0.000	0	21.911	4.000
alexandria	city	city	25.000	63.600	61.000	0	9.000	1	31.445	15.000
alexandria_ad_caucasum	city	city	13.000	24.600	42.000	1	0.000	0	22.064	4.000
alexandria_margiana	city	city	21.000	35.600	36.000	0	0.000	0	22.740	6.000
alexandria_oxiana	city	city	9.000	11.400	36.000	0	0.000	0	17.112	-3.000
alexandria_susiana	city	city	24.000	39.800	56.000	0	3.000	1	27.700	14.000
alexandropolis	city	city	9.000	14.200	33.000	0	0.000	0	17.961	-2.000
alexandrou_limen	city	city	21.000	28.600	41.000	0	1.000	1	23.734	7.000
alexandrou_parembole	rural_settlement	settlement	4.000	5.200	38.000	0	0.000	0	12.148	-3.000
algeti	rural_settlement	settlement	2.000	1.800	18.000	0	0.000	0	6.614	-8.000
ali	rural_settlement	settlement	1.000	0.800	5.000	0	0.000	0	3.406	-8.000
alia	rural_settlement	settlement	1.000	0.800	5.000	0	0.000	0	3.406	-8.000
aliareia	rural_settlement	settlement	6.000	9.400	24.000	2	0.000	0	15.066	-3.000
alicodra	rural_settlement	settlement	5.000	9.000	5.000	0	0.000	0	12.323	-3.000
aliou_kome	rural_settlement	settlement	7.000	8.600	10.000	0	0.000	0	12.461	-3.000
alisca	rural_settlement	settlement	9.000	11.800	9.000	0	0.000	0	13.887	-3.000
alisus	rural_settlement	settlement	3.000	2.400	5.000	0	0.000	0	6.714	-8.000
alisutum	rural_settlement	settlement	6.000	5.200	0.000	0	0.000	0	9.488	-3.000
alitora	rural_settlement	settlement	1.000	0.800	3.000	0	0.000	0	3.266	-8.000
alkhyent	rural_settlement	settlement	2.000	1.600	0.000	0	0.000	0	4.969	-8.000
alkon	rural_settlement	settlement	5.000	5.400	27.000	0	0.000	0	11.543	-3.000
alkonet	rural_settlement	settlement	1.000	0.800	5.000	0	0.000	0	3.406	-8.000
allaqi	rural_settlement	settlement	2.000	1.600	8.000	0	0.000	0	5.529	-8.000
allobrogia	rural_settlement	settlement	5.000	5.000	11.000	0	0.000	0	10.087	-3.000
allsincum	rural_settlement	settlement	5.000	5.000	11.000	0	0.000	0	10.087	-3.000
alluru	rural_settlement	settlement	8.000	14.400	11.000	0	0.000	0	14.989	-3.000
almus	rural_settlement	settlement	4.000	6.000	10.000	0	0.000	0	10.819	-3.000
aloe	rural_settlement	settlement	8.000	13.400	19.000	0	0.000	0	15.200	-3.000
alonis	rural_settlement	settlement	5.000	5.000	8.000	0	0.000	0	9.877	-3.000
alosgyni	town	city	33.000	43.400	16.000	0	1.000	1	24.093	9.000
alouaka	rural_settlement	settlement	4.000	5.200	18.000	0	0.000	0	10.748	-3.000
alouka	rural_settlement	settlement	4.000	7.000	0.000	0	1.000	1	12.561	-3.000
aloure	rural_settlement	settlement	2.000	1.600	12.000	0	0.000	0	5.809	-8.000
aloustou_phrourion	rural_settlement	settlement	6.000	9.200	18.000	0	0.000	0	13.336	-3.000
alpis_inferior	rural_settlement	settlement	6.000	8.400	7.000	0	0.000	0	12.142	-3.000
alpis_superior	rural_settlement	settlement	6.000	7.800	7.000	0	0.000	0	11.799	-3.000
alsita	rural_settlement	settlement	3.000	3.400	5.000	0	0.000	0	8.054	-3.000
alsowm	rural_settlement	settlement	2.000	1.800	5.000	0	0.000	0	5.704	-8.000
alta_ripa	rural_settlement	settlement	5.000	5.200	9.000	0	0.000	0	10.118	-3.000
altaia	rural_settlement	settlement	5.000	5.000	11.000	0	0.000	0	10.087	-3.000
altava	rural_settlement	settlement	3.000	4.000	8.000	0	0.000	0	8.929	-3.000
althiburos	rural_settlement	settlement	5.000	6.600	19.000	0	0.000	0	11.876	-3.000
altina	rural_settlement	settlement	8.000	9.400	11.000	0	0.000	0	12.947	-3.000
altinasar	rural_settlement	settlement	4.000	4.200	0.000	0	0.000	0	8.573	-3.000
altintepe	rural_settlement	settlement	2.000	2.600	18.000	0	0.000	0	7.921	-3.000
altinum	town	city	19.000	23.400	11.000	0	0.000	0	18.882	1.000
altitona	rural_settlement	settlement	5.000	5.000	9.000	0	0.000	0	9.947	-3.000
alu	rural_settlement	settlement	2.000	1.600	5.000	0	0.000	0	5.319	-8.000
aluna	rural_settlement	settlement	7.000	9.200	11.000	0	0.000	0	12.846	-3.000
alwa	town	city	28.000	48.000	30.000	0	0.000	0	23.837	8.000
amaitaia	rural_settlement	settlement	5.000	5.400	17.000	0	0.000	0	10.843	-3.000
amallobriga	rural_settlement	settlement	5.000	5.000	9.000	0	0.000	0	9.947	-3.000
amanium	rural_settlement	settlement	5.000	5.000	11.000	0	0.000	0	10.087	-3.000
amar	rural_settlement	settlement	5.000	5.200	18.000	0	0.000	0	10.748	-3.000
amara	rural_settlement	settlement	6.000	7.000	7.000	0	0.000	0	11.303	-3.000
amaras	rural_settlement	settlement	3.000	5.000	18.000	0	0.000	0	10.577	-3.000
amaravati	rural_settlement	settlement	10.000	17.200	8.000	0	0.000	0	15.647	-3.000
amarda	rural_settlement	settlement	6.000	9.400	33.000	0	0.000	0	14.487	-3.000
amarea	rural_settlement	settlement	3.000	5.600	23.000	0	0.000	0	11.423	-3.000
amaseia	town	city	10.000	13.800	14.000	0	0.000	0	16.492	-2.000
amastica	rural_settlement	settlement	4.000	5.400	5.000	0	1.000	1	11.750	-3.000
amastor	rural_settlement	settlement	3.000	6.600	21.000	0	0.000	0	12.016	-3.000
amathe	town	city	14.000	25.000	29.000	2	0.000	0	21.681	5.000
amathous	rural_settlement	settlement	2.000	3.400	24.000	0	0.000	0	9.384	-3.000
amatria	rural_settlement	settlement	4.000	3.400	0.000	0	0.000	0	7.704	-3.000
amazo	rural_settlement	settlement	3.000	2.400	5.000	0	0.000	0	6.714	-8.000
ambaloda	town	city	17.000	22.400	13.000	0	0.000	0	18.804	1.000
ambara	rural_settlement	settlement	10.000	14.200	24.000	0	0.000	0	15.831	-3.000
ambe	rural_settlement	settlement	3.000	3.400	12.000	0	0.000	0	8.544	-3.000
ambiacum	rural_settlement	settlement	4.000	4.200	11.000	0	0.000	0	9.343	-3.000
ambium	rural_settlement	settlement	4.000	4.400	0.000	0	0.000	0	8.769	-3.000
amblada	rural_settlement	settlement	4.000	6.000	13.000	0	0.000	0	11.029	-3.000
ambrae	rural_settlement	settlement	8.000	8.800	11.000	0	0.000	0	12.638	-3.000
ambrakia	city	city	14.000	26.800	35.000	0	1.000	1	22.988	6.000
ambrodax	rural_settlement	settlement	5.000	5.600	28.000	0	0.000	0	11.773	-3.000
amellua	rural_settlement	settlement	3.000	3.600	0.000	0	0.000	0	7.935	-3.000
amer	rural_settlement	settlement	3.000	2.400	5.000	0	0.000	0	6.714	-8.000
ameta	rural_settlement	settlement	4.000	7.000	22.000	0	0.000	0	12.353	-3.000
amindivi	rural_settlement	settlement	5.000	5.200	9.000	0	1.000	1	11.865	-3.000
amisia	rural_settlement	settlement	4.000	5.800	0.000	0	0.000	0	9.968	-3.000
amisos	town	city	11.000	19.000	29.000	0	1.000	1	20.855	4.000
amiternum	rural_settlement	settlement	13.000	19.200	24.000	0	0.000	0	17.310	-3.000
ammaedara	rural_settlement	settlement	7.000	9.200	19.000	0	0.000	0	13.406	-3.000
ammaia	rural_settlement	settlement	6.000	5.800	9.000	0	0.000	0	10.598	-3.000
ammattha	rural_settlement	settlement	6.000	10.400	23.000	0	0.000	0	14.265	-3.000
ammodios	city	city	6.000	6.600	36.000	2	0.000	0	15.775	-4.000
ammon	city	city	9.000	14.600	36.000	0	0.000	0	18.306	-1.000
amorgos	rural_settlement	settlement	3.000	5.200	19.000	0	0.000	0	10.818	-3.000
ampe	rural_settlement	settlement	3.000	2.800	27.000	0	0.000	0	8.832	-3.000
ampelum	rural_settlement	settlement	5.000	6.000	8.000	0	0.000	0	10.679	-3.000
amphipolis	city	city	34.000	64.200	33.000	0	1.000	1	27.280	13.000
amphipolis_syrias	rural_settlement	settlement	3.000	5.200	26.000	2	0.000	0	12.516	-3.000
amrakuta	rural_settlement	settlement	7.000	7.000	8.000	0	0.000	0	11.373	-3.000
amran	rural_settlement	settlement	10.000	12.400	8.000	0	0.000	0	14.055	-3.000
amrane	rural_settlement	settlement	3.000	2.400	5.000	0	0.000	0	6.714	-8.000
amsareddi	rural_settlement	settlement	3.000	3.800	23.000	0	0.000	0	9.767	-3.000
amsivaria	rural_settlement	settlement	4.000	5.000	1.000	0	0.000	0	9.387	-3.000
amsivaria_bructeriorum	rural_settlement	settlement	4.000	4.800	0.000	0	0.000	0	9.141	-3.000
amu	rural_settlement	settlement	3.000	2.400	18.000	0	0.000	0	7.624	-8.000
amul	town	city	5.000	8.400	10.000	0	0.000	0	13.852	-6.000
amura	rural_settlement	settlement	5.000	6.200	31.000	0	0.000	0	12.435	-3.000
amutria	rural_settlement	settlement	7.000	8.000	8.000	0	0.000	0	11.986	-3.000
anaboura	rural_settlement	settlement	5.000	7.000	24.000	2	0.000	0	13.702	-3.000
anacureta	rural_settlement	settlement	3.000	3.400	5.000	0	0.000	0	8.054	-3.000
anagrana	rural_settlement	settlement	5.000	6.000	7.000	0	0.000	0	10.609	-3.000
anaia	rural_settlement	settlement	7.000	10.200	15.000	0	0.000	0	13.613	-3.000
anak	rural_settlement	settlement	5.000	5.400	7.000	0	0.000	0	10.143	-3.000
anakkesta	rural_settlement	settlement	1.000	0.800	0.000	0	0.000	0	3.056	-8.000
anakopia	rural_settlement	settlement	4.000	5.200	18.000	0	0.000	0	10.748	-3.000
analibna	rural_settlement	settlement	3.000	3.600	18.000	0	0.000	0	9.195	-3.000
anandpura	rural_settlement	settlement	10.000	10.600	24.000	0	0.000	0	14.425	-3.000
anantanaga	rural_settlement	settlement	7.000	11.200	8.000	0	0.000	0	13.567	-3.000
anartia	rural_settlement	settlement	2.000	1.600	0.000	0	0.000	0	4.969	-8.000
anartiana	rural_settlement	settlement	5.000	7.600	0.000	0	0.000	0	11.189	-3.000
anartta	rural_settlement	settlement	5.000	6.200	26.000	0	0.000	0	12.085	-3.000
anarus	rural_settlement	settlement	7.000	10.800	29.000	2	0.000	0	16.073	-3.000
anasartha	rural_settlement	settlement	6.000	6.400	23.000	0	0.000	0	12.018	-3.000
anatachara	city	city	30.000	55.800	41.000	0	0.000	0	25.376	10.000
anatho	rural_settlement	settlement	1.000	1.800	28.000	2	0.000	0	8.522	-3.000
anausaro	rural_settlement	settlement	3.000	5.200	8.000	0	0.000	0	10.048	-3.000
anavella	rural_settlement	settlement	1.000	0.800	3.000	0	0.000	0	3.266	-8.000
anavenedica	rural_settlement	settlement	2.000	3.200	0.000	0	0.000	0	7.462	-8.000
anazarbos	rural_settlement	settlement	6.000	6.200	10.000	0	0.000	0	10.965	-3.000
anchialos	rural_settlement	settlement	3.000	5.000	26.000	0	1.000	1	12.885	-3.000
anchitaia	rural_settlement	settlement	6.000	9.200	18.000	0	0.000	0	13.336	-3.000
ancona	city	city	17.000	31.800	33.000	0	1.000	1	23.708	7.000
ancus	rural_settlement	settlement	3.000	4.400	8.000	0	0.000	0	9.329	-3.000
andaka	rural_settlement	settlement	5.000	5.600	7.000	2	0.000	0	11.511	-3.000
andalapura	rural_settlement	settlement	4.000	6.000	8.000	0	0.000	0	10.679	-3.000
andamaska	rural_settlement	settlement	1.000	0.800	29.000	0	0.000	0	5.086	-8.000
andautonia	rural_settlement	settlement	3.000	3.600	8.000	0	0.000	0	8.495	-3.000
andecamulum	rural_settlement	settlement	6.000	6.000	9.000	0	0.000	0	10.749	-3.000
andellium	rural_settlement	settlement	7.000	9.200	11.000	0	0.000	0	12.846	-3.000
andelos	rural_settlement	settlement	4.000	4.200	11.000	0	0.000	0	9.343	-3.000
andematunnum	rural_settlement	settlement	12.000	15.400	9.000	0	0.000	0	15.176	-3.000
anderba	rural_settlement	settlement	4.000	4.400	8.000	0	0.000	0	9.329	-3.000
anderitum	rural_settlement	settlement	6.000	7.400	9.000	0	0.000	0	11.697	-3.000
andethanna	rural_settlement	settlement	3.000	3.600	11.000	0	0.000	0	8.705	-3.000
andhapura	town	city	25.000	47.200	16.000	0	1.000	1	24.520	9.000
andhau	rural_settlement	settlement	7.000	6.800	22.000	0	0.000	0	12.221	-3.000
andhur	rural_settlement	settlement	1.000	0.800	6.000	0	0.000	0	3.476	-8.000
andijan	town	city	18.000	23.600	23.000	0	0.000	0	19.764	3.000
andion	rural_settlement	settlement	7.000	9.400	11.000	0	0.000	0	12.947	-3.000
andrapa	rural_settlement	settlement	4.000	5.400	9.000	0	0.000	0	10.283	-3.000
androna_0	rural_settlement	settlement	6.000	8.600	26.000	2	0.000	0	14.790	-3.000
androna_1	rural_settlement	settlement	6.000	6.200	20.000	0	0.000	0	11.665	-3.000
andros	rural_settlement	settlement	3.000	5.200	24.000	0	0.000	0	11.168	-3.000
anduetium	rural_settlement	settlement	2.000	1.600	0.000	0	0.000	0	4.969	-8.000
andusia	rural_settlement	settlement	8.000	8.800	9.000	0	0.000	0	12.498	-3.000
andzevatsik	rural_settlement	settlement	4.000	4.400	18.000	0	0.000	0	10.029	-3.000
anemourion	rural_settlement	settlement	5.000	6.200	15.000	0	0.000	0	11.315	-3.000
anfa	rural_settlement	settlement	5.000	5.000	18.000	0	0.000	0	10.577	-3.000
ange	rural_settlement	settlement	6.000	6.800	28.000	0	0.000	0	12.641	-3.000
angeliai	rural_settlement	settlement	4.000	6.000	8.000	0	0.000	0	10.679	-3.000
angia	rural_settlement	settlement	2.000	2.600	5.000	0	0.000	0	7.011	-8.000
anglia_borealis	rural_settlement	settlement	2.000	1.600	5.000	0	0.000	0	5.319	-8.000
anglia_centralis	rural_settlement	settlement	3.000	3.400	5.000	0	0.000	0	8.054	-3.000
anglia_meridionalis	rural_settlement	settlement	2.000	1.600	5.000	0	0.000	0	5.319	-8.000
angrivaria	rural_settlement	settlement	4.000	6.000	5.000	0	0.000	0	10.469	-3.000
angustia	rural_settlement	settlement	6.000	5.000	8.000	0	0.000	0	9.877	-3.000
ani_0	rural_settlement	settlement	3.000	3.600	20.000	0	0.000	0	9.335	-3.000
ani_1	town	city	10.000	14.600	21.000	0	0.000	0	17.256	-1.000
anisa	rural_settlement	settlement	3.000	3.600	18.000	0	0.000	0	9.195	-3.000
anisus	rural_settlement	settlement	5.000	5.200	7.000	0	0.000	0	9.978	-3.000
ankale	rural_settlement	settlement	2.000	4.200	17.000	0	0.000	0	9.763	-3.000
ankui	rural_settlement	settlement	5.000	6.800	18.000	0	0.000	0	11.941	-3.000
ankyra	town	city	13.000	21.800	25.000	3	0.000	0	21.034	4.000
ankyra_sidera	rural_settlement	settlement	3.000	3.600	24.000	0	0.000	0	9.615	-3.000
ankyronpolis	rural_settlement	settlement	12.000	20.000	31.000	0	0.000	0	18.002	-3.000
anneianum	rural_settlement	settlement	14.000	18.000	7.000	0	0.000	0	15.801	-3.000
annesel	rural_settlement	settlement	5.000	9.400	10.000	0	0.000	0	12.877	-3.000
anniaka	rural_settlement	settlement	4.000	4.200	18.000	0	0.000	0	9.833	-3.000
annike	rural_settlement	settlement	1.000	0.800	0.000	0	0.000	0	3.056	-8.000
ano_kotradis	rural_settlement	settlement	3.000	3.600	13.000	0	0.000	0	8.845	-3.000
anoppi	rural_settlement	settlement	3.000	3.400	5.000	0	0.000	0	8.054	-3.000
ansibaria	rural_settlement	settlement	4.000	4.800	0.000	0	0.000	0	9.141	-3.000
antaiopolis	city	city	9.000	13.800	36.000	0	0.000	0	18.032	-2.000
antaranjiya	rural_settlement	settlement	8.000	12.000	28.000	0	0.000	0	15.298	-3.000
antecaria	rural_settlement	settlement	5.000	5.000	8.000	0	0.000	0	9.877	-3.000
antentia	rural_settlement	settlement	7.000	13.600	21.000	0	0.000	0	15.411	-3.000
anthedon	rural_settlement	settlement	6.000	11.800	24.000	0	1.000	1	16.685	-3.000
antia	rural_settlement	settlement	3.000	2.400	0.000	0	0.000	0	6.364	-8.000
anticaria	rural_settlement	settlement	9.000	12.800	17.000	0	0.000	0	14.838	-3.000
antigoneia	city	city	17.000	40.800	39.000	3	0.000	0	25.166	9.000
antigoneia_kyzikene	rural_settlement	settlement	3.000	6.000	24.000	0	0.000	0	11.799	-3.000
antinum	rural_settlement	settlement	11.000	12.800	9.000	0	0.000	0	14.278	-3.000
antipatris	rural_settlement	settlement	5.000	8.000	25.000	0	0.000	0	13.176	-3.000
antipolis	town	city	12.000	20.200	31.000	0	1.000	1	21.298	5.000
antipyrgos	rural_settlement	settlement	4.000	7.000	28.000	0	0.000	0	12.773	-3.000
antistiana	rural_settlement	settlement	5.000	5.000	10.000	0	0.000	0	10.017	-3.000
antro	rural_settlement	settlement	5.000	7.200	9.000	0	0.000	0	11.571	-3.000
anumapala	rural_settlement	settlement	10.000	14.400	9.000	0	0.000	0	14.849	-3.000
anupgarh	rural_settlement	settlement	3.000	3.600	20.000	0	0.000	0	9.335	-3.000
anupshahr	rural_settlement	settlement	9.000	13.800	26.000	0	0.000	0	15.832	-3.000
anuradhapura	town	city	19.000	31.200	28.000	0	0.000	0	21.514	5.000
anzita	rural_settlement	settlement	3.000	3.800	18.000	0	0.000	0	9.417	-3.000
anzitene	rural_settlement	settlement	3.000	4.600	29.000	0	0.000	0	10.988	-3.000
aornos	rural_settlement	settlement	6.000	7.800	17.000	0	0.000	0	12.499	-3.000
aoulouze	rural_settlement	settlement	3.000	2.600	3.000	0	0.000	0	6.871	-8.000
apakara	rural_settlement	settlement	14.000	18.400	23.000	0	0.000	0	17.029	-3.000
apamea_ad_tigridem	city	city	12.000	24.400	40.000	2	0.000	0	22.329	5.000
apamea_cibotus	town	city	10.000	14.800	29.000	5	0.000	0	19.853	3.000
apameia	city	city	16.000	22.000	36.000	2	0.000	0	21.533	4.000
apameia_raphane	rural_settlement	settlement	4.000	5.400	29.000	2	0.000	0	12.891	-3.000
aparing	rural_settlement	settlement	2.000	2.600	6.000	0	0.000	0	7.081	-8.000
apasidam	rural_settlement	settlement	6.000	7.800	18.000	0	0.000	0	12.569	-3.000
apauarktike	rural_settlement	settlement	3.000	4.400	21.000	0	0.000	0	10.239	-3.000
aphrodisias	rural_settlement	settlement	5.000	7.000	24.000	0	0.000	0	12.493	-3.000
aphroditopolis	city	city	34.000	54.400	38.000	0	0.000	0	25.036	9.000
api	rural_settlement	settlement	2.000	1.600	5.000	0	0.000	0	5.319	-8.000
apis	rural_settlement	settlement	3.000	6.000	28.000	0	0.000	0	12.079	-3.000
apocopa	town	city	10.000	13.800	20.000	0	1.000	1	18.660	1.000
apollinopolis_megale	rural_settlement	settlement	8.000	12.200	31.000	0	0.000	0	15.587	-3.000
apollinopolis_mikra	rural_settlement	settlement	4.000	5.200	31.000	0	0.000	0	11.658	-3.000
apollonia	city	city	10.000	16.000	33.000	0	0.000	0	18.543	0.000
apollonia_kyrenaike	rural_settlement	settlement	5.000	9.400	21.000	0	0.000	0	13.647	-3.000
apollonia_maiandrou	town	city	5.000	7.000	31.000	2	0.000	0	15.692	-3.000
apollonia_mysias	rural_settlement	settlement	4.000	6.000	24.000	2	0.000	0	13.007	-3.000
apollonia_palaistinias	town	city	7.000	12.000	31.000	2	1.000	1	19.964	3.000
apollonia_pontike	town	city	5.000	6.800	31.000	0	0.000	0	14.351	-5.000
apollonia_rhyndakos	rural_settlement	settlement	5.000	7.000	24.000	2	0.000	0	13.702	-3.000
apologos	rural_settlement	settlement	9.000	11.200	27.000	0	0.000	0	14.897	-3.000
apostana	rural_settlement	settlement	4.000	7.000	31.000	0	1.000	1	14.731	-3.000
appadana	rural_settlement	settlement	7.000	14.200	23.000	0	0.000	0	15.761	-3.000
apphana	rural_settlement	settlement	3.000	3.600	27.000	0	0.000	0	9.825	-3.000
appia	rural_settlement	settlement	5.000	5.400	24.000	0	0.000	0	11.333	-3.000
appiara	rural_settlement	settlement	11.000	14.600	8.000	0	0.000	0	14.846	-3.000
apqu	rural_settlement	settlement	4.000	5.600	28.000	0	0.000	0	11.773	-3.000
apritas	rural_settlement	settlement	4.000	5.800	22.000	0	0.000	0	11.508	-3.000
apsaros_0	rural_settlement	settlement	6.000	8.800	18.000	0	1.000	1	14.876	-3.000
apsaros_1	rural_settlement	settlement	5.000	7.800	24.000	0	0.000	0	12.989	-3.000
apta_iulia	rural_settlement	settlement	8.000	8.600	11.000	0	0.000	0	12.531	-3.000
apudia_vallis	rural_settlement	settlement	6.000	8.800	18.000	0	0.000	0	13.128	-3.000
apulum	town	city	10.000	11.200	13.000	0	0.000	0	15.417	-3.000
aqcha	rural_settlement	settlement	5.000	4.400	21.000	0	0.000	0	10.239	-3.000
aqiq	rural_settlement	settlement	1.000	0.800	7.000	0	0.000	0	3.546	-8.000
aqola	rural_settlement	settlement	2.000	2.800	28.000	0	0.000	0	8.902	-3.000
aqua_viva	rural_settlement	settlement	5.000	5.800	3.000	0	0.000	0	10.178	-3.000
aquae_arnemetiae	rural_settlement	settlement	4.000	4.200	8.000	0	0.000	0	9.133	-3.000
aquae_bilbitonorum	rural_settlement	settlement	8.000	9.200	11.000	0	0.000	0	12.846	-3.000
aquae_borbonis	rural_settlement	settlement	5.000	5.000	9.000	0	0.000	0	9.947	-3.000
aquae_calidae	rural_settlement	settlement	6.000	5.800	16.000	0	0.000	0	11.088	-3.000
aquae_casae	rural_settlement	settlement	3.000	5.200	24.000	0	0.000	0	11.168	-3.000
aquae_convenarum	rural_settlement	settlement	5.000	5.000	11.000	0	0.000	0	10.087	-3.000
aquae_dacicae	rural_settlement	settlement	6.000	6.000	18.000	0	0.000	0	11.379	-3.000
aquae_flaviae	rural_settlement	settlement	10.000	11.800	11.000	0	0.000	0	14.027	-3.000
aquae_gallaecia	rural_settlement	settlement	4.000	4.200	9.000	0	0.000	0	9.203	-3.000
aquae_granni	rural_settlement	settlement	5.000	5.000	9.000	0	0.000	0	9.947	-3.000
aquae_iasae	rural_settlement	settlement	7.000	8.600	8.000	0	0.000	0	12.321	-3.000
aquae_mattiacorum	rural_settlement	settlement	10.000	13.000	0.000	0	0.000	0	13.723	-3.000
aquae_neri	rural_settlement	settlement	4.000	4.200	16.000	0	0.000	0	9.693	-3.000
aquae_originae	rural_settlement	settlement	7.000	6.600	9.000	0	0.000	0	11.176	-3.000
aquae_quintinae	rural_settlement	settlement	5.000	5.000	9.000	0	0.000	0	9.947	-3.000
aquae_regiae	rural_settlement	settlement	5.000	6.600	24.000	0	0.000	0	12.226	-3.000
aquae_segetae	rural_settlement	settlement	6.000	6.800	14.000	0	0.000	0	11.661	-3.000
aquae_siccae	rural_settlement	settlement	5.000	5.000	11.000	0	0.000	0	10.087	-3.000
aquae_sirenses	rural_settlement	settlement	5.000	7.600	11.000	0	0.000	0	11.959	-3.000
aquae_statiellae	rural_settlement	settlement	8.000	11.000	8.000	0	0.000	0	13.482	-3.000
aquae_sulis	rural_settlement	settlement	6.000	6.800	12.000	0	0.000	0	11.521	-3.000
aquae_sulphurae	rural_settlement	settlement	5.000	5.200	8.000	0	0.000	0	10.048	-3.000
aquae_tacapitanae	rural_settlement	settlement	8.000	9.400	15.000	0	0.000	0	13.227	-3.000
aquae_tarbellicae	rural_settlement	settlement	5.000	6.000	11.000	0	0.000	0	10.889	-3.000
aquileia	rural_settlement	settlement	8.000	12.000	10.000	0	1.000	1	15.785	-3.000
aquileia_germanica	rural_settlement	settlement	5.000	5.200	11.000	0	0.000	0	10.258	-3.000
aquincum	rural_settlement	settlement	10.000	12.400	9.000	0	0.000	0	14.125	-3.000
aquis_querquennis	rural_settlement	settlement	4.000	4.200	9.000	0	0.000	0	9.203	-3.000
araba	town	city	19.000	33.400	30.000	0	0.000	0	21.998	5.000
arabissos	rural_settlement	settlement	5.000	7.000	18.000	2	0.000	0	13.282	-3.000
arabriga	rural_settlement	settlement	4.000	4.200	11.000	0	0.000	0	9.343	-3.000
arac	rural_settlement	settlement	12.000	16.800	27.000	0	0.000	0	16.862	-3.000
aracaeli	rural_settlement	settlement	5.000	5.000	9.000	0	0.000	0	9.947	-3.000
arachos	rural_settlement	settlement	1.000	1.800	7.000	0	0.000	0	5.844	-8.000
arachotus	town	city	10.000	16.000	30.000	0	0.000	0	18.333	0.000
aracillum	rural_settlement	settlement	4.000	4.200	9.000	0	0.000	0	9.203	-3.000
arados	town	city	10.000	16.800	26.000	0	3.000	1	21.287	5.000
arae_flaviae	rural_settlement	settlement	6.000	7.800	9.000	0	0.000	0	11.939	-3.000
arae_philaenorum	rural_settlement	settlement	5.000	6.200	10.000	0	0.000	0	10.965	-3.000
aragvispiri	rural_settlement	settlement	7.000	8.800	16.000	0	0.000	0	12.988	-3.000
arak	rural_settlement	settlement	1.000	0.800	5.000	0	0.000	0	3.406	-8.000
arakan	rural_settlement	settlement	9.000	10.400	12.000	0	0.000	0	13.495	-3.000
aramaua	rural_settlement	settlement	3.000	3.400	18.000	0	0.000	0	8.964	-3.000
arambys	town	city	6.000	9.600	24.000	0	1.000	1	17.204	-1.000
aramum	rural_settlement	settlement	4.000	4.400	25.000	0	0.000	0	10.519	-3.000
arandis	rural_settlement	settlement	3.000	3.400	11.000	0	0.000	0	8.474	-3.000
arank	rural_settlement	settlement	5.000	6.800	18.000	0	0.000	0	11.941	-3.000
araq	rural_settlement	settlement	1.000	0.800	3.000	0	0.000	0	3.266	-8.000
arar	rural_settlement	settlement	1.000	0.800	6.000	0	0.000	0	3.476	-8.000
aras	rural_settlement	settlement	4.000	5.400	11.000	0	0.000	0	10.423	-3.000
arasaxa	rural_settlement	settlement	4.000	6.000	20.000	2	0.000	0	12.727	-3.000
arash	rural_settlement	settlement	4.000	3.200	3.000	0	0.000	0	7.672	-8.000
araskh	rural_settlement	settlement	4.000	3.400	21.000	0	0.000	0	9.174	-3.000
aratha	rural_settlement	settlement	6.000	8.800	5.000	0	0.000	0	12.218	-3.000
arauraka	rural_settlement	settlement	3.000	3.600	18.000	0	0.000	0	9.195	-3.000
arausio	rural_settlement	settlement	9.000	11.800	13.000	0	0.000	0	14.167	-3.000
aravorum	rural_settlement	settlement	4.000	4.200	9.000	0	0.000	0	9.203	-3.000
arbalo	rural_settlement	settlement	4.000	3.200	0.000	0	0.000	0	7.462	-8.000
arbaouats	rural_settlement	settlement	3.000	2.600	3.000	0	0.000	0	6.871	-8.000
arbela	town	city	15.000	18.400	26.000	1	0.000	0	19.502	2.000
arbia	rural_settlement	settlement	5.000	5.200	17.000	0	0.000	0	10.678	-3.000
arbis	rural_settlement	settlement	8.000	7.800	19.000	0	0.000	0	12.639	-3.000
arbiti	rural_settlement	settlement	13.000	17.800	19.000	0	0.000	0	16.586	-3.000
arbor_felix	rural_settlement	settlement	4.000	4.800	9.000	0	0.000	0	9.771	-3.000
arboukale	rural_settlement	settlement	4.000	4.200	11.000	0	0.000	0	9.343	-3.000
arbua	rural_settlement	settlement	5.000	6.800	28.000	0	0.000	0	12.641	-3.000
arbugae	rural_settlement	settlement	3.000	2.400	3.000	0	0.000	0	6.574	-8.000
arca_0	rural_settlement	settlement	4.000	7.600	24.000	0	0.000	0	12.869	-3.000
arca_1	rural_settlement	settlement	3.000	3.600	18.000	2	0.000	0	10.404	-3.000
arcas	rural_settlement	settlement	2.000	4.800	20.000	0	0.000	0	10.541	-3.000
arces_covelicae	rural_settlement	settlement	4.000	4.200	11.000	0	0.000	0	9.343	-3.000
archaiopolis	town	city	6.000	11.600	25.000	0	0.000	0	16.425	-2.000
arcobara	rural_settlement	settlement	5.000	6.000	8.000	0	0.000	0	10.679	-3.000
arcobriga	rural_settlement	settlement	6.000	5.800	11.000	0	0.000	0	10.738	-3.000
arcrotis	rural_settlement	settlement	3.000	3.400	28.000	0	0.000	0	9.664	-3.000
arcum	rural_settlement	settlement	2.000	1.600	0.000	0	0.000	0	4.969	-8.000
arcus	rural_settlement	settlement	5.000	5.000	10.000	0	0.000	0	10.017	-3.000
ardabil	rural_settlement	settlement	6.000	9.600	19.000	0	0.000	0	13.606	-3.000
ardashir	rural_settlement	settlement	3.000	4.400	28.000	0	0.000	0	10.729	-3.000
ardea	rural_settlement	settlement	3.000	6.000	29.000	0	0.000	0	12.149	-3.000
ardeank	rural_settlement	settlement	4.000	4.400	20.000	0	0.000	0	10.169	-3.000
ardeiscus	rural_settlement	settlement	6.000	7.000	8.000	0	0.000	0	11.373	-3.000
ardellum	rural_settlement	settlement	6.000	7.400	11.000	0	0.000	0	11.837	-3.000
ardembey	rural_settlement	settlement	3.000	2.400	6.000	0	0.000	0	6.784	-8.000
ardesh	rural_settlement	settlement	3.000	2.400	29.000	0	0.000	0	8.394	-3.000
ardistama	rural_settlement	settlement	3.000	3.600	24.000	0	0.000	0	9.615	-3.000
ardjoun	rural_settlement	settlement	2.000	1.600	5.000	0	0.000	0	5.319	-8.000
areg	rural_settlement	settlement	1.000	0.800	28.000	0	0.000	0	5.016	-8.000
aregellia	rural_settlement	settlement	1.000	0.800	5.000	0	0.000	0	3.406	-8.000
aregelliana	rural_settlement	settlement	3.000	3.400	5.000	0	0.000	0	8.054	-3.000
aregenua	rural_settlement	settlement	8.000	9.400	11.000	0	0.000	0	12.947	-3.000
arelatis	rural_settlement	settlement	5.000	5.200	13.000	0	1.000	1	12.145	-3.000
arelliorum	rural_settlement	settlement	2.000	2.600	15.000	0	0.000	0	7.711	-3.000
areocelum	rural_settlement	settlement	4.000	4.200	9.000	0	0.000	0	9.203	-3.000
arest	rural_settlement	settlement	4.000	4.400	18.000	0	0.000	0	10.029	-3.000
arevik	rural_settlement	settlement	5.000	5.400	18.000	0	0.000	0	10.913	-3.000
arforom	rural_settlement	settlement	1.000	0.800	0.000	0	0.000	0	3.056	-8.000
arga	rural_settlement	settlement	2.000	1.600	12.000	0	1.000	1	7.556	-8.000
argamum	town	city	4.000	5.800	29.000	0	0.000	0	13.498	-6.000
argaru	rural_settlement	settlement	17.000	25.600	19.000	0	0.000	0	18.391	-3.000
argelia	rural_settlement	settlement	4.000	6.800	0.000	0	0.000	0	10.681	-3.000
argenta	rural_settlement	settlement	5.000	5.000	9.000	0	0.000	0	9.947	-3.000
argentea	rural_settlement	settlement	11.000	16.800	11.000	0	0.000	0	15.742	-3.000
argentiolum	rural_settlement	settlement	4.000	4.200	11.000	0	0.000	0	9.343	-3.000
argentomagus	rural_settlement	settlement	7.000	8.600	9.000	0	0.000	0	12.391	-3.000
argentorate	rural_settlement	settlement	5.000	5.000	9.000	0	0.000	0	9.947	-3.000
argentovaria	rural_settlement	settlement	9.000	11.600	9.000	0	0.000	0	13.805	-3.000
argi	rural_settlement	settlement	1.000	0.800	7.000	0	0.000	0	3.546	-8.000
argiyan	rural_settlement	settlement	6.000	11.200	18.000	0	0.000	0	14.267	-3.000
argiza	rural_settlement	settlement	4.000	4.600	24.000	0	0.000	0	10.638	-3.000
argos	town	city	8.000	18.800	31.000	0	1.000	1	20.943	4.000
argyruntum	rural_settlement	settlement	5.000	7.000	8.000	0	0.000	0	11.373	-3.000
arha	rural_settlement	settlement	2.000	2.600	0.000	0	0.000	0	6.661	-8.000
arhao	rural_settlement	settlement	2.000	1.600	0.000	0	0.000	0	4.969	-8.000
ariaka	rural_settlement	settlement	7.000	9.400	5.000	0	0.000	0	12.527	-3.000
ariaramneia	rural_settlement	settlement	4.000	5.400	3.000	0	0.000	0	9.863	-3.000
ariaspe	rural_settlement	settlement	3.000	2.800	18.000	0	0.000	0	8.202	-3.000
ariassos	rural_settlement	settlement	4.000	4.400	24.000	2	0.000	0	11.658	-3.000
arieldela	rural_settlement	settlement	4.000	5.800	20.000	0	0.000	0	11.368	-3.000
arim	rural_settlement	settlement	1.000	0.800	6.000	0	0.000	0	3.476	-8.000
ariminum	rural_settlement	settlement	7.000	7.000	13.000	0	0.000	0	11.723	-3.000
arinna	rural_settlement	settlement	3.000	3.600	18.000	0	0.000	0	9.195	-3.000
ariolica	rural_settlement	settlement	7.000	8.400	9.000	0	0.000	0	12.282	-3.000
ariqim	rural_settlement	settlement	1.000	0.800	5.000	0	0.000	0	3.406	-8.000
aris	rural_settlement	settlement	4.000	5.600	28.000	0	0.000	0	11.773	-3.000
arispara	rural_settlement	settlement	14.000	22.400	24.000	0	0.000	0	18.074	-3.000
aristava	rural_settlement	settlement	1.000	0.800	0.000	0	0.000	0	3.056	-8.000
ariste	rural_settlement	settlement	3.000	3.600	24.000	0	0.000	0	9.615	-3.000
aristonis	rural_settlement	settlement	3.000	2.800	29.000	0	0.000	0	8.972	-3.000
aritium	rural_settlement	settlement	5.000	5.000	9.000	0	0.000	0	9.947	-3.000
aritium_praetorium	rural_settlement	settlement	5.000	5.000	11.000	0	0.000	0	10.087	-3.000
arjunava	rural_settlement	settlement	5.000	6.200	9.000	2	0.000	0	12.104	-3.000
arkades	rural_settlement	settlement	11.000	16.400	26.000	0	0.000	0	16.674	-3.000
arkatapura	rural_settlement	settlement	8.000	12.000	19.000	0	0.000	0	14.668	-3.000
arkhonnt	rural_settlement	settlement	1.000	0.800	0.000	0	0.000	0	3.056	-8.000
armalausia	rural_settlement	settlement	6.000	5.400	0.000	0	0.000	0	9.653	-3.000
armaouira	city	city	10.000	19.800	33.000	0	0.000	0	19.592	1.000
arminia	rural_settlement	settlement	2.000	3.200	3.000	0	0.000	0	7.672	-3.000
arn	rural_settlement	settlement	1.000	0.800	9.000	0	0.000	0	3.686	-8.000
arnisa	rural_settlement	settlement	5.000	8.200	24.000	0	0.000	0	13.220	-3.000
aroes	rural_settlement	settlement	6.000	8.600	25.000	0	0.000	0	13.511	-3.000
aromata	town	city	14.000	21.200	19.000	0	1.000	1	20.698	4.000
arosia	rural_settlement	settlement	3.000	2.400	3.000	0	0.000	0	6.574	-8.000
arothia	rural_settlement	settlement	3.000	2.400	3.000	0	0.000	0	6.574	-8.000
aroui	rural_settlement	settlement	1.000	0.800	5.000	0	0.000	0	3.406	-8.000
arpi	town	city	8.000	12.600	31.000	0	1.000	1	18.990	1.000
arraboa	rural_settlement	settlement	7.000	7.600	8.000	0	0.000	0	11.749	-3.000
arrabona	rural_settlement	settlement	5.000	6.200	9.000	0	0.000	0	10.895	-3.000
arragan	rural_settlement	settlement	15.000	23.600	29.000	2	0.000	0	19.893	-3.000
arrakia	rural_settlement	settlement	7.000	11.200	28.000	0	0.000	0	14.967	-3.000
arrapha	rural_settlement	settlement	4.000	5.600	21.000	0	0.000	0	11.283	-3.000
arretium	town	city	20.000	29.600	24.000	0	0.000	0	20.969	4.000
arronia	rural_settlement	settlement	4.000	4.200	11.000	0	0.000	0	9.343	-3.000
arsameia	rural_settlement	settlement	5.000	6.000	24.000	0	0.000	0	11.799	-3.000
arsennaria	rural_settlement	settlement	3.000	5.200	9.000	0	0.000	0	10.118	-3.000
arsia	rural_settlement	settlement	3.000	5.200	8.000	0	0.000	0	10.048	-3.000
arsinia	rural_settlement	settlement	3.000	4.400	31.000	2	0.000	0	12.148	-3.000
arsinoe	rural_settlement	settlement	9.000	12.800	18.000	0	0.000	0	14.908	-3.000
arsissa_0	rural_settlement	settlement	7.000	10.600	20.000	0	0.000	0	14.145	-3.000
arsonis	rural_settlement	settlement	4.000	4.200	0.000	0	0.000	0	8.573	-3.000
artabron_limen	rural_settlement	settlement	4.000	4.200	11.000	0	0.000	0	9.343	-3.000
artacabane	rural_settlement	settlement	6.000	9.400	29.000	0	0.000	0	14.207	-3.000
artacana	rural_settlement	settlement	9.000	12.000	29.000	0	0.000	0	15.368	-3.000
artacoana	rural_settlement	settlement	4.000	7.800	29.000	0	0.000	0	13.339	-3.000
artahan	rural_settlement	settlement	4.000	5.400	20.000	0	0.000	0	11.053	-3.000
artales	rural_settlement	settlement	4.000	3.600	16.000	0	0.000	0	9.055	-3.000
artamis	rural_settlement	settlement	5.000	4.400	21.000	0	0.000	0	10.239	-3.000
artanada	rural_settlement	settlement	3.000	3.600	13.000	0	0.000	0	8.845	-3.000
artanes	rural_settlement	settlement	12.000	20.400	26.000	0	0.000	0	17.750	-3.000
artanuji	rural_settlement	settlement	4.000	4.600	18.000	0	0.000	0	10.218	-3.000
artaxata	town	city	21.000	30.000	31.000	0	0.000	0	21.527	5.000
artemidos	rural_settlement	settlement	6.000	8.400	7.000	0	0.000	0	12.142	-3.000
artemita	rural_settlement	settlement	5.000	7.200	31.000	2	0.000	0	14.320	-3.000
artemita_vaspurakan	rural_settlement	settlement	4.000	4.400	18.000	0	0.000	0	10.029	-3.000
artessia	rural_settlement	settlement	6.000	5.200	2.000	0	0.000	0	9.628	-3.000
arthona	rural_settlement	settlement	5.000	5.000	14.000	0	0.000	0	10.297	-3.000
artiaca	rural_settlement	settlement	5.000	5.200	9.000	0	0.000	0	10.118	-3.000
artigi	rural_settlement	settlement	5.000	5.000	11.000	0	0.000	0	10.087	-3.000
artilne	rural_settlement	settlement	2.000	1.600	0.000	0	0.000	0	4.969	-8.000
artoarta	rural_settlement	settlement	5.000	4.400	19.000	0	0.000	0	10.099	-3.000
artobriga	town	city	20.000	18.200	16.000	0	0.000	0	17.986	0.000
artousia	rural_settlement	settlement	7.000	6.800	29.000	0	0.000	0	12.711	-3.000
arucci	rural_settlement	settlement	7.000	8.600	17.000	0	0.000	0	12.951	-3.000
arukai	rural_settlement	settlement	2.000	1.800	3.000	0	0.000	0	5.564	-8.000
arunda	town	city	9.000	17.600	25.000	0	0.000	0	18.450	1.000
arupium	rural_settlement	settlement	4.000	5.400	8.000	0	0.000	0	10.213	-3.000
arutela	rural_settlement	settlement	3.000	3.400	8.000	0	0.000	0	8.264	-3.000
arv	rural_settlement	settlement	3.000	2.400	6.000	0	0.000	0	6.784	-8.000
arvandj	rural_settlement	settlement	3.000	5.200	21.000	0	0.000	0	10.958	-3.000
arxata	rural_settlement	settlement	13.000	20.600	20.000	0	0.000	0	17.378	-3.000
arya	rural_settlement	settlement	2.000	1.600	5.000	0	0.000	0	5.319	-8.000
arykanda	town	city	5.000	6.800	18.000	0	0.000	0	13.441	-7.000
arzatam	rural_settlement	settlement	2.000	1.600	5.000	0	0.000	0	5.319	-8.000
arzeila	town	city	5.000	9.400	24.000	0	0.000	0	15.357	-3.000
arzhahk	rural_settlement	settlement	1.000	0.800	0.000	0	0.000	0	3.056	-8.000
arzhale	rural_settlement	settlement	3.000	4.000	0.000	0	0.000	0	8.369	-3.000
arzuhin	rural_settlement	settlement	5.000	5.200	21.000	0	0.000	0	10.958	-3.000
asamus	rural_settlement	settlement	3.000	4.000	8.000	0	0.000	0	8.929	-3.000
asanca	rural_settlement	settlement	3.000	4.000	0.000	0	0.000	0	8.369	-3.000
asangai	rural_settlement	settlement	5.000	4.400	23.000	0	0.000	0	10.379	-3.000
asani	rural_settlement	settlement	3.000	2.600	28.000	2	0.000	0	9.829	-3.000
asbana	rural_settlement	settlement	10.000	14.000	22.000	0	0.000	0	15.622	-3.000
ascalingium	rural_settlement	settlement	2.000	1.800	3.000	0	0.000	0	5.564	-8.000
ascalon	city	city	9.000	14.400	33.000	2	0.000	0	19.237	0.000
ascaucalis	rural_settlement	settlement	1.000	0.800	3.000	0	0.000	0	3.266	-8.000
asciburgia	rural_settlement	settlement	4.000	4.200	0.000	0	0.000	0	8.573	-3.000
asciburgium	rural_settlement	settlement	6.000	5.800	9.000	0	0.000	0	10.598	-3.000
asculum	rural_settlement	settlement	9.000	13.600	14.000	0	0.000	0	14.921	-3.000
asele	rural_settlement	settlement	2.000	1.800	7.000	0	0.000	0	5.844	-8.000
ashawm	rural_settlement	settlement	2.000	1.800	3.000	0	0.000	0	5.564	-8.000
ashchiy	rural_settlement	settlement	3.000	2.400	6.000	0	0.000	0	6.784	-8.000
ashdod	town	city	7.000	9.600	31.000	2	0.000	0	17.155	-1.000
ashet	rural_settlement	settlement	5.000	6.000	28.000	0	0.000	0	12.079	-3.000
ashina	rural_settlement	settlement	1.000	0.800	0.000	0	0.000	0	3.056	-8.000
ashnak	rural_settlement	settlement	3.000	3.600	20.000	0	0.000	0	9.335	-3.000
ashpara	rural_settlement	settlement	7.000	6.000	16.000	0	0.000	0	11.239	-3.000
ashtian	rural_settlement	settlement	10.000	14.800	29.000	2	0.000	0	17.591	-3.000
ashtishat	rural_settlement	settlement	4.000	5.200	20.000	0	0.000	0	10.888	-3.000
ashur	city	city	12.000	23.600	38.000	0	0.000	0	20.814	3.000
asido	rural_settlement	settlement	7.000	10.800	14.000	0	0.000	0	13.814	-3.000
aska	rural_settlement	settlement	3.000	2.400	3.000	0	0.000	0	6.574	-8.000
askapala	rural_settlement	settlement	13.000	18.000	11.000	0	0.000	0	16.081	-3.000
asklepios	rural_settlement	settlement	5.000	6.200	18.000	0	0.000	0	11.525	-3.000
askrebion	rural_settlement	settlement	2.000	4.200	8.000	0	0.000	0	9.133	-3.000
asmakhala	rural_settlement	settlement	5.000	7.800	11.000	0	0.000	0	12.079	-3.000
asnyd	rural_settlement	settlement	2.000	1.600	5.000	0	0.000	0	5.319	-8.000
asochis	rural_settlement	settlement	3.000	4.400	24.000	0	0.000	0	10.449	-3.000
asophon	rural_settlement	settlement	5.000	6.400	23.000	0	0.000	0	12.018	-3.000
aspadana	city	city	26.000	31.800	36.000	2	0.000	0	23.379	6.000
aspakora	rural_settlement	settlement	9.000	11.000	24.000	0	0.000	0	14.602	-3.000
aspallitorum	rural_settlement	settlement	5.000	6.000	11.000	0	0.000	0	10.889	-3.000
aspendos	town	city	6.000	9.400	29.000	2	0.000	0	16.916	-2.000
aspioneia	rural_settlement	settlement	6.000	7.800	19.000	0	0.000	0	12.639	-3.000
aspona	rural_settlement	settlement	3.000	3.600	18.000	2	0.000	0	10.404	-3.000
aspur	rural_settlement	settlement	8.000	6.600	26.000	0	0.000	0	12.366	-3.000
asras	rural_settlement	settlement	1.000	0.800	0.000	0	0.000	0	3.056	-8.000
asse	rural_settlement	settlement	5.000	5.000	11.000	0	0.000	0	10.087	-3.000
assegonia	rural_settlement	settlement	5.000	5.000	11.000	0	0.000	0	10.087	-3.000
asseria	rural_settlement	settlement	4.000	5.400	12.000	0	0.000	0	10.493	-3.000
asseros	rural_settlement	settlement	10.000	12.800	28.000	0	0.000	0	15.608	-3.000
asso	rural_settlement	settlement	5.000	5.000	8.000	0	0.000	0	9.877	-3.000
assos	town	city	15.000	24.600	20.000	2	1.000	1	22.718	6.000
assula	rural_settlement	settlement	2.000	1.600	0.000	0	0.000	0	4.969	-8.000
assuras	rural_settlement	settlement	5.000	6.200	24.000	0	0.000	0	11.945	-3.000
astakana	rural_settlement	settlement	6.000	8.600	17.000	0	0.000	0	12.951	-3.000
astakapra	rural_settlement	settlement	6.000	7.200	26.000	0	0.000	0	12.761	-3.000
astakos	town	city	9.000	13.800	29.000	3	1.000	1	20.815	4.000
astasana	rural_settlement	settlement	4.000	7.800	28.000	0	0.000	0	13.269	-3.000
asthagora	rural_settlement	settlement	6.000	7.600	28.000	2	0.000	0	14.358	-3.000
astibos	rural_settlement	settlement	4.000	5.400	22.000	0	0.000	0	11.193	-3.000
astigi	town	city	6.000	11.400	25.000	0	0.000	0	16.342	-2.000
astraia	rural_settlement	settlement	7.000	7.600	18.000	0	0.000	0	12.449	-3.000
astrochonda	rural_settlement	settlement	5.000	8.600	18.000	0	0.000	0	13.021	-3.000
astrum	rural_settlement	settlement	3.000	3.400	0.000	0	0.000	0	7.704	-3.000
astuia	rural_settlement	settlement	2.000	1.600	3.000	0	0.000	0	5.179	-8.000
asturicia	rural_settlement	settlement	4.000	4.200	11.000	0	0.000	0	9.343	-3.000
astypalaia	rural_settlement	settlement	8.000	13.200	24.000	0	1.000	1	17.225	-3.000
asuccuris	rural_settlement	settlement	2.000	2.600	19.000	0	0.000	0	7.991	-3.000
asvejos	rural_settlement	settlement	1.000	0.800	0.000	0	0.000	0	3.056	-8.000
aswad	rural_settlement	settlement	6.000	6.800	33.000	0	0.000	0	12.991	-3.000
asxi	rural_settlement	settlement	2.000	1.600	6.000	0	0.000	0	5.389	-8.000
asyah	rural_settlement	settlement	3.000	2.400	6.000	0	0.000	0	6.784	-8.000
ataka	rural_settlement	settlement	9.000	11.600	9.000	2	0.000	0	15.014	-3.000
atar	rural_settlement	settlement	3.000	2.600	0.000	0	0.000	0	6.661	-8.000
atarbechis_aphroditopolis	rural_settlement	settlement	15.000	20.800	33.000	0	0.000	0	18.336	-3.000
atarbegian	rural_settlement	settlement	4.000	4.600	18.000	0	0.000	0	10.218	-3.000
atari	rural_settlement	settlement	11.000	16.600	37.000	0	0.000	0	17.503	-3.000
atarna	rural_settlement	settlement	8.000	9.000	15.000	2	0.000	0	14.232	-3.000
atathana	rural_settlement	settlement	6.000	9.400	11.000	0	0.000	0	12.947	-3.000
atavi	town	city	19.000	31.000	13.000	0	0.000	0	20.432	3.000
atavria	rural_settlement	settlement	9.000	10.600	0.000	0	0.000	0	12.745	-3.000
aternum	town	city	18.000	22.200	21.000	0	1.000	1	21.067	4.000
ateste	town	city	10.000	15.200	12.000	0	0.000	0	16.822	-2.000
athani	town	city	22.000	39.000	14.000	0	0.000	0	21.662	5.000
athenai_pontikai	rural_settlement	settlement	6.000	9.400	19.000	0	1.000	1	15.255	-3.000
athenaion	rural_settlement	settlement	7.000	9.600	20.000	0	0.000	0	13.676	-3.000
athens	city	city	19.000	38.600	53.000	0	2.000	1	26.817	12.000
athribis	rural_settlement	settlement	13.000	18.200	33.000	0	0.000	0	17.676	-3.000
athroula	rural_settlement	settlement	18.000	25.600	10.000	0	0.000	0	17.761	-3.000
athymbra	rural_settlement	settlement	7.000	9.600	24.000	2	0.000	0	15.165	-3.000
atiliana	rural_settlement	settlement	7.000	6.600	11.000	0	0.000	0	11.316	-3.000
atta	rural_settlement	settlement	5.000	7.200	17.000	0	0.000	0	12.131	-3.000
attaba	rural_settlement	settlement	8.000	8.400	8.000	0	0.000	0	12.212	-3.000
attea	rural_settlement	settlement	4.000	6.000	24.000	2	0.000	0	13.007	-3.000
attiaca	rural_settlement	settlement	3.000	3.800	7.000	0	1.000	1	10.394	-3.000
attidava	rural_settlement	settlement	4.000	3.400	0.000	0	0.000	0	7.704	-3.000
attrah	rural_settlement	settlement	6.000	11.200	22.000	0	0.000	0	14.547	-3.000
atura	rural_settlement	settlement	6.000	5.800	11.000	0	0.000	0	10.738	-3.000
aualites	town	city	3.000	5.200	19.000	0	1.000	1	14.065	-6.000
auara	rural_settlement	settlement	4.000	5.000	18.000	0	0.000	0	10.577	-3.000
auca	rural_settlement	settlement	7.000	10.400	11.000	0	0.000	0	13.425	-3.000
auchia	rural_settlement	settlement	2.000	1.600	0.000	0	0.000	0	4.969	-8.000
audabaravati	rural_settlement	settlement	7.000	11.800	8.000	0	0.000	0	13.817	-3.000
aufidena	rural_settlement	settlement	12.000	22.000	9.000	0	0.000	0	16.935	-3.000
augandzia	rural_settlement	settlement	3.000	2.400	3.000	0	0.000	0	6.574	-8.000
augemmi	rural_settlement	settlement	5.000	6.400	15.000	0	0.000	0	11.458	-3.000
augila	town	city	12.000	15.200	10.000	0	1.000	0	17.930	-1.000
augusta_emerita	rural_settlement	settlement	11.000	14.800	11.000	0	0.000	0	15.122	-3.000
augustania	rural_settlement	settlement	4.000	3.400	0.000	0	0.000	0	7.704	-3.000
augustinia	rural_settlement	settlement	5.000	6.000	9.000	0	0.000	0	10.749	-3.000
augustobona	rural_settlement	settlement	5.000	5.200	9.000	0	0.000	0	10.118	-3.000
augustobriga	rural_settlement	settlement	7.000	10.800	11.000	0	0.000	0	13.604	-3.000
augustobriga_vettonia	rural_settlement	settlement	5.000	5.000	11.000	0	0.000	0	10.087	-3.000
augustodunum	rural_settlement	settlement	4.000	4.200	11.000	0	0.000	0	9.343	-3.000
augustodurum	rural_settlement	settlement	5.000	5.200	11.000	0	0.000	0	10.258	-3.000
augustomagus	rural_settlement	settlement	4.000	4.200	9.000	0	0.000	0	9.203	-3.000
augustoritum	rural_settlement	settlement	8.000	9.000	9.000	0	0.000	0	12.603	-3.000
aulaiouteichos	rural_settlement	settlement	6.000	8.600	28.000	0	0.000	0	13.721	-3.000
aulazon	rural_settlement	settlement	4.000	3.200	10.000	0	0.000	0	8.162	-3.000
aulercorum	rural_settlement	settlement	10.000	13.800	11.000	0	0.000	0	14.782	-3.000
aung_myay	rural_settlement	settlement	1.000	0.800	6.000	0	0.000	0	3.476	-8.000
aunnedonacum	rural_settlement	settlement	6.000	5.800	11.000	0	0.000	0	10.738	-3.000
aunobaris	rural_settlement	settlement	7.000	8.600	19.000	0	0.000	0	13.091	-3.000
auraei	rural_settlement	settlement	11.000	15.000	12.000	0	0.000	0	15.257	-3.000
aurariae_dacicae	rural_settlement	settlement	3.000	3.400	0.000	0	0.000	0	7.704	-3.000
aurasius_inferior	rural_settlement	settlement	4.000	5.800	3.000	0	0.000	0	10.178	-3.000
aurasius_superior	rural_settlement	settlement	4.000	6.800	3.000	0	0.000	0	10.891	-3.000
aurelia_aquensis	rural_settlement	settlement	5.000	5.000	9.000	0	0.000	0	9.947	-3.000
aureus_mons	rural_settlement	settlement	3.000	3.600	9.000	0	0.000	0	8.565	-3.000
aurinia	rural_settlement	settlement	11.000	16.200	24.000	0	0.000	0	16.474	-3.000
aurokra	rural_settlement	settlement	6.000	8.800	22.000	2	0.000	0	14.617	-3.000
ausara	rural_settlement	settlement	7.000	10.200	18.000	0	0.000	0	13.823	-3.000
ausara_hadhramut	rural_settlement	settlement	8.000	10.000	7.000	0	1.000	1	14.707	-3.000
ausculum	rural_settlement	settlement	11.000	17.600	26.000	0	0.000	0	17.020	-3.000
auso	rural_settlement	settlement	6.000	5.800	8.000	0	0.000	0	10.528	-3.000
ausum	rural_settlement	settlement	4.000	4.400	11.000	0	0.000	0	9.539	-3.000
autenia	rural_settlement	settlement	5.000	4.000	0.000	0	0.000	0	8.369	-3.000
autenia_australis	rural_settlement	settlement	2.000	1.600	0.000	0	0.000	0	4.969	-8.000
autenia_borealis	rural_settlement	settlement	2.000	1.600	0.000	0	0.000	0	4.969	-8.000
autenia_occidentalis	rural_settlement	settlement	4.000	3.200	0.000	0	0.000	0	7.462	-8.000
autenia_orientalis	rural_settlement	settlement	2.000	1.600	0.000	0	0.000	0	4.969	-8.000
autessiodurum	rural_settlement	settlement	9.000	10.200	11.000	0	0.000	0	13.333	-3.000
automalax	rural_settlement	settlement	5.000	9.400	10.000	0	0.000	0	12.877	-3.000
automula	rural_settlement	settlement	6.000	6.600	24.000	0	0.000	0	12.226	-3.000
autraca	rural_settlement	settlement	7.000	8.400	11.000	0	0.000	0	12.422	-3.000
autricum	rural_settlement	settlement	5.000	5.200	11.000	0	0.000	0	10.258	-3.000
auxiqua	rural_settlement	settlement	2.000	1.600	10.000	0	0.000	0	5.669	-8.000
auxiu	rural_settlement	settlement	5.000	8.000	10.000	0	0.000	0	12.126	-3.000
auzia	rural_settlement	settlement	2.000	1.800	8.000	0	0.000	0	5.914	-8.000
avakana	rural_settlement	settlement	3.000	5.600	19.000	0	0.000	0	11.143	-3.000
avalocum	rural_settlement	settlement	6.000	6.000	11.000	0	0.000	0	10.889	-3.000
avanta	rural_settlement	settlement	4.000	4.200	24.000	0	0.000	0	10.253	-3.000
avarayr	rural_settlement	settlement	4.000	4.400	20.000	0	0.000	0	10.169	-3.000
avaricum	town	city	20.000	23.200	14.000	0	0.000	0	19.049	1.000
avarpi	rural_settlement	settlement	3.000	2.400	5.000	0	0.000	0	6.714	-8.000
avennio	rural_settlement	settlement	9.000	10.200	13.000	0	0.000	0	13.473	-3.000
aventicum	rural_settlement	settlement	5.000	6.000	9.000	0	0.000	0	10.749	-3.000
aves	rural_settlement	settlement	5.000	5.200	15.000	0	0.000	0	10.538	-3.000
avila	rural_settlement	settlement	4.000	4.200	9.000	0	0.000	0	9.203	-3.000
aviliobris	rural_settlement	settlement	8.000	9.000	11.000	0	0.000	0	12.743	-3.000
avionia_maior	rural_settlement	settlement	3.000	2.600	1.000	0	1.000	1	8.479	-3.000
avionia_minor	rural_settlement	settlement	2.000	1.800	1.000	0	0.000	0	5.424	-8.000
avioniana	rural_settlement	settlement	1.000	0.800	5.000	0	0.000	0	3.406	-8.000
avitacum	rural_settlement	settlement	5.000	6.000	14.000	0	0.000	0	11.099	-3.000
avrar	rural_settlement	settlement	2.000	2.600	5.000	0	0.000	0	7.011	-8.000
awadun	rural_settlement	settlement	1.000	0.800	5.000	0	0.000	0	3.406	-8.000
awana	rural_settlement	settlement	4.000	5.600	33.000	2	0.000	0	13.331	-3.000
awash	rural_settlement	settlement	1.000	0.800	13.000	0	0.000	0	3.966	-8.000
axiana	rural_settlement	settlement	5.000	4.400	29.000	2	0.000	0	12.008	-3.000
axiopolis	rural_settlement	settlement	3.000	2.400	24.000	0	0.000	0	8.044	-3.000
axsini	rural_settlement	settlement	2.000	1.600	6.000	0	0.000	0	5.389	-8.000
ayanakagraha	town	city	29.000	42.400	29.000	0	0.000	0	23.136	8.000
aybara	rural_settlement	settlement	2.000	2.800	18.000	0	0.000	0	8.202	-3.000
aykudi	town	city	25.000	44.400	24.000	0	0.000	0	23.021	7.000
ayodhya	city	city	37.000	74.200	37.000	0	0.000	0	26.555	12.000
azaika	rural_settlement	settlement	8.000	7.800	26.000	0	0.000	0	13.129	-3.000
azama	rural_settlement	settlement	2.000	1.600	18.000	0	0.000	0	6.229	-8.000
azara	rural_settlement	settlement	3.000	3.600	11.000	0	0.000	0	8.705	-3.000
azargarta	rural_settlement	settlement	6.000	8.600	27.000	2	0.000	0	14.860	-3.000
azgar	rural_settlement	settlement	2.000	1.600	0.000	0	0.000	0	4.969	-8.000
azgyl	rural_settlement	settlement	3.000	2.400	6.000	0	0.000	0	6.784	-8.000
aziris	rural_settlement	settlement	4.000	7.000	21.000	0	0.000	0	12.283	-3.000
azkoi	rural_settlement	settlement	4.000	5.200	3.000	0	0.000	0	9.698	-3.000
azraq	rural_settlement	settlement	5.000	4.400	10.000	0	0.000	0	9.469	-3.000
baaka	rural_settlement	settlement	7.000	8.600	31.000	2	0.000	0	15.140	-3.000
baal_saphon	town	city	8.000	12.000	20.000	0	0.000	0	16.238	-2.000
babatay	rural_settlement	settlement	3.000	2.400	6.000	0	0.000	0	6.784	-8.000
babylon_0	city	city	18.000	24.600	38.000	2	1.000	1	23.978	8.000
babylon_1	city	city	48.000	94.400	48.000	3	1.000	1	31.835	18.000
bacare	rural_settlement	settlement	8.000	13.000	19.000	0	0.000	0	15.053	-3.000
bacchav	rural_settlement	settlement	4.000	5.200	22.000	0	0.000	0	11.028	-3.000
bacenis	rural_settlement	settlement	3.000	3.400	0.000	0	0.000	0	7.704	-3.000
baclanaza	rural_settlement	settlement	3.000	5.200	17.000	0	0.000	0	10.678	-3.000
bactra	city	city	37.000	54.400	32.000	0	0.000	0	24.616	9.000
badais	rural_settlement	settlement	5.000	6.200	18.000	0	0.000	0	11.525	-3.000
badara	rural_settlement	settlement	4.000	4.400	17.000	0	0.000	0	9.959	-3.000
badari	rural_settlement	settlement	9.000	10.200	6.000	0	0.000	0	12.983	-3.000
badaun	town	city	20.000	26.200	29.000	0	0.000	0	20.707	4.000
badeo	rural_settlement	settlement	10.000	13.200	10.000	0	0.000	0	14.497	-3.000
badghis	rural_settlement	settlement	5.000	6.200	31.000	0	0.000	0	12.435	-3.000
badhan	rural_settlement	settlement	3.000	2.400	6.000	0	0.000	0	6.784	-8.000
badias	rural_settlement	settlement	4.000	6.000	3.000	0	0.000	0	10.329	-3.000
badis	rural_settlement	settlement	3.000	4.600	28.000	0	0.000	0	10.918	-3.000
badopal	rural_settlement	settlement	4.000	6.000	20.000	0	0.000	0	11.519	-3.000
badroud	rural_settlement	settlement	4.000	5.400	28.000	0	0.000	0	11.613	-3.000
baduhenna	rural_settlement	settlement	5.000	4.200	0.000	0	0.000	0	8.573	-3.000
baecula	rural_settlement	settlement	6.000	5.800	13.000	0	0.000	0	10.878	-3.000
baedia	rural_settlement	settlement	3.000	3.400	9.000	0	0.000	0	8.334	-3.000
baedro	rural_settlement	settlement	5.000	5.000	11.000	0	0.000	0	10.087	-3.000
baelo	rural_settlement	settlement	4.000	5.800	26.000	0	1.000	1	13.536	-3.000
baemia	rural_settlement	settlement	4.000	3.200	3.000	0	0.000	0	7.672	-3.000
baesucci	rural_settlement	settlement	5.000	5.000	13.000	0	0.000	0	10.227	-3.000
baeterrae	rural_settlement	settlement	5.000	6.000	11.000	0	0.000	0	10.889	-3.000
baetocaece	rural_settlement	settlement	5.000	6.600	24.000	0	0.000	0	12.226	-3.000
bafalil	rural_settlement	settlement	4.000	3.400	10.000	0	0.000	0	8.404	-3.000
bagacum	rural_settlement	settlement	12.000	15.400	11.000	0	0.000	0	15.316	-3.000
bagada	rural_settlement	settlement	4.000	6.000	20.000	0	0.000	0	11.519	-3.000
bagai	rural_settlement	settlement	3.000	3.400	21.000	0	0.000	0	9.174	-3.000
bagan	rural_settlement	settlement	6.000	9.200	18.000	0	0.000	0	13.336	-3.000
bagarah	rural_settlement	settlement	4.000	3.200	10.000	0	0.000	0	8.162	-3.000
bagariza	rural_settlement	settlement	3.000	3.600	18.000	0	0.000	0	9.195	-3.000
bagaseira	rural_settlement	settlement	3.000	5.200	28.000	0	0.000	0	11.448	-3.000
bagasse	rural_settlement	settlement	5.000	5.200	19.000	0	0.000	0	10.818	-3.000
bagauna	rural_settlement	settlement	3.000	2.600	18.000	0	0.000	0	7.921	-3.000
bagawan	rural_settlement	settlement	3.000	3.400	3.000	0	0.000	0	7.914	-3.000
bagdata	city	city	28.000	40.200	38.000	0	0.000	0	23.496	7.000
bageis	rural_settlement	settlement	3.000	3.600	24.000	2	0.000	0	10.824	-3.000
bagerhat	rural_settlement	settlement	7.000	9.800	6.000	0	0.000	0	12.794	-3.000
baggura	rural_settlement	settlement	2.000	1.600	7.000	0	0.000	0	5.459	-8.000
bagh_anupa	rural_settlement	settlement	10.000	10.800	24.000	0	0.000	0	14.514	-3.000
baghira	rural_settlement	settlement	1.000	0.800	10.000	0	0.000	0	3.756	-8.000
bagiennia	rural_settlement	settlement	6.000	8.400	9.000	0	0.000	0	12.282	-3.000
bagisara	rural_settlement	settlement	5.000	4.400	18.000	0	0.000	0	10.029	-3.000
bagistana	rural_settlement	settlement	9.000	10.400	27.000	2	0.000	0	15.753	-3.000
baha	rural_settlement	settlement	3.000	2.400	5.000	0	0.000	0	6.714	-8.000
bahla	rural_settlement	settlement	3.000	2.400	5.000	0	0.000	0	6.714	-8.000
bahmo	rural_settlement	settlement	2.000	1.600	5.000	0	0.000	0	5.319	-8.000
baikonur	rural_settlement	settlement	2.000	1.600	6.000	0	0.000	0	5.389	-8.000
baitus	rural_settlement	settlement	8.000	10.400	10.000	0	0.000	0	13.355	-3.000
baivar	rural_settlement	settlement	2.000	1.600	5.000	0	0.000	0	5.319	-8.000
bajatei	rural_settlement	settlement	1.000	0.800	0.000	0	0.000	0	3.056	-8.000
baka	rural_settlement	settlement	3.000	3.600	3.000	0	0.000	0	8.145	-3.000
bakk	rural_settlement	settlement	5.000	4.400	3.000	0	0.000	0	8.979	-3.000
bakurakerta	rural_settlement	settlement	3.000	5.200	16.000	0	0.000	0	10.608	-3.000
bakusaya	rural_settlement	settlement	3.000	3.800	31.000	0	0.000	0	10.327	-3.000
balaberd	rural_settlement	settlement	3.000	3.600	18.000	0	0.000	0	9.195	-3.000
balad	rural_settlement	settlement	4.000	4.400	31.000	2	0.000	0	12.148	-3.000
balagrae	rural_settlement	settlement	3.000	5.200	18.000	0	0.000	0	10.748	-3.000
balajuk	rural_settlement	settlement	4.000	3.400	19.000	0	0.000	0	9.034	-3.000
balaleisa	rural_settlement	settlement	3.000	3.600	16.000	0	0.000	0	9.055	-3.000
balanrot	rural_settlement	settlement	5.000	5.200	21.000	0	0.000	0	10.958	-3.000
balasaghun	rural_settlement	settlement	8.000	6.600	16.000	0	0.000	0	11.666	-3.000
balboura	rural_settlement	settlement	4.000	6.000	13.000	0	0.000	0	11.029	-3.000
balipura	town	city	16.000	25.200	16.000	0	0.000	0	19.602	3.000
balisbiga	rural_settlement	settlement	6.000	8.600	29.000	0	0.000	0	13.791	-3.000
balita	town	city	21.000	33.000	26.000	0	0.000	0	21.657	5.000
balkan	rural_settlement	settlement	7.000	10.600	2.000	0	0.000	0	12.885	-3.000
ballanstra	rural_settlement	settlement	7.000	8.400	8.000	0	0.000	0	12.212	-3.000
ballatha	rural_settlement	settlement	3.000	3.800	26.000	0	0.000	0	9.977	-3.000
balneos	rural_settlement	settlement	4.000	4.200	11.000	0	0.000	0	9.343	-3.000
baloia	rural_settlement	settlement	6.000	7.600	8.000	0	0.000	0	11.749	-3.000
balta	rural_settlement	settlement	2.000	1.600	6.000	0	0.000	0	5.389	-8.000
balurghat	rural_settlement	settlement	4.000	5.800	28.000	0	0.000	0	11.928	-3.000
bam	rural_settlement	settlement	5.000	7.800	27.000	0	0.000	0	13.199	-3.000
bambacia	rural_settlement	settlement	13.000	11.600	29.000	0	0.000	0	15.205	-3.000
bambyce	town	city	6.000	13.200	30.000	3	0.000	0	18.922	1.000
bana	rural_settlement	settlement	2.000	1.600	8.000	0	0.000	0	5.529	-8.000
banagara	rural_settlement	settlement	4.000	4.600	18.000	0	0.000	0	10.218	-3.000
banasa	rural_settlement	settlement	4.000	4.400	18.000	0	0.000	0	10.029	-3.000
banat	rural_settlement	settlement	3.000	2.600	10.000	0	0.000	0	7.361	-8.000
bandarawela	rural_settlement	settlement	2.000	2.600	19.000	0	0.000	0	7.991	-3.000
bandarbeyla	rural_settlement	settlement	4.000	5.200	16.000	0	0.000	0	10.608	-3.000
bandavala	rural_settlement	settlement	9.000	11.600	8.000	0	0.000	0	13.735	-3.000
bandhavgarh	rural_settlement	settlement	5.000	5.400	8.000	0	0.000	0	10.213	-3.000
bandiyan	rural_settlement	settlement	4.000	5.000	3.000	0	0.000	0	9.527	-3.000
bandritum	rural_settlement	settlement	5.000	5.200	11.000	0	0.000	0	10.258	-3.000
bangazy	rural_settlement	settlement	3.000	2.400	6.000	0	0.000	0	6.784	-8.000
baniensium	rural_settlement	settlement	5.000	5.000	11.000	0	0.000	0	10.087	-3.000
bannaventa	rural_settlement	settlement	3.000	3.400	12.000	0	0.000	0	8.544	-3.000
bannea	rural_settlement	settlement	2.000	2.600	11.000	0	0.000	0	7.431	-8.000
bannovallum	rural_settlement	settlement	3.000	3.400	10.000	0	0.000	0	8.404	-3.000
banswara	rural_settlement	settlement	9.000	8.400	26.000	0	0.000	0	13.472	-3.000
bantia	rural_settlement	settlement	13.000	19.400	11.000	0	0.000	0	16.451	-3.000
bao	rural_settlement	settlement	3.000	5.000	8.000	0	0.000	0	9.877	-3.000
baqaa	rural_settlement	settlement	3.000	2.400	7.000	0	0.000	0	6.854	-8.000
baqbaqah	rural_settlement	settlement	8.000	6.800	7.000	0	0.000	0	11.171	-3.000
baraca	rural_settlement	settlement	4.000	4.200	26.000	0	0.000	0	10.393	-3.000
baragaon	rural_settlement	settlement	7.000	9.400	19.000	0	0.000	0	13.507	-3.000
barakar	rural_settlement	settlement	8.000	14.200	21.000	0	0.000	0	15.621	-3.000
barakit	rural_settlement	settlement	5.000	4.200	7.000	0	0.000	0	9.063	-3.000
barantea	rural_settlement	settlement	3.000	3.600	18.000	0	0.000	0	9.195	-3.000
baraq	rural_settlement	settlement	2.000	1.600	0.000	0	0.000	0	4.969	-8.000
bararus	rural_settlement	settlement	9.000	16.600	26.000	0	0.000	0	16.733	-3.000
barata	rural_settlement	settlement	5.000	7.000	28.000	2	0.000	0	13.982	-3.000
barbalissus	rural_settlement	settlement	6.000	9.000	26.000	3	0.000	0	15.318	-3.000
barbare	rural_settlement	settlement	4.000	5.600	26.000	2	0.000	0	12.841	-3.000
barbariana	rural_settlement	settlement	7.000	6.600	9.000	0	0.000	0	11.176	-3.000
barbarikon	rural_settlement	settlement	9.000	8.200	23.000	0	0.000	0	13.150	-3.000
barbarion	rural_settlement	settlement	5.000	5.000	11.000	0	1.000	1	11.835	-3.000
barda	rural_settlement	settlement	9.000	14.800	28.000	0	0.000	0	16.312	-3.000
barduli	rural_settlement	settlement	9.000	14.400	13.000	0	0.000	0	15.129	-3.000
barek	rural_settlement	settlement	4.000	3.200	13.000	0	0.000	0	8.372	-3.000
bargarh	rural_settlement	settlement	8.000	8.800	10.000	0	0.000	0	12.568	-3.000
bargasa	rural_settlement	settlement	5.000	6.200	24.000	0	0.000	0	11.945	-3.000
bargylia	town	city	8.000	12.000	29.000	2	0.000	0	18.076	0.000
bargysi	town	city	13.000	15.800	11.000	0	0.000	0	16.941	-2.000
baria	rural_settlement	settlement	3.000	2.400	26.000	0	1.000	1	9.931	-3.000
bariduum	rural_settlement	settlement	7.000	9.400	8.000	0	0.000	0	12.737	-3.000
baris	rural_settlement	settlement	4.000	5.400	24.000	2	0.000	0	12.541	-3.000
baris_mysias	rural_settlement	settlement	3.000	3.600	15.000	0	0.000	0	8.985	-3.000
barisal	town	city	24.000	30.400	11.000	0	0.000	0	20.193	3.000
barium	town	city	16.000	23.600	18.000	0	0.000	0	19.414	2.000
barkat	rural_settlement	settlement	4.000	3.200	7.000	0	0.000	0	7.952	-3.000
barke	town	city	23.000	40.400	26.000	0	0.000	0	22.681	6.000
barkhadle	rural_settlement	settlement	7.000	10.200	15.000	0	0.000	0	13.613	-3.000
barkol	rural_settlement	settlement	3.000	2.600	7.000	0	0.000	0	7.151	-8.000
barli	rural_settlement	settlement	8.000	10.000	26.000	0	0.000	0	14.289	-3.000
barma	town	city	13.000	17.000	13.000	0	0.000	0	17.440	-1.000
barna	rural_settlement	settlement	2.000	2.800	18.000	0	0.000	0	8.202	-3.000
barnala	rural_settlement	settlement	6.000	11.200	24.000	0	0.000	0	14.687	-3.000
baroda	rural_settlement	settlement	9.000	16.200	24.000	0	0.000	0	16.474	-3.000
barozha	rural_settlement	settlement	3.000	5.200	17.000	0	0.000	0	10.678	-3.000
barsalium	rural_settlement	settlement	5.000	7.200	29.000	0	0.000	0	12.971	-3.000
barskhan	town	city	16.000	21.200	21.000	0	0.000	0	19.090	1.000
bartatu	rural_settlement	settlement	2.000	1.600	5.000	0	0.000	0	5.319	-8.000
bartei	rural_settlement	settlement	1.000	0.800	0.000	0	0.000	0	3.056	-8.000
baruka	rural_settlement	settlement	3.000	3.400	15.000	0	0.000	0	8.754	-3.000
barun_qaleh	rural_settlement	settlement	4.000	4.600	18.000	0	0.000	0	10.218	-3.000
barwani	town	city	21.000	23.200	29.000	0	0.000	0	20.099	3.000
barygaza	town	city	22.000	40.400	31.000	0	1.000	1	24.779	9.000
barzala	rural_settlement	settlement	1.000	1.800	18.000	0	0.000	0	6.614	-8.000
barzaura	rural_settlement	settlement	9.000	9.000	29.000	0	0.000	0	14.003	-3.000
basai	rural_settlement	settlement	8.000	10.400	9.000	0	0.000	0	13.285	-3.000
base	rural_settlement	settlement	4.000	7.600	10.000	0	0.000	0	11.889	-3.000
basgoedariza	rural_settlement	settlement	3.000	3.600	18.000	0	0.000	0	9.195	-3.000
bashkra	rural_settlement	settlement	4.000	4.400	11.000	0	0.000	0	9.539	-3.000
basilippo	rural_settlement	settlement	7.000	8.600	19.000	0	0.000	0	13.091	-3.000
basillia	rural_settlement	settlement	5.000	5.000	9.000	0	0.000	0	9.947	-3.000
basivka	rural_settlement	settlement	10.000	13.600	12.000	0	0.000	0	14.781	-3.000
baskata	rural_settlement	settlement	5.000	7.800	17.000	0	0.000	0	12.499	-3.000
basma	rural_settlement	settlement	7.000	7.800	29.000	2	0.000	0	14.547	-3.000
bassena	rural_settlement	settlement	6.000	7.400	9.000	0	0.000	0	11.697	-3.000
bassiana	rural_settlement	settlement	4.000	4.200	13.000	0	0.000	0	9.483	-3.000
basti	town	city	9.000	13.400	13.000	0	0.000	0	16.280	-2.000
bata	rural_settlement	settlement	4.000	4.400	19.000	0	0.000	0	10.099	-3.000
bata_pandiya	rural_settlement	settlement	4.000	6.000	23.000	0	0.000	0	11.729	-3.000
batavis	rural_settlement	settlement	5.000	7.600	11.000	0	0.000	0	11.959	-3.000
batesa	rural_settlement	settlement	2.000	1.800	5.000	0	0.000	0	5.704	-8.000
batesar	rural_settlement	settlement	8.000	11.200	24.000	0	0.000	0	14.687	-3.000
bathys_limen	rural_settlement	settlement	8.000	12.800	19.000	0	1.000	1	16.726	-3.000
batiana	rural_settlement	settlement	5.000	5.000	11.000	0	0.000	0	10.087	-3.000
batina	rural_settlement	settlement	7.000	10.400	19.000	0	0.000	0	13.985	-3.000
batnai	town	city	5.000	8.600	31.000	2	0.000	0	16.640	-2.000
batrachos	rural_settlement	settlement	2.000	2.600	28.000	0	0.000	0	8.621	-3.000
battak	rural_settlement	settlement	3.000	6.600	17.000	0	0.000	0	11.736	-3.000
batthinia	rural_settlement	settlement	6.000	7.400	31.000	2	0.000	0	14.445	-3.000
batya	rural_settlement	settlement	2.000	1.600	5.000	0	0.000	0	5.319	-8.000
bauska	rural_settlement	settlement	1.000	0.800	0.000	0	0.000	0	3.056	-8.000
bavian	rural_settlement	settlement	3.000	3.600	29.000	0	0.000	0	9.965	-3.000
bayadh	rural_settlement	settlement	4.000	3.200	3.000	0	0.000	0	7.672	-3.000
baykadam	rural_settlement	settlement	3.000	2.400	6.000	0	0.000	0	6.784	-8.000
bazaria	rural_settlement	settlement	2.000	1.600	19.000	0	0.000	0	6.299	-8.000
baziria	rural_settlement	settlement	6.000	7.800	7.000	0	0.000	0	11.799	-3.000
bazistris	rural_settlement	settlement	1.000	0.800	21.000	0	0.000	0	4.526	-8.000
bazki	rural_settlement	settlement	2.000	1.600	0.000	0	0.000	0	4.969	-8.000
bazyab	rural_settlement	settlement	4.000	3.200	28.000	0	0.000	0	9.422	-3.000
becciacum	rural_settlement	settlement	4.000	4.400	9.000	0	0.000	0	9.399	-3.000
bechar	rural_settlement	settlement	4.000	3.400	3.000	0	0.000	0	7.914	-3.000
bechchouphrein	rural_settlement	settlement	4.000	4.400	28.000	0	0.000	0	10.729	-3.000
beda	rural_settlement	settlement	4.000	4.200	11.000	0	0.000	0	9.343	-3.000
bedriacum	rural_settlement	settlement	6.000	8.600	13.000	0	0.000	0	12.671	-3.000
begastrum	rural_settlement	settlement	5.000	5.000	10.000	0	0.000	0	10.017	-3.000
beikthano	rural_settlement	settlement	6.000	6.200	13.000	0	0.000	0	11.175	-3.000
beilul	rural_settlement	settlement	1.000	0.800	7.000	0	0.000	0	3.546	-8.000
beishan	rural_settlement	settlement	4.000	3.600	5.000	0	0.000	0	8.285	-3.000
bekum	rural_settlement	settlement	1.000	2.400	0.000	0	0.000	0	6.364	-8.000
bela	rural_settlement	settlement	5.000	6.600	2.000	0	0.000	0	10.686	-3.000
belaya	rural_settlement	settlement	2.000	1.600	7.000	0	0.000	0	5.459	-8.000
belca	rural_settlement	settlement	3.000	3.400	11.000	0	0.000	0	8.474	-3.000
belegia	rural_settlement	settlement	5.000	5.000	9.000	0	0.000	0	9.947	-3.000
belginum	rural_settlement	settlement	6.000	7.400	11.000	0	0.000	0	11.837	-3.000
belgola	town	city	26.000	37.400	15.000	0	0.000	0	21.520	5.000
bellia_desolata	rural_settlement	settlement	6.000	5.800	11.000	0	0.000	0	10.738	-3.000
bellia_inferioris	rural_settlement	settlement	4.000	4.200	11.000	0	0.000	0	9.343	-3.000
bellia_relicta	rural_settlement	settlement	3.000	3.400	11.000	0	0.000	0	8.474	-3.000
bellia_superioris	rural_settlement	settlement	7.000	6.600	11.000	0	0.000	0	11.316	-3.000
beloi	rural_settlement	settlement	4.000	7.600	24.000	2	0.000	0	14.078	-3.000
belsinum	rural_settlement	settlement	5.000	7.000	11.000	0	0.000	0	11.583	-3.000
belsonancum	rural_settlement	settlement	6.000	6.000	11.000	0	0.000	0	10.889	-3.000
bendakaluru	rural_settlement	settlement	11.000	18.000	18.000	0	0.000	0	16.571	-3.000
bendosaboron	rural_settlement	settlement	4.000	5.200	31.000	0	0.000	0	11.658	-3.000
bene_harnum	rural_settlement	settlement	5.000	6.000	11.000	0	0.000	0	10.889	-3.000
benevellum	rural_settlement	settlement	6.000	5.800	13.000	0	0.000	0	10.878	-3.000
beneventum	rural_settlement	settlement	7.000	9.800	24.000	0	0.000	0	14.054	-3.000
bengmara	rural_settlement	settlement	9.000	9.600	9.000	0	0.000	0	12.906	-3.000
beni_abbes	rural_settlement	settlement	2.000	1.800	5.000	0	0.000	0	5.704	-8.000
bennafa	rural_settlement	settlement	6.000	8.800	26.000	0	0.000	0	13.688	-3.000
beoue	rural_settlement	settlement	8.000	12.200	22.000	0	0.000	0	14.957	-3.000
berberensis	rural_settlement	settlement	5.000	5.000	9.000	0	0.000	0	9.947	-3.000
berbouchi	rural_settlement	settlement	1.000	0.800	5.000	0	0.000	0	3.406	-8.000
bercellum	rural_settlement	settlement	5.000	6.000	8.000	0	0.000	0	10.679	-3.000
berd	rural_settlement	settlement	1.000	0.800	3.000	0	0.000	0	3.266	-8.000
berdaly	rural_settlement	settlement	2.000	1.800	6.000	0	0.000	0	5.774	-8.000
berdatekh	rural_settlement	settlement	3.000	3.600	18.000	0	0.000	0	9.195	-3.000
berenike	city	city	13.000	24.400	36.000	0	1.000	1	22.588	6.000
berenike_pancrysia	rural_settlement	settlement	7.000	5.800	10.000	0	0.000	0	10.668	-3.000
berezina	rural_settlement	settlement	1.000	0.800	0.000	0	0.000	0	3.056	-8.000
berezovaya	rural_settlement	settlement	2.000	1.600	0.000	0	0.000	0	4.969	-8.000
bergidum_flavium	rural_settlement	settlement	5.000	5.000	9.000	0	0.000	0	9.947	-3.000
bergin	rural_settlement	settlement	2.000	1.800	10.000	0	0.000	0	6.054	-8.000
bergio	rural_settlement	settlement	3.000	3.400	3.000	0	0.000	0	7.914	-3.000
bergium	rural_settlement	settlement	2.000	1.600	0.000	0	0.000	0	4.969	-8.000
bergomum	rural_settlement	settlement	7.000	8.200	9.000	0	0.000	0	12.170	-3.000
bergoule	town	city	21.000	32.200	29.000	0	0.000	0	21.743	5.000
berhil	rural_settlement	settlement	3.000	2.600	5.000	0	0.000	0	7.011	-8.000
berku	rural_settlement	settlement	4.000	5.200	28.000	0	0.000	0	11.448	-3.000
beroe	rural_settlement	settlement	10.000	15.600	18.000	0	0.000	0	15.869	-3.000
beroia	rural_settlement	settlement	21.000	38.400	26.000	0	0.000	0	20.924	-3.000
berothe	rural_settlement	settlement	3.000	5.800	24.000	0	0.000	0	11.648	-3.000
berriane	rural_settlement	settlement	1.000	0.800	5.000	0	0.000	0	3.406	-8.000
bersovia	rural_settlement	settlement	1.000	0.800	0.000	0	0.000	0	3.056	-8.000
berytus	town	city	15.000	23.000	29.000	0	0.000	0	20.056	3.000
beselatha	rural_settlement	settlement	4.000	7.600	26.000	2	0.000	0	14.218	-3.000
bessapara	rural_settlement	settlement	7.000	11.400	22.000	0	0.000	0	14.632	-3.000
bessemium	rural_settlement	settlement	5.000	8.000	11.000	0	0.000	0	12.196	-3.000
besta	rural_settlement	settlement	2.000	2.600	0.000	0	0.000	0	6.661	-8.000
bethadipa	rural_settlement	settlement	5.000	6.200	26.000	0	0.000	0	12.085	-3.000
bethar	rural_settlement	settlement	3.000	4.600	25.000	0	0.000	0	10.708	-3.000
betomolachon	rural_settlement	settlement	3.000	3.400	31.000	0	0.000	0	9.874	-3.000
betul	town	city	27.000	32.000	29.000	0	0.000	0	21.712	5.000
beturri	rural_settlement	settlement	4.000	4.200	9.000	0	0.000	0	9.203	-3.000
beyneu	rural_settlement	settlement	3.000	2.600	6.000	0	0.000	0	7.081	-8.000
bezda	rural_settlement	settlement	4.000	3.400	18.000	0	0.000	0	8.964	-3.000
bezereos	rural_settlement	settlement	1.000	0.800	15.000	0	0.000	0	4.106	-8.000
bezin	rural_settlement	settlement	1.000	0.800	6.000	0	0.000	0	3.476	-8.000
bhabua	rural_settlement	settlement	9.000	12.600	26.000	2	0.000	0	16.601	-3.000
bhaddavati	town	city	22.000	33.000	13.000	0	0.000	0	20.747	4.000
bhadohi	rural_settlement	settlement	8.000	10.000	28.000	0	0.000	0	14.429	-3.000
bhagdatpuram	rural_settlement	settlement	13.000	16.400	28.000	0	0.000	0	16.814	-3.000
bhakkuli	rural_settlement	settlement	8.000	9.200	9.000	0	0.000	0	12.706	-3.000
bhallaka	rural_settlement	settlement	9.000	9.600	9.000	0	0.000	0	12.906	-3.000
bhaluka	rural_settlement	settlement	9.000	12.200	8.000	0	0.000	0	13.977	-3.000
bhamangati	rural_settlement	settlement	10.000	14.200	20.000	0	0.000	0	15.551	-3.000
bhand_deva	rural_settlement	settlement	5.000	5.400	24.000	0	0.000	0	11.333	-3.000
bhargava	rural_settlement	settlement	10.000	11.200	9.000	0	0.000	0	13.637	-3.000
bharhut	rural_settlement	settlement	8.000	8.800	8.000	0	0.000	0	12.428	-3.000
bhatiai	rural_settlement	settlement	15.000	22.400	26.000	0	0.000	0	18.214	-3.000
bhawaniganj	rural_settlement	settlement	17.000	25.200	26.000	0	0.000	0	18.802	-3.000
bhawanipatna	rural_settlement	settlement	11.000	11.800	8.000	0	0.000	0	13.817	-3.000
bhilapura	rural_settlement	settlement	8.000	12.800	8.000	0	0.000	0	14.208	-3.000
bhind	rural_settlement	settlement	10.000	11.600	24.000	0	0.000	0	14.855	-3.000
bhindar	rural_settlement	settlement	7.000	9.000	24.000	0	0.000	0	13.653	-3.000
bhinmal	rural_settlement	settlement	7.000	8.000	23.000	0	0.000	0	13.036	-3.000
bhitargaon	rural_settlement	settlement	11.000	16.200	28.000	0	0.000	0	16.754	-3.000
bhojakata	town	city	8.000	9.600	13.000	0	0.000	0	14.686	-4.000
bhojapuri	town	city	33.000	45.400	31.000	0	0.000	0	23.624	8.000
bhoma	rural_settlement	settlement	2.000	1.600	6.000	0	0.000	0	5.389	-8.000
bhurhikara	rural_settlement	settlement	13.000	18.000	10.000	0	0.000	0	16.011	-3.000
bhuvanesvara	rural_settlement	settlement	4.000	6.000	18.000	0	0.000	0	11.379	-3.000
bialystok	rural_settlement	settlement	1.000	0.800	0.000	0	0.000	0	3.056	-8.000
bibacum	rural_settlement	settlement	4.000	4.800	0.000	0	0.000	0	9.141	-3.000
bibakta	rural_settlement	settlement	13.000	12.800	26.000	0	1.000	1	17.216	-3.000
bibracte	town	city	9.000	8.200	16.000	0	0.000	0	14.160	-6.000
bicurdium	rural_settlement	settlement	1.000	0.800	0.000	0	0.000	0	3.056	-8.000
bicurgium	rural_settlement	settlement	2.000	2.600	3.000	0	0.000	0	6.871	-8.000
bida	rural_settlement	settlement	3.000	4.400	24.000	0	0.000	0	10.449	-3.000
bidar	rural_settlement	settlement	9.000	8.400	11.000	0	0.000	0	12.422	-3.000
bidyadhari	rural_settlement	settlement	2.000	1.600	9.000	0	0.000	0	5.599	-8.000
biebrzankski	rural_settlement	settlement	1.000	0.800	0.000	0	0.000	0	3.056	-8.000
bielsk	rural_settlement	settlement	1.000	0.800	0.000	0	0.000	0	3.056	-8.000
bigis	rural_settlement	settlement	4.000	4.400	28.000	0	0.000	0	10.729	-3.000
bijalpura	rural_settlement	settlement	4.000	5.200	8.000	0	0.000	0	10.048	-3.000
bijan	rural_settlement	settlement	5.000	8.800	28.000	2	0.000	0	15.037	-3.000
bijar	rural_settlement	settlement	3.000	5.000	31.000	0	0.000	0	11.487	-3.000
bikrampur	rural_settlement	settlement	8.000	13.400	8.000	0	0.000	0	14.430	-3.000
bila	rural_settlement	settlement	2.000	1.600	0.000	0	0.000	0	4.969	-8.000
bilagada	rural_settlement	settlement	10.000	14.800	8.000	0	0.000	0	14.912	-3.000
bilatis	rural_settlement	settlement	3.000	2.400	0.000	0	0.000	0	6.364	-8.000
bilbeis	rural_settlement	settlement	10.000	14.600	33.000	0	0.000	0	16.596	-3.000
bilbilis	rural_settlement	settlement	5.000	5.000	9.000	0	0.000	0	9.947	-3.000
biliomagus	rural_settlement	settlement	5.000	5.000	14.000	0	0.000	0	10.297	-3.000
bina	rural_settlement	settlement	12.000	10.800	24.000	0	0.000	0	14.514	-3.000
bingium	rural_settlement	settlement	6.000	7.400	11.000	0	0.000	0	11.837	-3.000
binnaka	rural_settlement	settlement	5.000	5.400	10.000	0	0.000	0	10.353	-3.000
binnayaga	town	city	23.000	32.200	31.000	0	0.000	0	21.883	5.000
birganj	rural_settlement	settlement	6.000	8.000	8.000	0	0.000	0	11.986	-3.000
biri	rural_settlement	settlement	2.000	1.600	5.000	0	0.000	0	5.319	-8.000
biriand	rural_settlement	settlement	7.000	11.000	29.000	0	0.000	0	14.952	-3.000
biriciana	rural_settlement	settlement	6.000	6.800	11.000	0	0.000	0	11.451	-3.000
birim	rural_settlement	settlement	2.000	1.600	0.000	0	0.000	0	4.969	-8.000
birka	rural_settlement	settlement	2.000	1.600	3.000	0	1.000	1	6.926	-8.000
birky	rural_settlement	settlement	3.000	2.600	12.000	0	0.000	0	7.501	-8.000
birtha_0	rural_settlement	settlement	4.000	5.600	23.000	2	0.000	0	12.631	-3.000
birtha_1	rural_settlement	settlement	8.000	12.800	31.000	0	0.000	0	15.818	-3.000
birzu	rural_settlement	settlement	1.000	0.800	0.000	0	0.000	0	3.056	-8.000
bisambritai	rural_settlement	settlement	6.000	5.200	23.000	0	0.000	0	11.098	-3.000
bisanthe	city	city	17.000	24.800	33.000	0	1.000	1	22.460	5.000
bishah	rural_settlement	settlement	2.000	1.600	5.000	0	0.000	0	5.319	-8.000
bishaya	rural_settlement	settlement	4.000	3.400	28.000	0	0.000	0	9.664	-3.000
bisica_lucana	rural_settlement	settlement	8.000	14.200	24.000	0	0.000	0	15.831	-3.000
bissai	rural_settlement	settlement	7.000	7.600	22.000	0	0.000	0	12.729	-3.000
bistua_nova	rural_settlement	settlement	9.000	8.800	8.000	0	0.000	0	12.428	-3.000
bitaxa	rural_settlement	settlement	4.000	3.200	28.000	0	0.000	0	9.422	-3.000
bithias	rural_settlement	settlement	2.000	2.600	26.000	0	0.000	0	8.481	-3.000
biturigum	rural_settlement	settlement	9.000	11.600	13.000	0	0.000	0	14.085	-3.000
bitylion	rural_settlement	settlement	4.000	6.600	31.000	2	0.000	0	13.925	-3.000
biyar	rural_settlement	settlement	2.000	1.600	7.000	0	0.000	0	5.459	-8.000
bizana	rural_settlement	settlement	3.000	2.600	18.000	0	0.000	0	7.921	-3.000
bizye	rural_settlement	settlement	4.000	5.200	24.000	0	0.000	0	11.168	-3.000
blagoveshchenskaya	rural_settlement	settlement	13.000	17.200	7.000	0	1.000	1	17.325	-3.000
blaine	rural_settlement	settlement	6.000	7.000	18.000	0	0.000	0	12.073	-3.000
blanda	rural_settlement	settlement	12.000	19.000	9.000	0	0.000	0	16.208	-3.000
blandae	rural_settlement	settlement	4.000	4.200	10.000	0	0.000	0	9.273	-3.000
blandiana	rural_settlement	settlement	4.000	4.200	8.000	0	0.000	0	9.133	-3.000
blaoundos	rural_settlement	settlement	3.000	3.600	26.000	0	0.000	0	9.755	-3.000
blariacum	rural_settlement	settlement	6.000	6.800	11.000	0	0.000	0	11.451	-3.000
blatobulgium	rural_settlement	settlement	4.000	3.200	10.000	0	0.000	0	8.162	-3.000
blesum	rural_settlement	settlement	5.000	5.000	11.000	0	0.000	0	10.087	-3.000
bletsima	rural_settlement	settlement	6.000	5.800	11.000	0	0.000	0	10.738	-3.000
bloukion	rural_settlement	settlement	3.000	3.600	18.000	0	0.000	0	9.195	-3.000
bobuv	rural_settlement	settlement	2.000	1.600	5.000	0	0.000	0	5.319	-8.000
bocouriqua	rural_settlement	settlement	5.000	5.000	11.000	0	0.000	0	10.087	-3.000
bodgalio	rural_settlement	settlement	5.000	7.200	9.000	0	0.000	0	11.571	-3.000
bodincomagos	rural_settlement	settlement	5.000	7.600	9.000	0	0.000	0	11.819	-3.000
boduthiladhunmathi	rural_settlement	settlement	2.000	2.600	7.000	0	0.000	0	7.151	-8.000
bogadia	rural_settlement	settlement	1.000	0.800	28.000	0	0.000	0	5.016	-8.000
bogucharka	rural_settlement	settlement	2.000	1.600	0.000	0	0.000	0	4.969	-8.000
bohol	rural_settlement	settlement	4.000	3.200	7.000	0	0.000	0	7.952	-3.000
boinasa	rural_settlement	settlement	5.000	6.800	9.000	0	0.000	0	11.311	-3.000
boioa	rural_settlement	settlement	6.000	5.800	3.000	0	0.000	0	10.178	-3.000
bokaro	rural_settlement	settlement	6.000	9.800	20.000	0	0.000	0	13.774	-3.000
bolbitine	rural_settlement	settlement	15.000	28.800	27.000	0	0.000	0	19.541	-3.000
bolshoi	rural_settlement	settlement	2.000	1.600	0.000	0	0.000	0	4.969	-8.000
bonab_qaleh	rural_settlement	settlement	3.000	5.200	21.000	0	0.000	0	10.958	-3.000
bonava	rural_settlement	settlement	2.000	2.600	0.000	0	0.000	0	6.661	-8.000
bonita	rural_settlement	settlement	4.000	5.400	18.000	0	0.000	0	10.913	-3.000
bonna	rural_settlement	settlement	8.000	11.000	11.000	0	0.000	0	13.692	-3.000
bononia	town	city	11.000	12.000	14.000	0	0.000	0	15.818	-3.000
bononia_moesiaca	rural_settlement	settlement	7.000	7.800	12.000	0	0.000	0	12.149	-3.000
boon	rural_settlement	settlement	6.000	9.000	17.000	0	0.000	0	13.163	-3.000
boot	rural_settlement	settlement	5.000	5.200	0.000	0	0.000	0	9.488	-3.000
borassa	rural_settlement	settlement	3.000	3.400	7.000	0	0.000	0	8.194	-3.000
borbetomagus	rural_settlement	settlement	7.000	8.600	0.000	0	0.000	0	11.761	-3.000
borgamo	rural_settlement	settlement	4.000	4.200	5.000	0	0.000	0	8.923	-3.000
bori	rural_settlement	settlement	5.000	6.800	18.000	0	0.000	0	11.941	-3.000
borjomi	rural_settlement	settlement	5.000	5.200	18.000	0	0.000	0	10.748	-3.000
bornium	rural_settlement	settlement	4.000	4.200	8.000	0	0.000	0	9.133	-3.000
borodinskoye	rural_settlement	settlement	1.000	0.800	0.000	0	0.000	0	3.056	-8.000
boromlya	rural_settlement	settlement	4.000	3.400	12.000	0	0.000	0	8.544	-3.000
boron	rural_settlement	settlement	2.000	4.200	22.000	0	0.000	0	10.113	-3.000
borsippa	city	city	29.000	41.000	38.000	2	0.000	0	24.804	9.000
bortina	rural_settlement	settlement	5.000	5.000	11.000	0	0.000	0	10.087	-3.000
borysthenia	town	city	8.000	11.600	21.000	0	1.000	1	17.893	-1.000
bossia	rural_settlement	settlement	3.000	5.000	20.000	0	0.000	0	10.717	-3.000
bosteri	rural_settlement	settlement	2.000	1.600	12.000	0	0.000	0	5.809	-8.000
bostor	rural_settlement	settlement	3.000	2.800	0.000	0	0.000	0	6.942	-8.000
bostra	rural_settlement	settlement	5.000	10.000	26.000	0	0.000	0	14.289	-3.000
botrys	rural_settlement	settlement	4.000	7.600	26.000	0	0.000	0	13.009	-3.000
bou_azzer	rural_settlement	settlement	3.000	2.600	3.000	0	0.000	0	6.871	-8.000
boubakene	rural_settlement	settlement	4.000	6.000	19.000	0	0.000	0	11.449	-3.000
boubon	rural_settlement	settlement	4.000	6.000	13.000	0	0.000	0	11.029	-3.000
boudenib	rural_settlement	settlement	3.000	2.600	3.000	0	0.000	0	6.871	-8.000
boukephalia	city	city	11.000	13.200	39.000	2	0.000	0	19.235	0.000
boukolonpolis	rural_settlement	settlement	3.000	3.800	26.000	2	0.000	0	11.185	-3.000
boumia	rural_settlement	settlement	9.000	7.800	3.000	0	0.000	0	11.519	-3.000
bounou	rural_settlement	settlement	1.000	0.800	5.000	0	0.000	0	3.406	-8.000
bourdepa	rural_settlement	settlement	5.000	6.800	18.000	0	0.000	0	11.941	-3.000
bourma	rural_settlement	settlement	1.000	0.800	10.000	0	0.000	0	3.756	-8.000
bournion	rural_settlement	settlement	6.000	6.000	12.000	0	0.000	0	10.959	-3.000
bourzeg	rural_settlement	settlement	4.000	3.400	3.000	0	0.000	0	7.914	-3.000
boussemghoun	rural_settlement	settlement	3.000	2.400	3.000	0	0.000	0	6.574	-8.000
boutae	rural_settlement	settlement	2.000	2.800	9.000	0	0.000	0	7.572	-8.000
bouthoe	rural_settlement	settlement	2.000	4.200	8.000	0	1.000	1	10.881	-3.000
bouzerrara	rural_settlement	settlement	3.000	2.400	5.000	0	0.000	0	6.714	-8.000
boval	rural_settlement	settlement	2.000	1.600	7.000	0	0.000	0	5.459	-8.000
bovianum	town	city	24.000	42.400	31.000	0	0.000	0	23.276	8.000
bozoy	rural_settlement	settlement	3.000	2.400	6.000	0	0.000	0	6.784	-8.000
bracara_augusta	rural_settlement	settlement	11.000	12.000	9.000	0	0.000	0	13.968	-3.000
bragodurum	rural_settlement	settlement	5.000	5.000	11.000	0	0.000	0	10.087	-3.000
brahampuri	rural_settlement	settlement	9.000	9.400	24.000	0	0.000	0	13.857	-3.000
brahin	rural_settlement	settlement	3.000	2.600	7.000	0	0.000	0	7.151	-8.000
brahmagiri	rural_settlement	settlement	11.000	12.000	11.000	0	0.000	0	14.108	-3.000
brahmanaka	city	city	43.000	55.800	33.000	0	0.000	0	24.816	9.000
brahmarchi	rural_settlement	settlement	9.000	12.600	24.000	0	0.000	0	15.252	-3.000
brak	town	city	8.000	12.800	10.000	0	1.000	0	17.096	-1.000
bramulovium	rural_settlement	settlement	4.000	4.200	12.000	0	0.000	0	9.413	-3.000
branchidai	rural_settlement	settlement	6.000	8.400	18.000	0	0.000	0	12.912	-3.000
brancona	rural_settlement	settlement	4.000	5.400	8.000	0	0.000	0	10.213	-3.000
branodunum	rural_settlement	settlement	4.000	5.800	16.000	0	1.000	1	12.836	-3.000
braslaw	rural_settlement	settlement	1.000	0.800	0.000	0	0.000	0	3.056	-8.000
bratananium	rural_settlement	settlement	5.000	4.400	11.000	0	0.000	0	9.539	-3.000
bravoniacum	rural_settlement	settlement	3.000	3.400	8.000	0	0.000	0	8.264	-3.000
bravonium	rural_settlement	settlement	3.000	3.400	8.000	0	0.000	0	8.264	-3.000
bravum	rural_settlement	settlement	4.000	4.200	11.000	0	0.000	0	9.343	-3.000
breigha	rural_settlement	settlement	2.000	1.800	5.000	0	0.000	0	5.704	-8.000
bremenium	rural_settlement	settlement	2.000	1.600	10.000	0	0.000	0	5.669	-8.000
bremetennacum	rural_settlement	settlement	3.000	3.400	8.000	0	0.000	0	8.264	-3.000
brenodunum	rural_settlement	settlement	4.000	3.400	7.000	0	0.000	0	8.194	-3.000
bretina	rural_settlement	settlement	5.000	6.800	9.000	0	0.000	0	11.311	-3.000
breucorum	rural_settlement	settlement	2.000	2.800	11.000	0	0.000	0	7.712	-3.000
breues	rural_settlement	settlement	7.000	8.800	20.000	0	0.000	0	13.268	-3.000
breviodurum	rural_settlement	settlement	4.000	4.200	9.000	0	0.000	0	9.203	-3.000
brevis	rural_settlement	settlement	4.000	4.200	9.000	0	0.000	0	9.203	-3.000
brezina	rural_settlement	settlement	3.000	2.400	3.000	0	0.000	0	6.574	-8.000
brhel	rural_settlement	settlement	1.000	0.800	5.000	0	0.000	0	3.406	-8.000
bricca	rural_settlement	settlement	6.000	6.000	11.000	0	0.000	0	10.889	-3.000
bridava	rural_settlement	settlement	4.000	5.800	5.000	0	0.000	0	10.318	-3.000
briga	rural_settlement	settlement	6.000	7.600	9.000	0	1.000	1	13.567	-3.000
brigaecium	rural_settlement	settlement	3.000	3.400	11.000	0	0.000	0	8.474	-3.000
brigantia	rural_settlement	settlement	6.000	4.800	12.000	0	0.000	0	9.981	-3.000
brigantia_australis	rural_settlement	settlement	5.000	4.000	10.000	0	1.000	1	10.817	-3.000
brigantia_borealis	rural_settlement	settlement	2.000	1.600	0.000	0	0.000	0	4.969	-8.000
brigantium	rural_settlement	settlement	8.000	10.200	9.000	0	0.000	0	13.193	-3.000
brigare	rural_settlement	settlement	2.000	3.200	3.000	0	0.000	0	7.672	-3.000
brigensium	rural_settlement	settlement	5.000	5.000	9.000	0	0.000	0	9.947	-3.000
brigetio	rural_settlement	settlement	5.000	5.600	9.000	0	0.000	0	10.443	-3.000
briggogalus	rural_settlement	settlement	5.000	5.000	11.000	0	0.000	0	10.087	-3.000
briginnum	rural_settlement	settlement	7.000	8.600	11.000	0	0.000	0	12.531	-3.000
brigiosum	rural_settlement	settlement	4.000	4.200	11.000	0	0.000	0	9.343	-3.000
brigobannis	rural_settlement	settlement	4.000	4.200	9.000	0	0.000	0	9.203	-3.000
brioratis	rural_settlement	settlement	5.000	5.000	11.000	0	0.000	0	10.087	-3.000
britolagia	rural_settlement	settlement	4.000	3.200	8.000	0	0.000	0	8.022	-3.000
briva	rural_settlement	settlement	5.000	5.200	9.000	0	0.000	0	10.118	-3.000
briva_isarae	rural_settlement	settlement	5.000	5.200	9.000	0	0.000	0	10.118	-3.000
brivas	rural_settlement	settlement	5.000	5.200	14.000	0	0.000	0	10.468	-3.000
brivodurum	rural_settlement	settlement	5.000	5.000	11.000	0	0.000	0	10.087	-3.000
brixellum	rural_settlement	settlement	5.000	6.800	9.000	0	0.000	0	11.311	-3.000
brixia	rural_settlement	settlement	5.000	7.800	9.000	0	0.000	0	11.939	-3.000
broborg	rural_settlement	settlement	2.000	1.600	3.000	0	0.000	0	5.179	-8.000
brocasta	rural_settlement	settlement	2.000	1.600	0.000	0	0.000	0	4.969	-8.000
brocavum	rural_settlement	settlement	7.000	8.200	8.000	0	0.000	0	12.100	-3.000
brochoi	rural_settlement	settlement	3.000	5.200	24.000	0	0.000	0	11.168	-3.000
brocomagus	rural_settlement	settlement	11.000	13.800	9.000	0	0.000	0	14.642	-3.000
brodentia	rural_settlement	settlement	4.000	4.200	0.000	0	0.000	0	8.573	-3.000
brodentica	rural_settlement	settlement	4.000	3.200	5.000	0	0.000	0	7.812	-3.000
brucironno	rural_settlement	settlement	10.000	12.800	13.000	0	0.000	0	14.558	-3.000
brundisium	rural_settlement	settlement	7.000	11.800	10.000	0	1.000	1	15.705	-3.000
brundulum	rural_settlement	settlement	6.000	7.800	7.000	0	1.000	1	13.546	-3.000
brutobriga	rural_settlement	settlement	5.000	5.000	11.000	0	0.000	0	10.087	-3.000
bu_athla	rural_settlement	settlement	2.000	1.600	10.000	0	0.000	0	5.669	-8.000
bubastis	rural_settlement	settlement	17.000	27.000	33.000	2	0.000	0	20.846	-3.000
buca	town	city	12.000	14.400	16.000	0	1.000	1	18.586	1.000
buchu	rural_settlement	settlement	2.000	2.600	6.000	0	0.000	0	7.081	-8.000
bucinobantia	rural_settlement	settlement	4.000	3.400	0.000	0	0.000	0	7.704	-3.000
bucium	rural_settlement	settlement	7.000	12.400	8.000	0	0.000	0	14.055	-3.000
budia	rural_settlement	settlement	8.000	6.400	6.000	0	0.000	0	10.828	-3.000
budorgis	rural_settlement	settlement	5.000	5.800	5.000	0	0.000	0	10.318	-3.000
budorigum	rural_settlement	settlement	3.000	2.600	0.000	0	0.000	0	6.661	-8.000
budua	rural_settlement	settlement	5.000	5.000	11.000	0	0.000	0	10.087	-3.000
buguntia	rural_settlement	settlement	2.000	2.600	3.000	0	0.000	0	6.871	-8.000
buguntiana	rural_settlement	settlement	1.000	0.800	3.000	0	0.000	0	3.266	-8.000
buhski	rural_settlement	settlement	3.000	2.400	7.000	0	0.000	0	6.854	-8.000
bulaq	rural_settlement	settlement	3.000	4.400	21.000	0	0.000	0	10.239	-3.000
bularkan	rural_settlement	settlement	2.000	1.600	10.000	0	0.000	0	5.669	-8.000
bulgar	rural_settlement	settlement	2.000	1.600	7.000	0	0.000	0	5.459	-8.000
bulla_regia	rural_settlement	settlement	6.000	7.800	19.000	0	0.000	0	12.639	-3.000
bulukhta	rural_settlement	settlement	3.000	3.400	6.000	0	0.000	0	8.124	-3.000
bulya	rural_settlement	settlement	7.000	10.800	29.000	0	0.000	0	14.864	-3.000
bum	rural_settlement	settlement	2.000	1.800	7.000	0	0.000	0	5.844	-8.000
bundi	rural_settlement	settlement	6.000	7.200	24.000	0	0.000	0	12.621	-3.000
bunitium	rural_settlement	settlement	3.000	2.600	3.000	0	0.000	0	6.871	-8.000
buravhala	rural_settlement	settlement	7.000	8.600	9.000	0	0.000	0	12.391	-3.000
buraydah	rural_settlement	settlement	3.000	2.400	6.000	0	0.000	0	6.784	-8.000
burdigala	rural_settlement	settlement	5.000	5.200	7.000	0	1.000	1	11.725	-3.000
burgia	rural_settlement	settlement	1.000	2.400	3.000	0	0.000	0	6.574	-8.000
burguchi	rural_settlement	settlement	1.000	0.800	21.000	0	0.000	0	4.526	-8.000
burgundarholm	rural_settlement	settlement	3.000	2.600	5.000	0	0.000	0	7.011	-8.000
burgus	rural_settlement	settlement	8.000	9.000	7.000	0	0.000	0	12.463	-3.000
burgus_gaetulia	rural_settlement	settlement	4.000	3.400	3.000	0	0.000	0	7.914	-3.000
burgus_quadorum	rural_settlement	settlement	3.000	2.400	0.000	0	0.000	0	6.364	-8.000
burhanpur	rural_settlement	settlement	14.000	22.600	9.000	0	0.000	0	17.068	-3.000
buria	rural_settlement	settlement	4.000	5.200	0.000	0	0.000	0	9.488	-3.000
buriana	rural_settlement	settlement	4.000	4.200	0.000	0	0.000	0	8.573	-3.000
buridava	town	city	14.000	14.600	11.000	0	0.000	0	16.556	-2.000
burli	rural_settlement	settlement	3.000	2.400	6.000	0	0.000	0	6.784	-8.000
burrium	rural_settlement	settlement	3.000	3.400	8.000	0	0.000	0	8.264	-3.000
burtudizon	rural_settlement	settlement	4.000	5.800	24.000	0	0.000	0	11.648	-3.000
bushahr	rural_settlement	settlement	8.000	11.200	28.000	0	1.000	1	16.715	-3.000
buto	city	city	33.000	48.400	32.000	0	0.000	0	24.020	8.000
butonia	rural_settlement	settlement	4.000	3.200	0.000	0	0.000	0	7.462	-8.000
byblos	town	city	9.000	19.400	26.000	0	4.000	1	22.398	6.000
byerazino	rural_settlement	settlement	1.000	0.800	0.000	0	0.000	0	3.056	-8.000
bylazora	rural_settlement	settlement	8.000	8.600	18.000	0	0.000	0	13.021	-3.000
byllis	rural_settlement	settlement	7.000	9.200	18.000	0	0.000	0	13.336	-3.000
byrshchre	rural_settlement	settlement	4.000	4.400	3.000	0	0.000	0	8.979	-3.000
byzantion	town	city	7.000	14.200	29.000	0	1.000	1	19.428	2.000
cabadene	rural_settlement	settlement	7.000	11.200	27.000	0	0.000	0	14.897	-3.000
cabana	rural_settlement	settlement	8.000	9.200	19.000	0	0.000	0	13.406	-3.000
cabillonum	rural_settlement	settlement	7.000	7.000	11.000	0	0.000	0	11.583	-3.000
cabulia	rural_settlement	settlement	3.000	3.600	29.000	0	0.000	0	9.965	-3.000
cadota	town	city	11.000	17.400	19.000	0	0.000	0	17.974	-1.000
caelius_mons	rural_settlement	settlement	5.000	5.000	11.000	0	0.000	0	10.087	-3.000
caellonico	rural_settlement	settlement	5.000	5.000	9.000	0	0.000	0	9.947	-3.000
caereni	rural_settlement	settlement	3.000	2.400	10.000	0	0.000	0	7.064	-8.000
caesarobriga	rural_settlement	settlement	9.000	9.400	11.000	0	0.000	0	12.947	-3.000
caesarodunum	rural_settlement	settlement	10.000	14.800	11.000	0	0.000	0	15.122	-3.000
caesaromagus	rural_settlement	settlement	5.000	5.200	9.000	0	0.000	0	10.118	-3.000
caesia	rural_settlement	settlement	3.000	2.600	0.000	0	0.000	0	6.661	-8.000
caetobriga	rural_settlement	settlement	6.000	5.800	11.000	0	0.000	0	10.738	-3.000
caiellum	rural_settlement	settlement	7.000	6.600	9.000	0	0.000	0	11.176	-3.000
caiwa	rural_settlement	settlement	4.000	5.800	10.000	0	0.000	0	10.668	-3.000
cakravala	rural_settlement	settlement	5.000	6.000	26.000	0	0.000	0	11.939	-3.000
cala	rural_settlement	settlement	5.000	5.200	13.000	0	0.000	0	10.398	-3.000
calacte	rural_settlement	settlement	6.000	8.600	20.000	0	0.000	0	13.161	-3.000
calaegia	rural_settlement	settlement	4.000	4.200	0.000	0	0.000	0	8.573	-3.000
calagorris	rural_settlement	settlement	4.000	3.200	11.000	0	0.000	0	8.232	-3.000
calagum	rural_settlement	settlement	5.000	5.000	11.000	0	0.000	0	10.087	-3.000
calagurris_iulia	rural_settlement	settlement	8.000	9.000	9.000	0	0.000	0	12.603	-3.000
calama	rural_settlement	settlement	7.000	10.200	19.000	0	0.000	0	13.893	-3.000
calanta	rural_settlement	settlement	6.000	5.800	11.000	0	0.000	0	10.738	-3.000
calata	rural_settlement	settlement	7.000	9.600	20.000	0	0.000	0	13.676	-3.000
calcaria	rural_settlement	settlement	3.000	3.400	8.000	0	0.000	0	8.264	-3.000
calecula	rural_settlement	settlement	3.000	3.400	8.000	0	0.000	0	8.264	-3.000
caledonii	rural_settlement	settlement	5.000	4.000	6.000	0	0.000	0	8.789	-3.000
caletia_minor	rural_settlement	settlement	5.000	5.000	11.000	0	0.000	0	10.087	-3.000
calisia	rural_settlement	settlement	2.000	1.600	3.000	0	0.000	0	5.179	-8.000
callatis	town	city	20.000	33.400	31.000	0	1.000	1	23.816	8.000
calleva	rural_settlement	settlement	6.000	7.600	11.000	0	0.000	0	11.959	-3.000
calliope	rural_settlement	settlement	4.000	6.800	28.000	0	0.000	0	12.641	-3.000
callipolis	rural_settlement	settlement	8.000	10.200	12.000	0	1.000	1	15.150	-3.000
caluconia	rural_settlement	settlement	3.000	2.600	0.000	0	0.000	0	6.661	-8.000
caluconiana	rural_settlement	settlement	2.000	3.200	5.000	0	0.000	0	7.812	-3.000
calunium	rural_settlement	settlement	4.000	4.200	8.000	0	0.000	0	9.133	-3.000
cama	rural_settlement	settlement	6.000	8.800	10.000	0	0.000	0	12.568	-3.000
camala	rural_settlement	settlement	5.000	5.000	11.000	0	0.000	0	10.087	-3.000
camaracum	rural_settlement	settlement	5.000	5.000	11.000	0	0.000	0	10.087	-3.000
camarica	rural_settlement	settlement	5.000	5.000	11.000	0	0.000	0	10.087	-3.000
camarina	rural_settlement	settlement	4.000	6.000	28.000	0	0.000	0	12.079	-3.000
cambodunum	rural_settlement	settlement	9.000	12.000	9.000	0	0.000	0	13.968	-3.000
cambonum	rural_settlement	settlement	5.000	5.200	13.000	0	0.000	0	10.398	-3.000
cambysene	rural_settlement	settlement	3.000	2.400	18.000	0	0.000	0	7.624	-8.000
caminacum	rural_settlement	settlement	11.000	13.200	10.000	0	0.000	0	14.497	-3.000
cammei	rural_settlement	settlement	3.000	4.200	5.000	0	0.000	0	8.923	-3.000
campa	town	city	23.000	42.000	29.000	2	0.000	0	24.297	9.000
campaniacum	rural_settlement	settlement	5.000	5.000	13.000	0	0.000	0	10.227	-3.000
campia	rural_settlement	settlement	3.000	2.400	5.000	0	0.000	0	6.714	-8.000
campona	rural_settlement	settlement	5.000	7.000	9.000	0	0.000	0	11.443	-3.000
camulia	rural_settlement	settlement	1.000	0.800	0.000	0	0.000	0	3.056	-8.000
camulodunum	town	city	10.000	10.800	14.000	0	0.000	0	15.314	-3.000
canarbis	rural_settlement	settlement	2.000	2.600	7.000	0	0.000	0	7.151	-8.000
canasida	rural_settlement	settlement	3.000	2.600	18.000	0	0.000	0	7.921	-3.000
canate	rural_settlement	settlement	4.000	5.200	28.000	0	0.000	0	11.448	-3.000
canatha_0	rural_settlement	settlement	6.000	10.200	26.000	0	0.000	0	14.383	-3.000
canatha_1	rural_settlement	settlement	4.000	5.200	28.000	0	0.000	0	11.448	-3.000
canaviacum	rural_settlement	settlement	5.000	5.200	9.000	0	0.000	0	10.118	-3.000
candanaputraka	rural_settlement	settlement	6.000	8.200	26.000	0	0.000	0	13.360	-3.000
candhoba	rural_settlement	settlement	8.000	12.000	24.000	0	0.000	0	15.018	-3.000
candravati	rural_settlement	settlement	7.000	7.200	24.000	0	0.000	0	12.621	-3.000
candulum	rural_settlement	settlement	6.000	7.600	0.000	0	0.000	0	11.189	-3.000
cannabis	rural_settlement	settlement	1.000	0.800	6.000	0	0.000	0	3.476	-8.000
cannae	city	city	10.000	14.600	33.000	0	0.000	0	18.096	-1.000
canniaco	rural_settlement	settlement	2.000	1.600	9.000	0	0.000	0	5.599	-8.000
canovium	rural_settlement	settlement	3.000	3.400	10.000	0	0.000	0	8.404	-3.000
cantiabis	rural_settlement	settlement	4.000	5.800	0.000	0	0.000	0	9.968	-3.000
capera	rural_settlement	settlement	4.000	4.200	9.000	0	0.000	0	9.203	-3.000
capi	rural_settlement	settlement	2.000	1.600	5.000	0	0.000	0	5.319	-8.000
capidava	rural_settlement	settlement	4.000	4.200	24.000	0	0.000	0	10.253	-3.000
capitium	rural_settlement	settlement	10.000	13.000	9.000	0	0.000	0	14.353	-3.000
capsa	rural_settlement	settlement	7.000	5.600	8.000	0	0.000	0	10.373	-3.000
capsa_iustiniana	rural_settlement	settlement	10.000	12.000	15.000	0	0.000	0	14.388	-3.000
capua	city	city	14.000	26.600	37.000	2	0.000	0	22.551	6.000
caput	rural_settlement	settlement	5.000	5.000	11.000	0	0.000	0	10.087	-3.000
caput_bubali	rural_settlement	settlement	4.000	4.800	8.000	0	0.000	0	9.701	-3.000
caput_stenarum_0	rural_settlement	settlement	8.000	10.400	12.000	0	0.000	0	13.495	-3.000
caput_stenarum_1	rural_settlement	settlement	4.000	4.800	8.000	0	0.000	0	9.701	-3.000
caputtasaccora	rural_settlement	settlement	4.000	5.800	8.000	0	0.000	0	10.528	-3.000
cara	rural_settlement	settlement	4.000	6.200	23.000	0	0.000	0	11.875	-3.000
caracca	rural_settlement	settlement	4.000	4.200	11.000	0	0.000	0	9.343	-3.000
caracotinum	rural_settlement	settlement	5.000	5.200	9.000	0	1.000	1	11.865	-3.000
carae	rural_settlement	settlement	2.000	2.600	11.000	0	0.000	0	7.431	-8.000
caranicum	rural_settlement	settlement	5.000	5.000	13.000	0	0.000	0	10.227	-3.000
carantomagus	rural_settlement	settlement	5.000	5.200	9.000	0	0.000	0	10.118	-3.000
caranusca	rural_settlement	settlement	8.000	8.000	9.000	0	0.000	0	12.056	-3.000
carasa	rural_settlement	settlement	5.000	5.000	11.000	0	0.000	0	10.087	-3.000
carbia	rural_settlement	settlement	4.000	6.000	24.000	0	0.000	0	11.799	-3.000
carbonia	rural_settlement	settlement	1.000	0.800	0.000	0	0.000	0	3.056	-8.000
carbonia_occidentalis	rural_settlement	settlement	1.000	0.800	0.000	0	0.000	0	3.056	-8.000
carcasso	rural_settlement	settlement	5.000	5.000	11.000	0	0.000	0	10.087	-3.000
carcuvium	rural_settlement	settlement	5.000	5.000	10.000	0	0.000	0	10.017	-3.000
cardava	rural_settlement	settlement	7.000	8.000	7.000	0	0.000	0	11.916	-3.000
cardono	rural_settlement	settlement	4.000	4.200	11.000	0	0.000	0	9.343	-3.000
careotaia_australis	rural_settlement	settlement	1.000	0.800	0.000	0	0.000	0	3.056	-8.000
cariala	rural_settlement	settlement	2.000	1.800	0.000	0	0.000	0	5.354	-8.000
carinia	rural_settlement	settlement	3.000	3.400	5.000	0	0.000	0	8.054	-3.000
cariniana	rural_settlement	settlement	1.000	0.800	5.000	0	0.000	0	3.406	-8.000
caripeta	rural_settlement	settlement	6.000	7.200	7.000	0	0.000	0	11.431	-3.000
carissa	rural_settlement	settlement	7.000	10.800	19.000	0	0.000	0	14.164	-3.000
caritra	town	city	20.000	30.800	25.000	0	0.000	0	21.239	5.000
carm	rural_settlement	settlement	2.000	1.600	6.000	0	0.000	0	5.389	-8.000
carmo	town	city	11.000	19.200	25.000	0	0.000	0	18.880	1.000
carnasa	rural_settlement	settlement	1.000	0.800	28.000	0	0.000	0	5.016	-8.000
carne	rural_settlement	settlement	3.000	5.200	19.000	0	0.000	0	10.818	-3.000
carnium	rural_settlement	settlement	18.000	24.200	7.000	0	0.000	0	17.270	-3.000
carnonacae	rural_settlement	settlement	2.000	1.600	10.000	0	0.000	0	5.669	-8.000
carnuntum	rural_settlement	settlement	4.000	4.200	9.000	0	0.000	0	9.203	-3.000
carnutia_occidentalis	rural_settlement	settlement	3.000	3.400	9.000	0	0.000	0	8.334	-3.000
carnutia_orientalis	rural_settlement	settlement	5.000	5.200	11.000	0	0.000	0	10.258	-3.000
carona	rural_settlement	settlement	7.000	9.400	8.000	0	0.000	0	12.737	-3.000
carpentorate	rural_settlement	settlement	5.000	5.000	13.000	0	0.000	0	10.227	-3.000
carpetana_luga	rural_settlement	settlement	5.000	5.000	9.000	0	0.000	0	9.947	-3.000
carpis	rural_settlement	settlement	12.000	22.000	26.000	0	0.000	0	18.125	-3.000
carredunum	rural_settlement	settlement	2.000	1.600	0.000	0	0.000	0	4.969	-8.000
carrhae	rural_settlement	settlement	9.000	15.600	26.000	0	0.000	0	16.429	-3.000
carsidava	rural_settlement	settlement	2.000	1.600	0.000	0	0.000	0	4.969	-8.000
carsioli	rural_settlement	settlement	5.000	8.400	24.000	0	0.000	0	13.332	-3.000
carsium	rural_settlement	settlement	4.000	3.200	22.000	0	0.000	0	9.002	-3.000
carta	rural_settlement	settlement	5.000	5.000	11.000	0	0.000	0	10.087	-3.000
cartana	rural_settlement	settlement	7.000	8.000	31.000	0	0.000	0	13.596	-3.000
carteia	town	city	10.000	11.000	29.000	0	1.000	1	18.199	0.000
cartennae	town	city	3.000	3.800	29.000	0	1.000	1	13.434	-7.000
carthago	city	city	30.000	53.600	43.000	0	9.000	1	29.310	14.000
cartili	rural_settlement	settlement	10.000	14.600	9.000	0	0.000	0	14.916	-3.000
cartima	rural_settlement	settlement	7.000	8.600	17.000	0	0.000	0	12.951	-3.000
carura	rural_settlement	settlement	4.000	3.800	17.000	0	0.000	0	9.347	-3.000
carvium	rural_settlement	settlement	5.000	5.400	0.000	0	0.000	0	9.653	-3.000
casae_nigrae	rural_settlement	settlement	4.000	4.800	3.000	0	0.000	0	9.351	-3.000
casaea	rural_settlement	settlement	3.000	5.000	21.000	0	0.000	0	10.787	-3.000
cascantum	rural_settlement	settlement	5.000	5.000	9.000	0	0.000	0	9.947	-3.000
casinomagus	rural_settlement	settlement	4.000	4.200	11.000	0	0.000	0	9.343	-3.000
caspiana	rural_settlement	settlement	7.000	8.400	11.000	0	0.000	0	12.422	-3.000
cassiliacum	rural_settlement	settlement	4.000	4.200	9.000	0	0.000	0	9.203	-3.000
cassinomagum	rural_settlement	settlement	6.000	7.600	11.000	0	0.000	0	11.959	-3.000
castellum	rural_settlement	settlement	6.000	6.000	9.000	0	0.000	0	10.749	-3.000
castellum_meidunium	rural_settlement	settlement	4.000	4.200	9.000	0	0.000	0	9.203	-3.000
castra	rural_settlement	settlement	6.000	6.000	10.000	0	0.000	0	10.819	-3.000
castra_arcidava	rural_settlement	settlement	5.000	6.000	8.000	0	0.000	0	10.679	-3.000
castra_bistrita	rural_settlement	settlement	5.000	5.400	8.000	0	0.000	0	10.213	-3.000
castra_cecilia	rural_settlement	settlement	3.000	3.400	9.000	0	0.000	0	8.334	-3.000
castra_germanorum	rural_settlement	settlement	3.000	3.400	11.000	0	0.000	0	8.474	-3.000
castra_martis	rural_settlement	settlement	9.000	13.400	10.000	0	0.000	0	14.570	-3.000
castra_neptitana	town	city	10.000	13.000	10.000	0	0.000	0	15.923	-3.000
castra_nova	rural_settlement	settlement	2.000	2.800	11.000	0	0.000	0	7.712	-3.000
castra_puerorum	rural_settlement	settlement	7.000	9.400	11.000	0	0.000	0	12.947	-3.000
castra_regina	rural_settlement	settlement	5.000	6.000	11.000	0	0.000	0	10.889	-3.000
castra_vetera	rural_settlement	settlement	8.000	11.000	11.000	0	1.000	1	15.439	-3.000
castrana	rural_settlement	settlement	3.000	3.600	0.000	0	0.000	0	7.935	-3.000
castris_novis	rural_settlement	settlement	7.000	11.800	8.000	0	0.000	0	13.817	-3.000
castrum_divionense	rural_settlement	settlement	5.000	5.000	11.000	0	0.000	0	10.087	-3.000
castrum_vabrense	rural_settlement	settlement	5.000	5.000	9.000	0	0.000	0	9.947	-3.000
castulo	town	city	12.000	22.400	20.000	0	0.000	0	19.294	2.000
casurgis	rural_settlement	settlement	4.000	4.400	0.000	0	0.000	0	8.769	-3.000
catabathmus_maior	city	city	6.000	8.800	33.000	0	0.000	0	15.678	-4.000
catalacus	rural_settlement	settlement	5.000	5.200	11.000	0	0.000	0	10.258	-3.000
catana	city	city	6.000	9.400	33.000	0	1.000	1	17.735	-2.000
cataphri	rural_settlement	settlement	2.000	2.800	22.000	0	0.000	0	8.482	-3.000
cataractonium	rural_settlement	settlement	4.000	4.200	8.000	0	0.000	0	9.133	-3.000
catispi	rural_settlement	settlement	5.000	5.400	18.000	0	0.000	0	10.913	-3.000
catonita	rural_settlement	settlement	5.000	6.000	9.000	0	0.000	0	10.749	-3.000
catorissium	rural_settlement	settlement	4.000	4.400	7.000	0	0.000	0	9.259	-3.000
catualium	rural_settlement	settlement	5.000	6.000	9.000	0	0.000	0	10.749	-3.000
caturicis	rural_settlement	settlement	5.000	5.000	9.000	0	0.000	0	9.947	-3.000
cauca	rural_settlement	settlement	5.000	6.000	11.000	0	0.000	0	10.889	-3.000
caucia	rural_settlement	settlement	4.000	3.200	12.000	0	0.000	0	8.302	-3.000
caucia_occidentalis	rural_settlement	settlement	2.000	1.600	0.000	0	0.000	0	4.969	-8.000
caucia_orientalis	rural_settlement	settlement	2.000	1.600	12.000	0	0.000	0	5.809	-8.000
caudium_castra	rural_settlement	settlement	7.000	11.600	9.000	0	0.000	0	13.805	-3.000
caum	rural_settlement	settlement	5.000	5.000	10.000	0	0.000	0	10.017	-3.000
caumata	rural_settlement	settlement	11.000	13.800	29.000	0	0.000	0	16.042	-3.000
caurium	rural_settlement	settlement	3.000	3.400	11.000	0	0.000	0	8.474	-3.000
causennae	rural_settlement	settlement	5.000	5.000	6.000	0	0.000	0	9.737	-3.000
causilena	rural_settlement	settlement	7.000	11.000	11.000	0	0.000	0	13.692	-3.000
cebennia	rural_settlement	settlement	5.000	5.000	9.000	0	0.000	0	9.947	-3.000
cebrus	rural_settlement	settlement	5.000	6.000	10.000	0	0.000	0	10.819	-3.000
cedonia	rural_settlement	settlement	5.000	5.800	8.000	0	0.000	0	10.528	-3.000
ceerigabo	rural_settlement	settlement	7.000	8.000	13.000	0	0.000	0	12.336	-3.000
ceketek	rural_settlement	settlement	3.000	3.400	5.000	0	0.000	0	8.054	-3.000
celamantia	rural_settlement	settlement	2.000	3.200	0.000	0	0.000	0	7.462	-8.000
celavira	rural_settlement	settlement	1.000	0.800	0.000	0	0.000	0	3.056	-8.000
celegerorum	rural_settlement	settlement	3.000	5.200	8.000	0	0.000	0	10.048	-3.000
celeia	rural_settlement	settlement	5.000	5.400	6.000	0	0.000	0	10.073	-3.000
celeusum	rural_settlement	settlement	5.000	7.600	11.000	0	0.000	0	11.959	-3.000
celsa	rural_settlement	settlement	9.000	10.000	10.000	0	0.000	0	13.169	-3.000
celtianis	rural_settlement	settlement	9.000	12.000	19.000	0	0.000	0	14.668	-3.000
celtica_superioris	rural_settlement	settlement	5.000	5.000	11.000	0	0.000	0	10.087	-3.000
cenabum	town	city	9.000	8.400	18.000	0	0.000	0	14.412	-5.000
cenavicum	rural_settlement	settlement	4.000	5.600	11.000	0	0.000	0	10.583	-3.000
centenarium	rural_settlement	settlement	2.000	1.600	10.000	0	0.000	0	5.669	-8.000
centum_cellas	rural_settlement	settlement	6.000	6.800	9.000	0	0.000	0	11.311	-3.000
centum_putea	rural_settlement	settlement	5.000	5.800	0.000	0	0.000	0	9.968	-3.000
centuripae	rural_settlement	settlement	14.000	20.000	28.000	0	0.000	0	17.792	-3.000
cephaloedium	rural_settlement	settlement	6.000	8.600	20.000	0	0.000	0	13.161	-3.000
cercina	rural_settlement	settlement	5.000	10.600	26.000	0	0.000	0	14.565	-3.000
cerebelliaca	rural_settlement	settlement	5.000	5.000	11.000	0	0.000	0	10.087	-3.000
cerisiacum	rural_settlement	settlement	5.000	5.200	13.000	0	0.000	0	10.398	-3.000
cerva	rural_settlement	settlement	5.000	6.200	3.000	0	0.000	0	10.475	-3.000
cervidunum	rural_settlement	settlement	5.000	5.200	11.000	0	0.000	0	10.258	-3.000
chabala	rural_settlement	settlement	5.000	6.200	1.000	0	0.000	0	10.335	-3.000
chaberis	rural_settlement	settlement	19.000	25.000	21.000	0	1.000	1	20.160	-3.000
chach	rural_settlement	settlement	5.000	6.200	16.000	0	0.000	0	11.385	-3.000
chadormalu	rural_settlement	settlement	7.000	8.400	29.000	0	0.000	0	13.682	-3.000
chagan	rural_settlement	settlement	3.000	2.400	6.000	0	0.000	0	6.784	-8.000
chagri	rural_settlement	settlement	1.000	0.800	6.000	0	0.000	0	3.476	-8.000
chahar_taq	rural_settlement	settlement	3.000	5.200	19.000	0	0.000	0	10.818	-3.000
chaharla	rural_settlement	settlement	3.000	5.200	17.000	0	0.000	0	10.678	-3.000
chahuk	rural_settlement	settlement	3.000	3.600	18.000	0	0.000	0	9.195	-3.000
chairekla	rural_settlement	settlement	3.000	5.200	18.000	0	0.000	0	10.748	-3.000
chaireon	rural_settlement	settlement	7.000	12.800	33.000	0	0.000	0	15.958	-3.000
chakrakot	town	city	10.000	11.400	13.000	0	0.000	0	15.502	-3.000
chaladidi	rural_settlement	settlement	7.000	11.600	18.000	0	0.000	0	14.435	-3.000
chalcedon	town	city	17.000	30.200	31.000	1	1.000	1	24.070	9.000
chalcis	city	city	8.000	15.200	33.000	0	1.000	1	20.040	2.000
chalcis_ad_belum	rural_settlement	settlement	6.000	10.000	26.000	0	0.000	0	14.289	-3.000
chaleion	rural_settlement	settlement	8.000	13.200	24.000	0	0.000	0	15.477	-3.000
chalkis_libanou	town	city	9.000	13.400	29.000	2	0.000	0	18.608	1.000
chamavia	rural_settlement	settlement	3.000	2.600	5.000	0	0.000	0	7.011	-8.000
chamoria	rural_settlement	settlement	1.000	0.800	0.000	0	0.000	0	3.056	-8.000
chandaniot	rural_settlement	settlement	17.000	28.000	28.000	0	0.000	0	19.470	-3.000
chanderi	rural_settlement	settlement	11.000	10.000	24.000	0	0.000	0	14.149	-3.000
chandraketugarh	rural_settlement	settlement	6.000	9.400	22.000	0	0.000	0	13.717	-3.000
chandravalli	rural_settlement	settlement	10.000	19.000	9.000	0	0.000	0	16.208	-3.000
chaonia	rural_settlement	settlement	6.000	8.000	26.000	0	0.000	0	13.246	-3.000
characmoba	rural_settlement	settlement	4.000	4.600	23.000	0	0.000	0	10.568	-3.000
charamithas	rural_settlement	settlement	2.000	2.600	17.000	0	0.000	0	7.851	-3.000
charax	town	city	13.000	21.800	22.000	0	0.000	0	19.299	2.000
charinda	city	city	15.000	25.400	38.000	2	0.000	0	22.390	5.000
charmodara	town	city	7.000	12.000	20.000	0	0.000	0	16.238	-2.000
charton	rural_settlement	settlement	2.000	2.600	18.000	0	0.000	0	7.921	-3.000
charudia	rural_settlement	settlement	3.000	3.400	1.000	0	0.000	0	7.774	-3.000
charudiana	rural_settlement	settlement	2.000	1.600	5.000	0	0.000	0	5.319	-8.000
charva	rural_settlement	settlement	6.000	10.200	21.000	0	0.000	0	14.033	-3.000
chasuaria	rural_settlement	settlement	2.000	2.600	5.000	0	0.000	0	7.011	-8.000
chatra	rural_settlement	settlement	9.000	16.600	20.000	0	0.000	0	16.313	-3.000
chattuaria	rural_settlement	settlement	3.000	4.000	0.000	0	0.000	0	8.369	-3.000
chaucia	rural_settlement	settlement	3.000	2.600	5.000	0	0.000	0	7.011	-8.000
chauon	rural_settlement	settlement	3.000	5.200	20.000	0	0.000	0	10.888	-3.000
chauragarh	rural_settlement	settlement	4.000	8.000	8.000	0	0.000	0	11.986	-3.000
chaurina	rural_settlement	settlement	3.000	4.400	28.000	0	0.000	0	10.729	-3.000
chavadi	rural_settlement	settlement	8.000	10.800	18.000	0	0.000	0	14.094	-3.000
chavusy	rural_settlement	settlement	1.000	0.800	0.000	0	0.000	0	3.056	-8.000
chemmis	rural_settlement	settlement	10.000	13.600	27.000	0	0.000	0	15.831	-3.000
chengam	rural_settlement	settlement	6.000	8.400	18.000	0	0.000	0	12.912	-3.000
cherchen	town	city	19.000	24.400	22.000	0	0.000	0	19.861	3.000
chernyanka	rural_settlement	settlement	2.000	1.600	0.000	0	0.000	0	4.969	-8.000
chersis	rural_settlement	settlement	4.000	7.600	21.000	0	0.000	0	12.659	-3.000
chersonesos	town	city	19.000	34.000	26.000	0	1.000	1	23.555	8.000
chersonesos_vanavasi	town	city	20.000	30.000	14.000	0	1.000	1	22.084	5.000
chervonoye	rural_settlement	settlement	3.000	2.400	7.000	0	0.000	0	6.854	-8.000
chettaia	rural_settlement	settlement	4.000	6.200	28.000	0	0.000	0	12.225	-3.000
chevka	rural_settlement	settlement	2.000	1.600	0.000	0	0.000	0	4.969	-8.000
chhamb	rural_settlement	settlement	4.000	4.600	6.000	0	0.000	0	9.378	-3.000
chhindwara	rural_settlement	settlement	1.000	0.800	8.000	0	0.000	0	3.616	-8.000
chigu	rural_settlement	settlement	4.000	3.600	5.000	0	0.000	0	8.285	-3.000
chilpek	rural_settlement	settlement	8.000	6.800	15.000	0	0.000	0	11.731	-3.000
chimpyu	rural_settlement	settlement	4.000	5.200	8.000	0	0.000	0	10.048	-3.000
chinaz	rural_settlement	settlement	1.000	0.800	0.000	0	0.000	0	3.056	-8.000
chintamani	rural_settlement	settlement	10.000	16.000	20.000	0	0.000	0	16.133	-3.000
chios	town	city	9.000	19.000	20.000	0	1.000	1	20.225	3.000
chioukh	rural_settlement	settlement	2.000	1.600	3.000	0	0.000	0	5.179	-8.000
chishtian	rural_settlement	settlement	9.000	14.400	21.000	0	0.000	0	15.689	-3.000
chitradurga	rural_settlement	settlement	9.000	12.200	11.000	0	0.000	0	14.187	-3.000
chittagong	rural_settlement	settlement	5.000	6.400	6.000	0	1.000	1	12.575	-3.000
chlef	rural_settlement	settlement	3.000	2.600	10.000	0	0.000	0	7.361	-8.000
chlomaron	rural_settlement	settlement	5.000	6.800	34.000	0	0.000	0	13.061	-3.000
choana	rural_settlement	settlement	9.000	12.200	31.000	0	0.000	0	15.587	-3.000
choana_medias	rural_settlement	settlement	10.000	14.000	29.000	0	0.000	0	16.112	-3.000
choarene	rural_settlement	settlement	4.000	3.400	17.000	0	0.000	0	8.894	-3.000
choaspes	rural_settlement	settlement	4.000	4.400	31.000	0	0.000	0	10.939	-3.000
choatina	rural_settlement	settlement	3.000	5.200	17.000	0	0.000	0	10.678	-3.000
choatras	rural_settlement	settlement	4.000	4.400	28.000	0	0.000	0	10.729	-3.000
choba	rural_settlement	settlement	5.000	8.400	26.000	0	1.000	1	15.219	-3.000
chodda	rural_settlement	settlement	5.000	6.800	29.000	0	0.000	0	12.711	-3.000
chokun	rural_settlement	settlement	3.000	2.400	6.000	0	0.000	0	6.784	-8.000
cholbisina	rural_settlement	settlement	5.000	6.800	19.000	0	0.000	0	12.011	-3.000
choma	rural_settlement	settlement	3.000	3.600	13.000	0	0.000	0	8.845	-3.000
chomolangma	rural_settlement	settlement	6.000	6.400	6.000	0	0.000	0	10.828	-3.000
chongye	rural_settlement	settlement	6.000	8.000	6.000	0	0.000	0	11.846	-3.000
choromia	rural_settlement	settlement	12.000	16.800	31.000	0	0.000	0	17.142	-3.000
chorotus	rural_settlement	settlement	4.000	4.600	18.000	0	0.000	0	10.218	-3.000
chorsabia	rural_settlement	settlement	3.000	3.600	18.000	0	0.000	0	9.195	-3.000
chorzene	rural_settlement	settlement	4.000	6.000	20.000	0	0.000	0	11.519	-3.000
chroda	rural_settlement	settlement	5.000	6.000	0.000	0	0.000	0	10.119	-3.000
chrononia	rural_settlement	settlement	2.000	1.600	5.000	0	0.000	0	5.319	-8.000
chrononia_australis	rural_settlement	settlement	3.000	2.600	5.000	0	0.000	0	7.011	-8.000
chrononia_borealis	rural_settlement	settlement	2.000	1.600	5.000	0	0.000	0	5.319	-8.000
chullu	rural_settlement	settlement	3.000	5.000	24.000	0	0.000	0	10.997	-3.000
chunak	rural_settlement	settlement	4.000	5.400	8.000	0	0.000	0	10.213	-3.000
chust	town	city	14.000	20.600	24.000	0	0.000	0	19.158	2.000
chysis	rural_settlement	settlement	10.000	14.400	31.000	0	0.000	0	16.389	-3.000
chythroi	rural_settlement	settlement	6.000	11.000	26.000	0	0.000	0	14.742	-3.000
ciagisia	rural_settlement	settlement	4.000	4.200	8.000	0	0.000	0	9.133	-3.000
ciagisiana	rural_settlement	settlement	8.000	8.800	8.000	0	0.000	0	12.428	-3.000
cibalae	rural_settlement	settlement	4.000	4.200	13.000	0	0.000	0	9.483	-3.000
cibarcia	rural_settlement	settlement	8.000	9.000	11.000	0	0.000	0	12.743	-3.000
cicucium	rural_settlement	settlement	3.000	3.400	8.000	0	0.000	0	8.264	-3.000
cigra	rural_settlement	settlement	2.000	1.800	6.000	0	0.000	0	5.774	-8.000
cikamburika	rural_settlement	settlement	7.000	7.800	8.000	0	0.000	0	11.869	-3.000
cilician_gates_0	rural_settlement	settlement	3.000	3.600	22.000	2	0.000	0	10.684	-3.000
cillium	rural_settlement	settlement	5.000	7.000	21.000	0	0.000	0	12.283	-3.000
cimbria_australis	rural_settlement	settlement	3.000	2.400	3.000	0	0.000	0	6.574	-8.000
cimbria_borealis	rural_settlement	settlement	5.000	6.200	3.000	0	1.000	1	12.223	-3.000
cimbria_centralis	rural_settlement	settlement	3.000	2.400	3.000	0	0.000	0	6.574	-8.000
cimbria_maior	rural_settlement	settlement	4.000	3.600	3.000	0	0.000	0	8.145	-3.000
cimbrica_minor	rural_settlement	settlement	2.000	1.800	3.000	0	0.000	0	5.564	-8.000
cimus	rural_settlement	settlement	8.000	10.400	14.000	0	0.000	0	13.635	-3.000
cina	rural_settlement	settlement	5.000	5.200	5.000	0	0.000	0	9.838	-3.000
cingulum	rural_settlement	settlement	10.000	16.800	24.000	0	0.000	0	16.652	-3.000
cinnaba_mons	rural_settlement	settlement	5.000	6.600	11.000	0	0.000	0	11.316	-3.000
circeii	rural_settlement	settlement	7.000	13.600	24.000	2	0.000	0	16.830	-3.000
circesium	rural_settlement	settlement	3.000	5.000	23.000	2	0.000	0	12.136	-3.000
cirta	town	city	29.000	36.600	24.000	0	0.000	0	22.040	5.000
cisimbrium	rural_settlement	settlement	5.000	5.000	8.000	0	0.000	0	9.877	-3.000
cisomagus	rural_settlement	settlement	5.000	5.000	11.000	0	0.000	0	10.087	-3.000
cissia	rural_settlement	settlement	3.000	3.600	27.000	2	0.000	0	11.034	-3.000
cistula	rural_settlement	settlement	2.000	1.600	3.000	0	0.000	0	5.179	-8.000
citras	rural_settlement	settlement	2.000	1.600	5.000	0	0.000	0	5.319	-8.000
civitas_auderiensium	rural_settlement	settlement	5.000	5.000	0.000	0	0.000	0	9.317	-3.000
clandate	rural_settlement	settlement	5.000	5.200	8.000	0	0.000	0	10.048	-3.000
claritas_iulia	rural_settlement	settlement	7.000	7.600	19.000	0	0.000	0	12.519	-3.000
clastidium	rural_settlement	settlement	5.000	6.600	9.000	0	0.000	0	11.176	-3.000
claudi	rural_settlement	settlement	5.000	6.200	3.000	0	0.000	0	10.475	-3.000
claudia	rural_settlement	settlement	5.000	5.000	11.000	0	0.000	0	10.087	-3.000
claudiomagus	rural_settlement	settlement	6.000	6.000	9.000	0	0.000	0	10.749	-3.000
clavenna	rural_settlement	settlement	8.000	11.400	7.000	0	0.000	0	13.582	-3.000
cleopatris	rural_settlement	settlement	2.000	3.400	28.000	0	0.000	0	9.664	-3.000
clepidava	rural_settlement	settlement	4.000	3.600	3.000	0	0.000	0	8.145	-3.000
clevora	rural_settlement	settlement	4.000	6.800	10.000	0	0.000	0	11.381	-3.000
clinno	rural_settlement	settlement	5.000	5.000	11.000	0	0.000	0	10.087	-3.000
clunia	rural_settlement	settlement	3.000	3.400	11.000	0	0.000	0	8.474	-3.000
clunia_raetia	rural_settlement	settlement	4.000	3.400	7.000	0	0.000	0	8.194	-3.000
clusium	city	city	25.000	34.400	33.000	0	0.000	0	22.357	5.000
cobandia_maior	rural_settlement	settlement	3.000	2.600	3.000	0	0.000	0	6.871	-8.000
cobandia_minor	rural_settlement	settlement	3.000	2.400	3.000	0	0.000	0	6.574	-8.000
cobelcorum	rural_settlement	settlement	4.000	4.200	11.000	0	0.000	0	9.343	-3.000
cocala	rural_settlement	settlement	8.000	10.600	19.000	0	0.000	0	14.075	-3.000
coccium	rural_settlement	settlement	3.000	3.400	10.000	0	0.000	0	8.404	-3.000
codasi	rural_settlement	settlement	6.000	8.600	23.000	0	0.000	0	13.371	-3.000
coeba	rural_settlement	settlement	10.000	12.200	10.000	0	0.000	0	14.117	-3.000
coenonia	rural_settlement	settlement	2.000	2.600	5.000	0	0.000	0	7.011	-8.000
coequosa	rural_settlement	settlement	4.000	4.200	11.000	0	0.000	0	9.343	-3.000
cognia	rural_settlement	settlement	3.000	2.400	0.000	0	0.000	0	6.364	-8.000
colancorum	rural_settlement	settlement	1.000	0.800	0.000	0	0.000	0	3.056	-8.000
colapattinam	rural_settlement	settlement	7.000	11.200	21.000	0	0.000	0	14.477	-3.000
colapia	rural_settlement	settlement	4.000	7.600	8.000	0	0.000	0	11.749	-3.000
colatio	rural_settlement	settlement	7.000	9.000	6.000	0	0.000	0	12.393	-3.000
colenda	rural_settlement	settlement	7.000	6.600	11.000	0	0.000	0	11.316	-3.000
colicaria	rural_settlement	settlement	4.000	4.600	9.000	0	0.000	0	9.588	-3.000
colira	rural_settlement	settlement	2.000	1.800	28.000	0	0.000	0	7.314	-8.000
colit	rural_settlement	settlement	3.000	3.600	20.000	0	0.000	0	9.335	-3.000
collata	rural_settlement	settlement	3.000	3.400	0.000	0	0.000	0	7.704	-3.000
collippo	rural_settlement	settlement	6.000	5.800	11.000	0	0.000	0	10.738	-3.000
coloera	rural_settlement	settlement	5.000	5.200	17.000	0	0.000	0	10.678	-3.000
colophon	rural_settlement	settlement	5.000	8.400	26.000	0	0.000	0	13.472	-3.000
coloricum	rural_settlement	settlement	10.000	9.600	9.000	0	0.000	0	12.906	-3.000
colossae	town	city	7.000	12.600	31.000	2	0.000	0	18.451	1.000
columbarium	rural_settlement	settlement	4.000	4.200	11.000	0	0.000	0	9.343	-3.000
columnata	rural_settlement	settlement	5.000	6.800	11.000	0	0.000	0	11.451	-3.000
combretovium	rural_settlement	settlement	7.000	6.800	11.000	0	0.000	0	11.451	-3.000
combustica	rural_settlement	settlement	6.000	7.000	10.000	0	0.000	0	11.513	-3.000
comeniaca	rural_settlement	settlement	6.000	5.800	11.000	0	0.000	0	10.738	-3.000
comidava	rural_settlement	settlement	6.000	6.600	8.000	0	0.000	0	11.106	-3.000
comodoliacus	rural_settlement	settlement	4.000	4.200	11.000	0	0.000	0	9.343	-3.000
complutum	rural_settlement	settlement	4.000	4.200	11.000	0	0.000	0	9.343	-3.000
compsa	rural_settlement	settlement	13.000	19.600	24.000	0	0.000	0	17.412	-3.000
comum	rural_settlement	settlement	9.000	10.200	9.000	0	0.000	0	13.193	-3.000
conbaristum	rural_settlement	settlement	3.000	5.200	9.000	0	0.000	0	10.118	-3.000
concordia	rural_settlement	settlement	8.000	9.200	9.000	0	0.000	0	12.706	-3.000
condacum	rural_settlement	settlement	5.000	5.000	11.000	0	0.000	0	10.087	-3.000
condate	rural_settlement	settlement	5.000	5.000	11.000	0	0.000	0	10.087	-3.000
condate_arvernorum	rural_settlement	settlement	4.000	5.800	9.000	0	0.000	0	10.598	-3.000
condate_avaricum	rural_settlement	settlement	5.000	5.200	11.000	0	0.000	0	10.258	-3.000
condate_ordovicia	rural_settlement	settlement	3.000	3.400	10.000	0	0.000	0	8.404	-3.000
condate_redonum	rural_settlement	settlement	5.000	5.000	9.000	0	0.000	0	9.947	-3.000
confluenta	rural_settlement	settlement	3.000	2.400	9.000	0	0.000	0	6.994	-8.000
confluenta_celtiberia	rural_settlement	settlement	7.000	10.800	11.000	0	0.000	0	13.604	-3.000
confluentes	rural_settlement	settlement	3.000	3.400	11.000	0	0.000	0	8.474	-3.000
confluentia	rural_settlement	settlement	4.000	4.200	11.000	0	0.000	0	9.343	-3.000
confluentia_latobicorum	rural_settlement	settlement	4.000	5.200	8.000	0	0.000	0	10.048	-3.000
confluentia_malvensis	rural_settlement	settlement	6.000	6.200	6.000	0	0.000	0	10.685	-3.000
confluentia_margiana	rural_settlement	settlement	7.000	11.000	21.000	0	0.000	0	14.392	-3.000
confluentia_qataba	rural_settlement	settlement	5.000	7.600	10.000	0	0.000	0	11.889	-3.000
confluentia_roxolania	rural_settlement	settlement	4.000	4.200	8.000	0	0.000	0	9.133	-3.000
confluentia_subcarpathica	rural_settlement	settlement	2.000	1.600	0.000	0	0.000	0	4.969	-8.000
confluentiana	rural_settlement	settlement	7.000	7.800	6.000	0	0.000	0	11.729	-3.000
conimbriga	rural_settlement	settlement	11.000	12.800	11.000	0	0.000	0	14.418	-3.000
conna	rural_settlement	settlement	3.000	3.800	24.000	2	0.000	0	11.045	-3.000
consabura	rural_settlement	settlement	5.000	5.000	11.000	0	0.000	0	10.087	-3.000
consentia	rural_settlement	settlement	11.000	16.800	9.000	0	0.000	0	15.602	-3.000
consilinum	rural_settlement	settlement	15.000	21.200	9.000	0	0.000	0	16.750	-3.000
consoranni	rural_settlement	settlement	5.000	5.200	11.000	0	0.000	0	10.258	-3.000
constantia	rural_settlement	settlement	5.000	4.200	9.000	0	0.000	0	9.203	-3.000
contani	rural_settlement	settlement	2.000	1.800	1.000	0	0.000	0	5.424	-8.000
contestania_maior	rural_settlement	settlement	5.000	5.000	10.000	0	0.000	0	10.017	-3.000
contestania_minor	rural_settlement	settlement	5.000	5.000	10.000	0	0.000	0	10.017	-3.000
contra_pselchis	rural_settlement	settlement	5.000	6.000	15.000	0	0.000	0	11.169	-3.000
cophanta	rural_settlement	settlement	3.000	4.400	27.000	0	0.000	0	10.659	-3.000
coppi	rural_settlement	settlement	3.000	2.400	5.000	0	0.000	0	6.714	-8.000
cora_vicus	rural_settlement	settlement	5.000	5.000	11.000	0	0.000	0	10.087	-3.000
corcontia	rural_settlement	settlement	4.000	3.400	0.000	0	0.000	0	7.704	-3.000
corduba	rural_settlement	settlement	6.000	10.000	19.000	0	0.000	0	13.799	-3.000
coretia	rural_settlement	settlement	5.000	5.200	12.000	0	0.000	0	10.328	-3.000
corfinium	rural_settlement	settlement	11.000	16.600	9.000	0	0.000	0	15.543	-3.000
coriallum	rural_settlement	settlement	5.000	5.000	11.000	0	1.000	1	11.835	-3.000
coridorgis	rural_settlement	settlement	4.000	5.000	3.000	0	0.000	0	9.527	-3.000
corinium	rural_settlement	settlement	4.000	4.200	10.000	0	0.000	0	9.273	-3.000
coriondia	rural_settlement	settlement	2.000	1.600	10.000	0	0.000	0	5.669	-8.000
coriondia_australis	rural_settlement	settlement	2.000	1.600	8.000	0	0.000	0	5.529	-8.000
coriondia_borealis	rural_settlement	settlement	4.000	3.200	10.000	0	0.000	0	8.162	-3.000
coriosolitum	rural_settlement	settlement	5.000	5.000	13.000	0	0.000	0	10.227	-3.000
cornavii	rural_settlement	settlement	2.000	1.600	8.000	0	0.000	0	5.529	-8.000
corneliani	rural_settlement	settlement	8.000	12.800	24.000	0	0.000	0	15.328	-3.000
corniclanum	rural_settlement	settlement	3.000	3.600	18.000	0	0.000	0	9.195	-3.000
corniculani	rural_settlement	settlement	5.000	5.400	7.000	0	0.000	0	10.143	-3.000
corobillium	rural_settlement	settlement	4.000	4.200	9.000	0	0.000	0	9.203	-3.000
corra	rural_settlement	settlement	6.000	9.200	29.000	0	0.000	0	14.106	-3.000
corterate	rural_settlement	settlement	4.000	4.200	11.000	0	0.000	0	9.343	-3.000
cortona	town	city	18.000	24.800	29.000	0	0.000	0	20.432	3.000
cortoriacum	rural_settlement	settlement	7.000	8.800	11.000	0	0.000	0	12.638	-3.000
cortum	rural_settlement	settlement	3.000	4.600	17.000	0	0.000	0	10.148	-3.000
cosedia	rural_settlement	settlement	8.000	9.400	11.000	0	0.000	0	12.947	-3.000
cossaea	rural_settlement	settlement	5.000	6.600	29.000	0	0.000	0	12.576	-3.000
cossium	rural_settlement	settlement	8.000	10.200	9.000	0	0.000	0	13.193	-3.000
cossyra	rural_settlement	settlement	3.000	5.200	26.000	0	1.000	1	13.055	-3.000
cotesia	rural_settlement	settlement	6.000	6.800	8.000	0	0.000	0	11.241	-3.000
cotesiana	rural_settlement	settlement	7.000	9.400	6.000	0	0.000	0	12.597	-3.000
cotrica	rural_settlement	settlement	3.000	2.800	19.000	0	0.000	0	8.272	-3.000
cottabura	rural_settlement	settlement	8.000	9.200	17.000	0	0.000	0	13.266	-3.000
coula	rural_settlement	settlement	8.000	12.600	19.000	0	1.000	1	16.650	-3.000
couneia	rural_settlement	settlement	5.000	5.000	11.000	0	0.000	0	10.087	-3.000
cracovia	rural_settlement	settlement	2.000	1.600	0.000	0	0.000	0	4.969	-8.000
creasch	rural_settlement	settlement	2.000	2.600	0.000	0	0.000	0	6.661	-8.000
cremona	rural_settlement	settlement	4.000	6.000	13.000	0	1.000	1	12.776	-3.000
creones_boreales	rural_settlement	settlement	2.000	1.600	8.000	0	1.000	1	7.276	-8.000
crisia	rural_settlement	settlement	7.000	7.000	0.000	0	0.000	0	10.813	-3.000
crisiana	rural_settlement	settlement	3.000	3.400	0.000	0	0.000	0	7.704	-3.000
crispiana	rural_settlement	settlement	5.000	5.200	9.000	0	0.000	0	10.118	-3.000
crixia	rural_settlement	settlement	8.000	11.200	8.000	0	0.000	0	13.567	-3.000
croatis	rural_settlement	settlement	8.000	10.800	27.000	0	0.000	0	14.724	-3.000
croton	city	city	19.000	35.200	33.000	0	1.000	1	24.221	8.000
crouciaconnum	rural_settlement	settlement	5.000	5.000	9.000	0	0.000	0	9.947	-3.000
cruciatum	rural_settlement	settlement	3.000	2.400	0.000	0	0.000	0	6.364	-8.000
crucinae	rural_settlement	settlement	9.000	8.400	9.000	0	0.000	0	12.282	-3.000
cruciniacum	rural_settlement	settlement	5.000	5.000	11.000	0	0.000	0	10.087	-3.000
crucium	rural_settlement	settlement	4.000	5.200	8.000	0	0.000	0	10.048	-3.000
crumerum	rural_settlement	settlement	4.000	4.800	9.000	0	0.000	0	9.771	-3.000
ctesiphon	city	city	22.000	27.400	40.000	0	1.000	1	23.449	7.000
cuicul	rural_settlement	settlement	5.000	6.800	19.000	0	0.000	0	12.011	-3.000
cularo	rural_settlement	settlement	8.000	8.600	7.000	0	0.000	0	12.251	-3.000
culucitanis	rural_settlement	settlement	4.000	6.000	26.000	0	0.000	0	11.939	-3.000
cumania	rural_settlement	settlement	3.000	3.600	1.000	0	0.000	0	8.005	-3.000
cunetio	rural_settlement	settlement	7.000	9.800	10.000	0	0.000	0	13.074	-3.000
cuni	rural_settlement	settlement	4.000	5.200	28.000	0	0.000	0	11.448	-3.000
cunna	rural_settlement	settlement	4.000	4.200	24.000	0	0.000	0	10.253	-3.000
cuppae	rural_settlement	settlement	4.000	5.400	10.000	0	0.000	0	10.353	-3.000
curana	rural_settlement	settlement	10.000	15.600	23.000	0	0.000	0	16.219	-3.000
cures	rural_settlement	settlement	4.000	7.000	24.000	0	0.000	0	12.493	-3.000
cureta	rural_settlement	settlement	1.000	0.800	3.000	0	0.000	0	3.266	-8.000
curia	rural_settlement	settlement	7.000	7.400	7.000	0	0.000	0	11.557	-3.000
curicum	rural_settlement	settlement	5.000	8.400	8.000	0	0.000	0	12.212	-3.000
curisiacum	rural_settlement	settlement	5.000	5.000	9.000	0	0.000	0	9.947	-3.000
curmiliaca	rural_settlement	settlement	7.000	7.600	9.000	0	0.000	0	11.819	-3.000
curubis	city	city	40.000	66.800	33.000	0	1.000	1	27.484	14.000
cutha	city	city	13.000	21.200	33.000	2	0.000	0	21.139	3.000
cybistra	rural_settlement	settlement	6.000	8.000	26.000	2	0.000	0	14.454	-3.000
cydamus	town	city	15.000	18.800	10.000	0	2.000	0	19.703	3.000
cymiza	rural_settlement	settlement	7.000	10.200	18.000	0	0.000	0	13.823	-3.000
cyrg	rural_settlement	settlement	2.000	1.600	5.000	0	0.000	0	5.319	-8.000
cyropolis_persica	rural_settlement	settlement	4.000	5.800	29.000	0	0.000	0	11.998	-3.000
cyrrhus	rural_settlement	settlement	2.000	2.800	24.000	0	0.000	0	8.622	-3.000
cyxt	rural_settlement	settlement	3.000	2.400	6.000	0	0.000	0	6.784	-8.000
dableis	rural_settlement	settlement	4.000	5.400	24.000	0	0.000	0	11.333	-3.000
dabrum	rural_settlement	settlement	6.000	7.600	33.000	0	0.000	0	13.499	-3.000
dadhipadra	rural_settlement	settlement	9.000	8.600	26.000	0	0.000	0	13.581	-3.000
dadima	rural_settlement	settlement	5.000	8.400	29.000	2	0.000	0	14.890	-3.000
dadybra	rural_settlement	settlement	5.000	6.600	3.000	0	0.000	0	10.756	-3.000
dagana	rural_settlement	settlement	4.000	6.000	24.000	0	0.000	0	11.799	-3.000
dahoua	rural_settlement	settlement	1.000	0.800	5.000	0	0.000	0	3.406	-8.000
dahyuupati	rural_settlement	settlement	2.000	1.600	5.000	0	0.000	0	5.319	-8.000
daidala	rural_settlement	settlement	4.000	6.000	26.000	0	0.000	0	11.939	-3.000
dakharaib	rural_settlement	settlement	2.000	1.600	6.000	0	0.000	0	5.389	-8.000
dakhtar	rural_settlement	settlement	10.000	16.200	20.000	0	0.000	0	16.194	-3.000
dalanda	rural_settlement	settlement	6.000	6.000	18.000	0	0.000	0	11.379	-3.000
dalhi	rural_settlement	settlement	3.000	2.600	6.000	0	0.000	0	7.081	-8.000
dalmoxor	rural_settlement	settlement	2.000	1.600	7.000	0	0.000	0	5.459	-8.000
daltonganj	rural_settlement	settlement	5.000	6.000	8.000	0	0.000	0	10.679	-3.000
damak	rural_settlement	settlement	9.000	10.600	8.000	0	0.000	0	13.305	-3.000
damar	rural_settlement	settlement	4.000	4.400	10.000	0	0.000	0	9.469	-3.000
damascus	city	city	18.000	25.600	37.000	2	0.000	0	22.359	5.000
damasia	rural_settlement	settlement	8.000	9.600	9.000	0	0.000	0	12.906	-3.000
damnonii	rural_settlement	settlement	2.000	1.600	8.000	0	0.000	0	5.529	-8.000
damoh	town	city	22.000	30.200	15.000	0	0.000	0	20.440	3.000
dan	town	city	4.000	4.400	29.000	2	0.000	0	13.508	-6.000
danai_0	rural_settlement	settlement	3.000	3.600	9.000	0	0.000	0	8.565	-3.000
danai_1	rural_settlement	settlement	2.000	1.800	5.000	0	0.000	0	5.704	-8.000
danano	rural_settlement	settlement	2.000	1.600	7.000	0	0.000	0	5.459	-8.000
dandutia	rural_settlement	settlement	2.000	2.600	0.000	0	0.000	0	6.661	-8.000
dangra	rural_settlement	settlement	2.000	1.600	8.000	0	0.000	0	5.529	-8.000
dantapura	rural_settlement	settlement	13.000	19.200	18.000	0	0.000	0	16.890	-3.000
danum	rural_settlement	settlement	3.000	3.400	6.000	0	0.000	0	8.124	-3.000
daphnai	rural_settlement	settlement	13.000	20.400	33.000	0	0.000	0	18.240	-3.000
dara	rural_settlement	settlement	5.000	8.400	19.000	0	0.000	0	12.982	-3.000
darabgird	rural_settlement	settlement	7.000	6.800	29.000	0	0.000	0	12.711	-3.000
darada	rural_settlement	settlement	4.000	5.400	6.000	0	0.000	0	10.073	-3.000
darak	rural_settlement	settlement	3.000	3.600	27.000	0	0.000	0	9.825	-3.000
darangia	rural_settlement	settlement	3.000	2.600	23.000	0	0.000	0	8.271	-3.000
darantasia	rural_settlement	settlement	4.000	3.600	7.000	0	0.000	0	8.425	-3.000
darentiaca	rural_settlement	settlement	6.000	9.200	9.000	0	0.000	0	12.706	-3.000
darga	rural_settlement	settlement	2.000	1.600	5.000	0	0.000	0	5.319	-8.000
daria	rural_settlement	settlement	8.000	6.600	22.000	0	0.000	0	12.086	-3.000
darinia_australis	rural_settlement	settlement	2.000	1.600	10.000	0	0.000	0	5.669	-8.000
darinia_borealis	rural_settlement	settlement	2.000	1.600	10.000	0	0.000	0	5.669	-8.000
dariorigum	rural_settlement	settlement	5.000	5.000	11.000	0	1.000	1	11.835	-3.000
darium	rural_settlement	settlement	8.000	14.200	29.000	0	0.000	0	16.181	-3.000
darkus	rural_settlement	settlement	4.000	7.400	24.000	2	0.000	0	13.955	-3.000
darman	rural_settlement	settlement	3.000	5.200	18.000	0	0.000	0	10.748	-3.000
darnis	rural_settlement	settlement	3.000	6.000	21.000	0	0.000	0	11.589	-3.000
daroideia	rural_settlement	settlement	5.000	5.200	27.000	0	0.000	0	11.378	-3.000
darou	town	city	8.000	11.000	25.000	0	0.000	0	16.172	-2.000
darur	rural_settlement	settlement	4.000	5.400	11.000	0	0.000	0	10.423	-3.000
dasapura	rural_settlement	settlement	15.000	23.800	26.000	0	0.000	0	18.516	-3.000
dashband	rural_settlement	settlement	3.000	5.200	19.000	0	0.000	0	10.818	-3.000
dasht	rural_settlement	settlement	9.000	15.200	16.000	2	0.000	0	16.811	-3.000
daskara	rural_settlement	settlement	4.000	4.600	31.000	2	0.000	0	12.337	-3.000
daskousa	rural_settlement	settlement	3.000	2.800	18.000	0	0.000	0	8.202	-3.000
daskyleion	town	city	4.000	6.000	29.000	3	0.000	0	15.174	-4.000
dasmenda	town	city	8.000	12.200	20.000	0	0.000	0	16.317	-2.000
dasminium	rural_settlement	settlement	5.000	5.000	10.000	0	0.000	0	10.017	-3.000
dasteira	rural_settlement	settlement	6.000	10.800	18.000	0	0.000	0	14.094	-3.000
datah	rural_settlement	settlement	2.000	1.600	5.000	0	0.000	0	5.319	-8.000
dauaba	rural_settlement	settlement	9.000	11.200	2.000	0	0.000	0	13.147	-3.000
daugava	rural_settlement	settlement	1.000	0.800	0.000	0	0.000	0	3.056	-8.000
dausa	town	city	28.000	36.000	29.000	0	0.000	0	22.307	5.000
dausara	rural_settlement	settlement	5.000	8.000	26.000	3	0.000	0	14.770	-3.000
davaka	rural_settlement	settlement	7.000	9.200	9.000	0	0.000	0	12.706	-3.000
dawan	rural_settlement	settlement	8.000	11.400	19.000	0	0.000	0	14.422	-3.000
dawasir	rural_settlement	settlement	9.000	7.800	8.000	0	0.000	0	11.869	-3.000
dayawadi	rural_settlement	settlement	3.000	2.800	7.000	0	0.000	0	7.432	-8.000
dayyub	rural_settlement	settlement	2.000	1.600	7.000	0	0.000	0	5.459	-8.000
dazimon	rural_settlement	settlement	5.000	5.400	9.000	0	0.000	0	10.283	-3.000
dbark	rural_settlement	settlement	6.000	9.600	18.000	0	0.000	0	13.536	-3.000
debarwa	rural_settlement	settlement	8.000	8.000	16.000	0	0.000	0	12.546	-3.000
debdeb	rural_settlement	settlement	6.000	4.800	10.000	0	0.000	0	9.841	-3.000
debelton	rural_settlement	settlement	5.000	7.600	18.000	0	0.000	0	12.449	-3.000
debiri	rural_settlement	settlement	4.000	6.000	28.000	0	0.000	0	12.079	-3.000
decaniacum	rural_settlement	settlement	5.000	5.000	11.000	0	0.000	0	10.087	-3.000
decem_pagi	rural_settlement	settlement	5.000	5.000	9.000	0	0.000	0	9.947	-3.000
decetia	rural_settlement	settlement	7.000	7.800	11.000	0	0.000	0	12.079	-3.000
dechret_kamra	rural_settlement	settlement	2.000	1.600	3.000	0	0.000	0	5.179	-8.000
decidava	rural_settlement	settlement	5.000	7.600	8.000	0	0.000	0	11.749	-3.000
dedan	rural_settlement	settlement	5.000	7.000	18.000	0	0.000	0	12.073	-3.000
dedigama	rural_settlement	settlement	6.000	9.600	21.000	0	0.000	0	13.746	-3.000
dedoplis	rural_settlement	settlement	4.000	5.200	20.000	0	0.000	0	10.888	-3.000
dedris	rural_settlement	settlement	1.000	0.800	10.000	0	0.000	0	3.756	-8.000
deh_bozan	rural_settlement	settlement	9.000	11.600	29.000	2	0.000	0	16.414	-3.000
deire	rural_settlement	settlement	5.000	7.000	18.000	0	1.000	1	13.821	-3.000
dela	rural_settlement	settlement	4.000	5.400	8.000	0	0.000	0	10.213	-3.000
delminion	rural_settlement	settlement	6.000	6.000	8.000	0	0.000	0	10.679	-3.000
delos	town	city	10.000	15.200	24.000	0	1.000	1	19.410	2.000
delphi	city	city	19.000	35.800	37.000	0	0.000	0	22.839	6.000
demetrias_arachosias	rural_settlement	settlement	6.000	6.400	19.000	0	0.000	0	11.738	-3.000
demne	rural_settlement	settlement	4.000	3.200	17.000	0	0.000	0	8.652	-3.000
demora	rural_settlement	settlement	3.000	3.400	7.000	0	0.000	0	8.194	-3.000
dena	rural_settlement	settlement	1.000	0.800	6.000	0	0.000	0	3.476	-8.000
denabaran	rural_settlement	settlement	9.000	12.600	27.000	0	0.000	0	15.462	-3.000
denai	rural_settlement	settlement	4.000	6.000	19.000	0	0.000	0	11.449	-3.000
denband	rural_settlement	settlement	4.000	5.800	28.000	0	0.000	0	11.928	-3.000
denevia	rural_settlement	settlement	6.000	5.800	12.000	0	0.000	0	10.808	-3.000
dentum	rural_settlement	settlement	6.000	5.800	10.000	0	0.000	0	10.668	-3.000
deogarh_0	city	city	31.000	61.600	41.000	0	1.000	1	27.629	14.000
deogarh_1	town	city	14.000	20.200	13.000	0	0.000	0	18.291	0.000
deogarh_2	rural_settlement	settlement	3.000	3.600	15.000	0	0.000	0	8.985	-3.000
deoghar	town	city	18.000	23.600	29.000	0	0.000	0	20.184	3.000
deori	rural_settlement	settlement	8.000	8.800	8.000	0	0.000	0	12.428	-3.000
deraza	rural_settlement	settlement	4.000	6.000	17.000	0	0.000	0	11.309	-3.000
derbe	rural_settlement	settlement	4.000	6.000	26.000	2	0.000	0	13.147	-3.000
derbent	rural_settlement	settlement	3.000	5.000	3.000	0	0.000	0	9.527	-3.000
derbentio	rural_settlement	settlement	7.000	7.600	8.000	0	0.000	0	11.749	-3.000
deresa	rural_settlement	settlement	1.000	0.800	7.000	0	0.000	0	3.546	-8.000
derg	rural_settlement	settlement	6.000	5.200	10.000	0	0.000	0	10.188	-3.000
derras	rural_settlement	settlement	2.000	2.800	28.000	0	0.000	0	8.902	-3.000
dertona	rural_settlement	settlement	7.000	10.200	12.000	0	0.000	0	13.403	-3.000
dertosa	town	city	14.000	16.600	13.000	0	1.000	1	19.071	1.000
deru	rural_settlement	settlement	5.000	5.800	29.000	0	0.000	0	11.998	-3.000
derventio	rural_settlement	settlement	3.000	3.400	6.000	0	1.000	1	9.872	-3.000
derventum	rural_settlement	settlement	6.000	5.800	9.000	0	0.000	0	10.598	-3.000
derwa	rural_settlement	settlement	2.000	1.600	5.000	0	0.000	0	5.319	-8.000
deshikli	rural_settlement	settlement	2.000	1.600	21.000	0	0.000	0	6.439	-8.000
deshrae	rural_settlement	settlement	8.000	10.600	20.000	0	0.000	0	14.145	-3.000
desna	rural_settlement	settlement	7.000	7.600	7.000	0	1.000	1	13.427	-3.000
detta	town	city	22.000	25.400	28.000	0	0.000	0	20.481	3.000
deva	rural_settlement	settlement	4.000	4.200	12.000	0	1.000	1	11.161	-3.000
deva_apulensis	rural_settlement	settlement	5.000	4.200	8.000	0	0.000	0	9.133	-3.000
devada	rural_settlement	settlement	5.000	4.200	0.000	0	0.000	0	8.573	-3.000
devagiri	town	city	15.000	18.600	16.000	0	0.000	0	18.093	0.000
devaprastha	rural_settlement	settlement	9.000	15.400	8.000	0	0.000	0	15.106	-3.000
devaprayaga	town	city	32.000	53.600	11.000	0	0.000	0	23.070	7.000
devasabha	rural_settlement	settlement	15.000	17.400	24.000	0	0.000	0	16.824	-3.000
deventiasteno	rural_settlement	settlement	5.000	6.600	9.000	0	0.000	0	11.176	-3.000
devnimori	town	city	22.000	27.400	29.000	0	0.000	0	20.931	4.000
devona	rural_settlement	settlement	6.000	6.400	0.000	0	0.000	0	10.408	-3.000
dhahab	rural_settlement	settlement	4.000	3.400	8.000	0	0.000	0	8.264	-3.000
dhahir	rural_settlement	settlement	4.000	4.400	31.000	2	0.000	0	12.148	-3.000
dhammanahadika	rural_settlement	settlement	18.000	24.800	26.000	0	0.000	0	18.722	-3.000
dhamna	rural_settlement	settlement	6.000	8.600	8.000	0	0.000	0	12.321	-3.000
dhampur	rural_settlement	settlement	7.000	11.000	24.000	0	0.000	0	14.602	-3.000
dhamtari	rural_settlement	settlement	5.000	6.800	8.000	0	0.000	0	11.241	-3.000
dhanduka	rural_settlement	settlement	7.000	8.000	26.000	0	0.000	0	13.246	-3.000
dhank	rural_settlement	settlement	3.000	2.400	7.000	0	0.000	0	6.854	-8.000
dhar	city	city	43.000	62.200	35.000	0	0.000	0	25.511	10.000
dharakh	rural_settlement	settlement	7.000	9.400	2.000	0	0.000	0	12.317	-3.000
dharghat	rural_settlement	settlement	2.000	1.600	6.000	0	0.000	0	5.389	-8.000
dhavagarta	town	city	14.000	21.200	29.000	0	0.000	0	19.650	3.000
dhawalpur	rural_settlement	settlement	11.000	13.800	24.000	0	0.000	0	15.692	-3.000
dhenka	rural_settlement	settlement	3.000	3.600	15.000	0	0.000	0	8.985	-3.000
dhokia	rural_settlement	settlement	2.000	1.600	5.000	0	0.000	0	5.319	-8.000
dhuburi	rural_settlement	settlement	7.000	7.000	9.000	0	0.000	0	11.443	-3.000
diablintum	rural_settlement	settlement	5.000	6.200	11.000	0	0.000	0	11.035	-3.000
diakopa	rural_settlement	settlement	4.000	4.600	9.000	0	0.000	0	9.588	-3.000
diana_veteranorum	rural_settlement	settlement	3.000	5.000	21.000	0	0.000	0	10.787	-3.000
dictium	rural_settlement	settlement	5.000	6.600	10.000	0	0.000	0	11.246	-3.000
didai	rural_settlement	settlement	3.000	3.400	1.000	0	0.000	0	7.774	-3.000
dider	rural_settlement	settlement	1.000	0.800	5.000	0	0.000	0	3.406	-8.000
didima	rural_settlement	settlement	3.000	3.400	18.000	0	0.000	0	8.964	-3.000
didunia	rural_settlement	settlement	3.000	2.400	0.000	0	0.000	0	6.364	-8.000
diduniana	rural_settlement	settlement	4.000	4.200	0.000	0	0.000	0	8.573	-3.000
dierna	rural_settlement	settlement	9.000	10.600	8.000	0	0.000	0	13.305	-3.000
digdida_selorum	rural_settlement	settlement	3.000	2.600	10.000	0	0.000	0	7.361	-8.000
dighavapi	town	city	5.000	8.200	31.000	0	0.000	0	15.210	-4.000
dihistan	rural_settlement	settlement	8.000	14.400	6.000	0	0.000	0	14.639	-3.000
dikoye	rural_settlement	settlement	3.000	2.600	7.000	0	0.000	0	7.151	-8.000
dila	rural_settlement	settlement	7.000	5.800	8.000	0	0.000	0	10.528	-3.000
dilbat	rural_settlement	settlement	2.000	2.800	31.000	0	0.000	0	9.112	-3.000
dilenton	rural_settlement	settlement	5.000	6.800	12.000	0	0.000	0	11.521	-3.000
dilyar	rural_settlement	settlement	3.000	2.800	21.000	0	0.000	0	8.412	-3.000
dimalion	rural_settlement	settlement	3.000	5.200	22.000	0	0.000	0	11.028	-3.000
dinder	rural_settlement	settlement	6.000	5.200	10.000	0	0.000	0	10.188	-3.000
dinia	rural_settlement	settlement	2.000	3.200	5.000	0	0.000	0	7.812	-3.000
dinogetia	rural_settlement	settlement	7.000	7.600	3.000	0	0.000	0	11.399	-3.000
diodurum	rural_settlement	settlement	6.000	7.400	11.000	0	0.000	0	11.837	-3.000
dion	city	city	11.000	20.000	36.000	0	0.000	0	19.852	2.000
dionysias	rural_settlement	settlement	6.000	11.200	33.000	0	0.000	0	15.317	-3.000
dionysopolis	town	city	6.000	9.000	31.000	0	0.000	0	15.643	-3.000
dioscoridus	town	city	7.000	7.000	21.000	0	1.000	1	15.531	-3.000
dioscurias	town	city	8.000	16.400	26.000	0	1.000	1	19.921	3.000
diospolis_0	rural_settlement	settlement	4.000	5.800	24.000	0	0.000	0	11.648	-3.000
diospolis_1	city	city	10.000	17.200	36.000	0	0.000	0	19.107	0.000
diospolis_kato	rural_settlement	settlement	6.000	9.600	27.000	0	1.000	1	15.914	-3.000
diospolis_lykou	town	city	4.000	6.000	29.000	3	0.000	0	15.174	-4.000
diospolis_magna	city	city	15.000	25.600	38.000	0	0.000	0	21.221	4.000
dipo	rural_settlement	settlement	5.000	5.000	11.000	0	0.000	0	10.087	-3.000
direla	rural_settlement	settlement	11.000	18.600	20.000	0	0.000	0	16.873	-3.000
dirma	rural_settlement	settlement	4.000	4.200	18.000	0	0.000	0	9.833	-3.000
dirma_omana	rural_settlement	settlement	7.000	7.200	8.000	0	0.000	0	11.501	-3.000
dish	rural_settlement	settlement	2.000	1.800	19.000	0	0.000	0	6.684	-8.000
diti	rural_settlement	settlement	2.000	1.600	5.000	0	0.000	0	5.319	-8.000
divionense	rural_settlement	settlement	5.000	5.000	13.000	0	0.000	0	10.227	-3.000
divodurum	rural_settlement	settlement	9.000	11.800	11.000	0	0.000	0	14.027	-3.000
divona	rural_settlement	settlement	8.000	10.000	11.000	0	0.000	0	13.239	-3.000
dizpul	rural_settlement	settlement	4.000	6.000	29.000	0	0.000	0	12.149	-3.000
djamaa	rural_settlement	settlement	1.000	0.800	5.000	0	0.000	0	3.406	-8.000
djanet	rural_settlement	settlement	4.000	3.200	6.000	0	0.000	0	7.882	-3.000
djelfa	rural_settlement	settlement	7.000	5.800	3.000	0	0.000	0	10.178	-3.000
dmut	rural_settlement	settlement	3.000	3.400	7.000	0	0.000	0	8.194	-3.000
dnar	rural_settlement	settlement	2.000	1.600	10.000	0	0.000	0	5.669	-8.000
dnem	rural_settlement	settlement	3.000	4.400	3.000	0	0.000	0	8.979	-3.000
dnipro	rural_settlement	settlement	4.000	3.400	7.000	0	0.000	0	8.194	-3.000
dob	rural_settlement	settlement	1.000	0.800	0.000	0	0.000	0	3.056	-8.000
doberos	rural_settlement	settlement	7.000	8.600	24.000	0	0.000	0	13.441	-3.000
dodona	rural_settlement	settlement	12.000	18.000	22.000	0	0.000	0	16.851	-3.000
dodong	rural_settlement	settlement	11.000	13.600	10.000	0	0.000	0	14.641	-3.000
dokimeion	town	city	6.000	8.600	29.000	2	0.000	0	16.500	-2.000
dolarum	rural_settlement	settlement	1.000	0.800	0.000	0	0.000	0	3.056	-8.000
dolaucothi	rural_settlement	settlement	5.000	6.000	8.000	0	0.000	0	10.679	-3.000
doliche	town	city	14.000	21.000	29.000	2	0.000	0	20.812	4.000
dolom	rural_settlement	settlement	3.000	2.400	0.000	0	0.000	0	6.364	-8.000
dolum	rural_settlement	settlement	1.000	0.800	0.000	0	0.000	0	3.056	-8.000
dolus	rural_settlement	settlement	5.000	5.000	11.000	0	0.000	0	10.087	-3.000
domanion	rural_settlement	settlement	9.000	12.200	18.000	0	0.000	0	14.677	-3.000
domavia	rural_settlement	settlement	3.000	5.000	9.000	0	0.000	0	9.947	-3.000
domum	rural_settlement	settlement	5.000	5.000	11.000	0	0.000	0	10.087	-3.000
donar	rural_settlement	settlement	1.000	0.800	0.000	0	0.000	0	3.056	-8.000
donaria	rural_settlement	settlement	3.000	2.400	0.000	0	0.000	0	6.364	-8.000
donda	rural_settlement	settlement	1.000	0.800	6.000	0	0.000	0	3.476	-8.000
donetsk	rural_settlement	settlement	3.000	2.400	7.000	0	0.000	0	6.854	-8.000
donga	rural_settlement	settlement	8.000	7.400	7.000	0	0.000	0	11.557	-3.000
donol	rural_settlement	settlement	2.000	1.800	3.000	0	0.000	0	5.564	-8.000
donom	rural_settlement	settlement	3.000	4.400	5.000	0	0.000	0	9.119	-3.000
donts	rural_settlement	settlement	2.000	2.600	0.000	0	0.000	0	6.661	-8.000
dora	town	city	5.000	6.400	31.000	2	0.000	0	15.286	-3.000
dorista	rural_settlement	settlement	3.000	3.600	31.000	0	0.000	0	10.105	-3.000
dorn	rural_settlement	settlement	4.000	5.200	12.000	0	0.000	0	10.328	-3.000
dorocas	rural_settlement	settlement	7.000	6.600	11.000	0	0.000	0	11.316	-3.000
dorsten	rural_settlement	settlement	3.000	3.800	0.000	0	0.000	0	8.157	-3.000
dortenco	rural_settlement	settlement	5.000	5.200	11.000	0	0.000	0	10.258	-3.000
dortium	rural_settlement	settlement	7.000	8.800	12.000	0	0.000	0	12.708	-3.000
doruneh	rural_settlement	settlement	7.000	10.800	29.000	0	0.000	0	14.864	-3.000
dorylaion	town	city	7.000	8.800	29.000	0	0.000	0	15.398	-3.000
doudousa	rural_settlement	settlement	3.000	3.600	20.000	0	0.000	0	9.335	-3.000
doum	rural_settlement	settlement	3.000	2.600	7.000	0	0.000	0	7.151	-8.000
dounga	rural_settlement	settlement	11.000	18.000	11.000	0	0.000	0	16.081	-3.000
doura	rural_settlement	settlement	3.000	5.000	23.000	2	0.000	0	12.136	-3.000
drapsake	town	city	22.000	27.400	24.000	0	0.000	0	20.581	4.000
dravia	rural_settlement	settlement	7.000	10.200	9.000	0	0.000	0	13.193	-3.000
drena	rural_settlement	settlement	3.000	6.000	6.000	0	0.000	0	10.539	-3.000
drepanum	rural_settlement	settlement	3.000	2.600	28.000	0	0.000	0	8.621	-3.000
drepsiana	rural_settlement	settlement	5.000	5.400	17.000	0	0.000	0	10.843	-3.000
drinum	rural_settlement	settlement	4.000	5.400	11.000	0	0.000	0	10.423	-3.000
drobeta	rural_settlement	settlement	4.000	4.400	6.000	0	0.000	0	9.189	-3.000
druka	rural_settlement	settlement	2.000	3.600	7.000	0	0.000	0	8.425	-3.000
druzhiya	rural_settlement	settlement	2.000	3.400	6.000	0	0.000	0	8.124	-3.000
dryna	rural_settlement	settlement	3.000	2.400	0.000	0	0.000	0	6.364	-8.000
dudahi	rural_settlement	settlement	15.000	18.600	24.000	0	0.000	0	17.153	-3.000
dujal	rural_settlement	settlement	2.000	1.800	10.000	0	0.000	0	6.054	-8.000
dulahazara	rural_settlement	settlement	2.000	1.600	7.000	0	0.000	0	5.459	-8.000
dulgia	rural_settlement	settlement	5.000	7.000	0.000	0	0.000	0	10.813	-3.000
dumbrava	rural_settlement	settlement	5.000	6.800	12.000	0	0.000	0	11.521	-3.000
dumna_australis	rural_settlement	settlement	2.000	1.600	0.000	0	0.000	0	4.969	-8.000
dumna_borealis	rural_settlement	settlement	2.000	1.600	0.000	0	0.000	0	4.969	-8.000
dumnissus	rural_settlement	settlement	5.000	5.000	9.000	0	0.000	0	9.947	-3.000
dumuna	rural_settlement	settlement	6.000	8.800	20.000	0	0.000	0	13.268	-3.000
dunense_castrum	rural_settlement	settlement	4.000	4.200	11.000	0	0.000	0	9.343	-3.000
dunites	rural_settlement	settlement	7.000	8.600	11.000	0	0.000	0	12.531	-3.000
dunqash	rural_settlement	settlement	4.000	3.600	28.000	0	0.000	0	9.895	-3.000
dur	town	city	8.000	12.400	14.000	0	1.000	1	17.723	-1.000
dur_kurigalzu	rural_settlement	settlement	6.000	6.800	33.000	0	0.000	0	12.991	-3.000
dur_sharrukin	rural_settlement	settlement	4.000	4.400	31.000	0	0.000	0	10.939	-3.000
dura	rural_settlement	settlement	1.000	1.000	31.000	2	0.000	0	6.983	-8.000
durai	rural_settlement	settlement	5.000	5.200	7.000	0	0.000	0	9.978	-3.000
duraybikah	rural_settlement	settlement	1.000	0.800	10.000	0	0.000	0	3.756	-8.000
durbye	rural_settlement	settlement	4.000	6.000	6.000	0	0.000	0	10.539	-3.000
dure	rural_settlement	settlement	2.000	1.600	0.000	0	0.000	0	4.969	-8.000
duretica	rural_settlement	settlement	1.000	0.800	0.000	0	0.000	0	3.056	-8.000
duretie	rural_settlement	settlement	5.000	5.000	11.000	0	0.000	0	10.087	-3.000
durgapur	rural_settlement	settlement	9.000	9.800	8.000	0	0.000	0	12.934	-3.000
duri	rural_settlement	settlement	7.000	7.800	6.000	0	0.000	0	11.729	-3.000
durna	rural_settlement	settlement	2.000	1.600	8.000	0	0.000	0	5.529	-8.000
durnatha	town	city	13.000	14.600	11.000	0	0.000	0	16.556	-2.000
durnovaria	rural_settlement	settlement	6.000	7.400	9.000	0	1.000	1	13.444	-3.000
durobrivae	rural_settlement	settlement	5.000	7.600	6.000	0	0.000	0	11.609	-3.000
durocatalaunum	rural_settlement	settlement	4.000	4.200	9.000	0	0.000	0	9.203	-3.000
durocobrivae	rural_settlement	settlement	3.000	3.400	16.000	0	0.000	0	8.824	-3.000
durocoregum	rural_settlement	settlement	6.000	6.800	11.000	0	0.000	0	11.451	-3.000
durocornovium	rural_settlement	settlement	5.000	5.200	10.000	0	0.000	0	10.188	-3.000
durocortorum	rural_settlement	settlement	4.000	4.200	9.000	0	0.000	0	9.203	-3.000
duroliponte	rural_settlement	settlement	3.000	3.400	12.000	0	0.000	0	8.544	-3.000
duronum	rural_settlement	settlement	5.000	5.000	9.000	0	0.000	0	9.947	-3.000
durotincum	rural_settlement	settlement	7.000	6.600	9.000	0	0.000	0	11.176	-3.000
durovernum	town	city	11.000	13.000	16.000	0	1.000	1	18.091	0.000
durovigutum	rural_settlement	settlement	4.000	5.200	12.000	0	0.000	0	10.328	-3.000
durum	rural_settlement	settlement	16.000	26.200	27.000	0	0.000	0	19.067	-3.000
duweb	rural_settlement	settlement	2.000	1.600	7.000	0	0.000	0	5.459	-8.000
duzea	rural_settlement	settlement	2.000	1.600	0.000	0	0.000	0	4.969	-8.000
dvaraka	town	city	12.000	16.200	31.000	0	1.000	1	20.211	3.000
dwarbanga	rural_settlement	settlement	5.000	6.200	10.000	0	0.000	0	10.965	-3.000
dyagili	rural_settlement	settlement	1.000	0.800	0.000	0	0.000	0	3.056	-8.000
dymar	rural_settlement	settlement	3.000	2.400	6.000	0	0.000	0	6.784	-8.000
dyme_0	rural_settlement	settlement	9.000	10.200	28.000	0	0.000	0	14.523	-3.000
dyme_1	rural_settlement	settlement	7.000	13.600	24.000	0	0.000	0	15.621	-3.000
dyram	rural_settlement	settlement	2.000	2.600	3.000	0	0.000	0	6.871	-8.000
dyrghet	rural_settlement	settlement	3.000	5.600	0.000	0	0.000	0	9.813	-3.000
dyruzh	rural_settlement	settlement	3.000	4.200	2.000	0	0.000	0	8.713	-3.000
dysopon	rural_settlement	settlement	4.000	3.600	10.000	0	0.000	0	8.635	-3.000
dyuni	rural_settlement	settlement	6.000	12.000	6.000	0	0.000	0	13.758	-3.000
dzek	rural_settlement	settlement	2.000	1.600	5.000	0	0.000	0	5.319	-8.000
dzhaindy	rural_settlement	settlement	3.000	2.400	6.000	0	0.000	0	6.784	-8.000
dzhrapi	rural_settlement	settlement	4.000	6.000	18.000	0	0.000	0	11.379	-3.000
dzhrarat	rural_settlement	settlement	4.000	6.000	18.000	0	0.000	0	11.379	-3.000
dzukjos	rural_settlement	settlement	1.000	0.800	0.000	0	0.000	0	3.056	-8.000
dzyarzhynsk	rural_settlement	settlement	1.000	0.800	0.000	0	0.000	0	3.056	-8.000
eblana	rural_settlement	settlement	2.000	1.600	10.000	0	1.000	1	7.416	-8.000
eblania_occidentalis	rural_settlement	settlement	2.000	1.600	0.000	0	0.000	0	4.969	-8.000
eboda	rural_settlement	settlement	5.000	6.400	20.000	0	0.000	0	11.808	-3.000
ebora	rural_settlement	settlement	11.000	13.400	11.000	0	0.000	0	14.640	-3.000
eboracum	rural_settlement	settlement	5.000	6.000	6.000	0	1.000	1	12.286	-3.000
ebousmou_anassa	rural_settlement	settlement	2.000	1.600	21.000	0	0.000	0	6.439	-8.000
ebrovicia	rural_settlement	settlement	6.000	6.000	9.000	0	0.000	0	10.749	-3.000
ebura	rural_settlement	settlement	4.000	4.200	8.000	0	0.000	0	9.133	-3.000
eburobriga	rural_settlement	settlement	5.000	5.000	11.000	0	0.000	0	10.087	-3.000
eburobrittium	rural_settlement	settlement	6.000	5.800	11.000	0	0.000	0	10.738	-3.000
eburodunum	rural_settlement	settlement	6.000	10.000	7.000	0	0.000	0	12.959	-3.000
eburodunum_carnuntii	rural_settlement	settlement	2.000	1.600	0.000	0	0.000	0	4.969	-8.000
eburum	rural_settlement	settlement	3.000	2.400	0.000	0	0.000	0	6.364	-8.000
ebusus	town	city	11.000	16.600	29.000	0	1.000	1	20.191	3.000
ecavu	rural_settlement	settlement	1.000	0.800	5.000	0	0.000	0	3.406	-8.000
ecbatana	city	city	27.000	39.800	36.000	2	0.000	0	24.514	9.000
ecbatana_magorum	rural_settlement	settlement	7.000	9.400	29.000	0	0.000	0	14.207	-3.000
echen_khar	rural_settlement	settlement	2.000	3.400	6.000	0	0.000	0	8.124	-3.000
ecrune	rural_settlement	settlement	5.000	6.600	8.000	0	0.000	0	11.106	-3.000
ectonum	rural_settlement	settlement	1.000	0.800	0.000	0	0.000	0	3.056	-8.000
edeba	rural_settlement	settlement	5.000	5.000	8.000	0	0.000	0	9.877	-3.000
edessa	rural_settlement	settlement	10.000	16.600	28.000	0	0.000	0	16.873	-3.000
edeta	rural_settlement	settlement	5.000	6.000	11.000	0	0.000	0	10.889	-3.000
edetania_centralis	rural_settlement	settlement	7.000	6.600	11.000	0	0.000	0	11.316	-3.000
edetania_inferioris	rural_settlement	settlement	5.000	5.000	11.000	0	0.000	0	10.087	-3.000
edetania_superioris	rural_settlement	settlement	4.000	4.200	11.000	0	0.000	0	9.343	-3.000
edug	rural_settlement	settlement	1.000	0.800	6.000	0	0.000	0	3.476	-8.000
efa	rural_settlement	settlement	3.000	2.600	15.000	0	0.000	0	7.711	-3.000
egarosindur	rural_settlement	settlement	9.000	9.600	8.000	0	0.000	0	12.836	-3.000
egelesta	rural_settlement	settlement	10.000	13.000	11.000	0	0.000	0	14.493	-3.000
egesta	town	city	6.000	10.200	20.000	0	0.000	0	15.463	-3.000
egeta	rural_settlement	settlement	4.000	6.800	10.000	0	0.000	0	11.381	-3.000
egladia	rural_settlement	settlement	1.000	0.800	0.000	0	0.000	0	3.056	-8.000
egra	rural_settlement	settlement	3.000	2.800	18.000	0	0.000	0	8.202	-3.000
ehkere	rural_settlement	settlement	5.000	4.400	0.000	0	0.000	0	8.769	-3.000
eidos	rural_settlement	settlement	4.000	4.200	18.000	0	0.000	0	9.833	-3.000
eigat	rural_settlement	settlement	3.000	2.400	8.000	0	0.000	0	6.924	-8.000
eileithyiopolis	rural_settlement	settlement	4.000	5.200	31.000	0	0.000	0	11.658	-3.000
ein	rural_settlement	settlement	3.000	2.400	7.000	0	0.000	0	6.854	-8.000
ekdaoumaoua	rural_settlement	settlement	3.000	3.600	26.000	0	0.000	0	9.755	-3.000
ekkana	rural_settlement	settlement	8.000	10.800	19.000	0	0.000	0	14.164	-3.000
ektonopolis	rural_settlement	settlement	5.000	7.000	11.000	0	0.000	0	11.583	-3.000
ekur	rural_settlement	settlement	7.000	8.800	21.000	0	0.000	0	13.338	-3.000
elaea	town	city	6.000	7.600	26.000	3	1.000	1	17.782	-1.000
elaioussa	rural_settlement	settlement	5.000	7.000	25.000	0	1.000	1	14.311	-3.000
elankon	town	city	29.000	49.800	24.000	0	0.000	0	23.605	8.000
elassa	rural_settlement	settlement	2.000	1.600	28.000	0	0.000	0	6.929	-8.000
elateia	rural_settlement	settlement	8.000	14.000	24.000	0	0.000	0	15.762	-3.000
elboconis	rural_settlement	settlement	5.000	5.000	9.000	0	0.000	0	9.947	-3.000
elephanton_chora	rural_settlement	settlement	4.000	5.400	7.000	0	0.000	0	10.143	-3.000
elephanton_limen	rural_settlement	settlement	7.000	9.200	15.000	0	0.000	0	13.126	-3.000
eleusa	rural_settlement	settlement	5.000	5.000	11.000	0	0.000	0	10.087	-3.000
eleusis	rural_settlement	settlement	10.000	18.000	21.000	0	0.000	0	16.781	-3.000
elimberrum	rural_settlement	settlement	8.000	10.000	11.000	0	0.000	0	13.239	-3.000
elimia	rural_settlement	settlement	11.000	17.400	28.000	0	0.000	0	17.104	-3.000
elioucroca	rural_settlement	settlement	5.000	5.000	8.000	0	0.000	0	9.877	-3.000
elis	city	city	20.000	43.400	33.000	0	0.000	0	23.535	7.000
elotana	rural_settlement	settlement	5.000	5.000	11.000	0	0.000	0	10.087	-3.000
elousa	city	city	6.000	8.800	36.000	0	0.000	0	15.888	-3.000
elouza	rural_settlement	settlement	6.000	8.000	24.000	2	0.000	0	14.314	-3.000
elpes	rural_settlement	settlement	3.000	2.400	5.000	0	0.000	0	6.714	-8.000
elusio	rural_settlement	settlement	5.000	5.000	9.000	0	0.000	0	9.947	-3.000
elvira	rural_settlement	settlement	5.000	5.000	8.000	0	0.000	0	9.877	-3.000
elvruz	rural_settlement	settlement	1.000	0.800	8.000	0	0.000	0	3.616	-8.000
elymais	rural_settlement	settlement	3.000	5.200	29.000	0	0.000	0	11.518	-3.000
elysia	rural_settlement	settlement	1.000	0.800	5.000	0	0.000	0	3.406	-8.000
elysiana	rural_settlement	settlement	1.000	0.800	3.000	0	0.000	0	3.266	-8.000
ema	rural_settlement	settlement	5.000	7.600	5.000	0	0.000	0	11.539	-3.000
embadina	town	city	15.000	20.600	12.000	0	0.000	0	18.318	0.000
embi	rural_settlement	settlement	3.000	2.400	6.000	0	0.000	0	6.784	-8.000
embolima	rural_settlement	settlement	6.000	8.800	6.000	0	0.000	0	12.288	-3.000
embolos	rural_settlement	settlement	4.000	4.400	3.000	0	0.000	0	8.979	-3.000
emmaous	town	city	15.000	24.400	30.000	0	0.000	0	20.421	3.000
emona	rural_settlement	settlement	8.000	8.800	7.000	0	0.000	0	12.358	-3.000
empelathra	rural_settlement	settlement	7.000	9.800	26.000	0	0.000	0	14.194	-3.000
emporiae	town	city	17.000	30.000	31.000	0	1.000	1	23.274	8.000
emporium_discoduraterae	rural_settlement	settlement	4.000	3.200	8.000	0	0.000	0	8.022	-3.000
enbekshi	rural_settlement	settlement	2.000	1.600	6.000	0	0.000	0	5.389	-8.000
enda_cherqos	rural_settlement	settlement	9.000	16.000	20.000	0	0.000	0	16.133	-3.000
endere	rural_settlement	settlement	10.000	13.600	17.000	0	0.000	0	15.131	-3.000
endzhara	rural_settlement	settlement	2.000	2.600	1.000	0	0.000	0	6.731	-8.000
enim	rural_settlement	settlement	5.000	4.000	0.000	0	0.000	0	8.369	-3.000
enke	rural_settlement	settlement	7.000	7.200	0.000	0	0.000	0	10.941	-3.000
entella	town	city	5.000	9.200	20.000	0	0.000	0	14.976	-4.000
eowia	rural_settlement	settlement	3.000	2.400	3.000	0	1.000	1	8.321	-3.000
epamanduodurum	rural_settlement	settlement	4.000	4.200	9.000	0	0.000	0	9.203	-3.000
ephesos	city	city	5.000	9.200	41.000	2	1.000	1	19.403	1.000
ephraim	rural_settlement	settlement	3.000	4.400	25.000	0	0.000	0	10.519	-3.000
epidamnos	town	city	5.000	8.000	27.000	0	1.000	1	16.563	-2.000
epidauros	city	city	5.000	9.400	54.000	0	1.000	1	19.205	0.000
epidauros_illyrikos	town	city	6.000	8.600	29.000	0	1.000	1	17.039	-1.000
epidauros_limera	rural_settlement	settlement	9.000	17.000	24.000	0	1.000	1	18.458	-3.000
epidii	rural_settlement	settlement	2.000	1.600	8.000	0	0.000	0	5.529	-8.000
epidion_akron	rural_settlement	settlement	3.000	2.400	0.000	0	0.000	0	6.364	-8.000
epis	rural_settlement	settlement	7.000	12.800	20.000	0	0.000	0	15.048	-3.000
epora	town	city	12.000	23.800	25.000	0	0.000	0	19.946	3.000
eporedia	rural_settlement	settlement	11.000	15.400	9.000	0	0.000	0	15.176	-3.000
eposium	rural_settlement	settlement	5.000	5.000	9.000	0	0.000	0	9.947	-3.000
epternacus	rural_settlement	settlement	4.000	4.200	11.000	0	0.000	0	9.343	-3.000
equestris	rural_settlement	settlement	3.000	5.200	9.000	0	0.000	0	10.118	-3.000
equizeto	rural_settlement	settlement	6.000	7.200	11.000	0	0.000	0	11.711	-3.000
equosera	rural_settlement	settlement	7.000	9.400	11.000	0	0.000	0	12.947	-3.000
erakaccha	town	city	27.000	43.600	29.000	0	0.000	0	23.278	8.000
erana	rural_settlement	settlement	7.000	8.000	24.000	3	0.000	0	14.630	-3.000
erascum	rural_settlement	settlement	2.000	1.800	7.000	0	0.000	0	5.844	-8.000
eratyra	rural_settlement	settlement	12.000	19.000	24.000	0	0.000	0	17.258	-3.000
erbend	rural_settlement	settlement	5.000	8.400	18.000	0	0.000	0	12.912	-3.000
erbia	rural_settlement	settlement	1.000	0.800	3.000	0	0.000	0	3.266	-8.000
erebe	rural_settlement	settlement	5.000	8.000	28.000	0	0.000	0	13.386	-3.000
erebuni	rural_settlement	settlement	3.000	3.600	20.000	0	0.000	0	9.335	-3.000
eresos	rural_settlement	settlement	3.000	3.600	15.000	0	0.000	0	8.985	-3.000
eretria	town	city	9.000	15.600	31.000	0	1.000	1	20.027	3.000
ergeta	rural_settlement	settlement	5.000	6.800	18.000	0	0.000	0	11.941	-3.000
eridu	rural_settlement	settlement	8.000	13.800	28.000	0	0.000	0	15.972	-3.000
erim	rural_settlement	settlement	3.000	3.400	2.000	0	0.000	0	7.844	-3.000
erite	rural_settlement	settlement	5.000	5.200	26.000	0	0.000	0	11.308	-3.000
eriza	rural_settlement	settlement	3.000	3.600	18.000	0	0.000	0	9.195	-3.000
eriza_karias	rural_settlement	settlement	3.000	3.600	13.000	0	0.000	0	8.845	-3.000
ermel	rural_settlement	settlement	4.000	3.200	0.000	0	0.000	0	7.462	-8.000
ernodurum	rural_settlement	settlement	7.000	7.000	9.000	0	0.000	0	11.443	-3.000
eroe	rural_settlement	settlement	8.000	12.800	17.000	0	0.000	0	14.838	-3.000
errachidia	rural_settlement	settlement	3.000	2.600	3.000	0	0.000	0	6.871	-8.000
errich	rural_settlement	settlement	9.000	7.600	3.000	0	0.000	0	11.399	-3.000
eruandashat	rural_settlement	settlement	5.000	8.200	18.000	0	0.000	0	12.800	-3.000
erythrai	town	city	7.000	8.600	25.000	0	1.000	1	16.759	-2.000
eryx	rural_settlement	settlement	3.000	3.600	26.000	0	1.000	1	11.503	-3.000
esbous	rural_settlement	settlement	5.000	6.800	25.000	0	0.000	0	12.431	-3.000
esheta	rural_settlement	settlement	5.000	8.200	21.000	0	0.000	0	13.010	-3.000
eshgabad	rural_settlement	settlement	4.000	4.800	28.000	0	0.000	0	11.101	-3.000
essayal	rural_settlement	settlement	3.000	2.400	10.000	0	0.000	0	7.064	-8.000
esta	rural_settlement	settlement	5.000	5.200	11.000	0	0.000	0	10.258	-3.000
estia	rural_settlement	settlement	4.000	4.200	11.000	0	0.000	0	9.343	-3.000
esuvia_australis	rural_settlement	settlement	5.000	5.000	11.000	0	0.000	0	10.087	-3.000
esuvia_borealis	rural_settlement	settlement	5.000	5.000	11.000	0	0.000	0	10.087	-3.000
etalava	rural_settlement	settlement	5.000	6.800	19.000	0	0.000	0	12.011	-3.000
etobesa	rural_settlement	settlement	5.000	5.000	10.000	0	1.000	1	11.765	-3.000
etonia	rural_settlement	settlement	4.000	5.400	9.000	0	0.000	0	10.283	-3.000
etuca	rural_settlement	settlement	13.000	17.000	9.000	0	0.000	0	15.660	-3.000
etymandria	rural_settlement	settlement	4.000	3.600	28.000	0	0.000	0	9.895	-3.000
euagina	rural_settlement	settlement	4.000	6.000	18.000	2	0.000	0	12.587	-3.000
euchaita	rural_settlement	settlement	3.000	3.600	9.000	0	0.000	0	8.565	-3.000
eudosia_australis	rural_settlement	settlement	3.000	3.400	5.000	0	0.000	0	8.054	-3.000
eudosia_borealis	rural_settlement	settlement	2.000	1.800	5.000	0	0.000	0	5.704	-8.000
eudosia_centralis	rural_settlement	settlement	3.000	2.400	3.000	0	0.000	0	6.574	-8.000
eudosia_cimbrica	rural_settlement	settlement	4.000	5.200	5.000	0	1.000	1	11.585	-3.000
eudracinum	rural_settlement	settlement	4.000	3.400	7.000	0	0.000	0	8.194	-3.000
euergetae	rural_settlement	settlement	1.000	0.800	28.000	0	0.000	0	5.016	-8.000
euesperides	town	city	19.000	34.600	24.000	0	0.000	0	21.756	5.000
eughum	rural_settlement	settlement	3.000	2.400	3.000	0	0.000	0	6.574	-8.000
eukarpia	rural_settlement	settlement	5.000	5.200	24.000	0	0.000	0	11.168	-3.000
eulepa	rural_settlement	settlement	3.000	3.600	18.000	0	0.000	0	9.195	-3.000
eunixia	rural_settlement	settlement	4.000	3.200	3.000	0	0.000	0	7.672	-3.000
euphorbion	rural_settlement	settlement	4.000	6.000	24.000	2	0.000	0	13.007	-3.000
euphranta	rural_settlement	settlement	3.000	2.600	10.000	0	0.000	0	7.361	-8.000
euporia	rural_settlement	settlement	10.000	11.600	26.000	0	0.000	0	14.995	-3.000
europos_0	rural_settlement	settlement	13.000	19.200	28.000	0	0.000	0	17.590	-3.000
europos_1	rural_settlement	settlement	7.000	13.400	25.000	2	0.000	0	16.828	-3.000
euspena	rural_settlement	settlement	2.000	2.600	18.000	0	0.000	0	7.921	-3.000
eustriacum	rural_settlement	settlement	6.000	7.400	11.000	0	0.000	0	11.837	-3.000
evandriana	rural_settlement	settlement	5.000	5.000	9.000	0	0.000	0	9.947	-3.000
exampeaus	rural_settlement	settlement	6.000	10.000	0.000	0	0.000	0	12.469	-3.000
excisum	rural_settlement	settlement	6.000	6.800	11.000	0	0.000	0	11.451	-3.000
exidualum	rural_settlement	settlement	6.000	5.800	9.000	0	0.000	0	10.598	-3.000
exitanes	rural_settlement	settlement	3.000	4.000	0.000	0	0.000	0	8.369	-3.000
exolidunum	rural_settlement	settlement	3.000	3.400	13.000	0	0.000	0	8.614	-3.000
extremadura	rural_settlement	settlement	3.000	2.400	0.000	0	0.000	0	6.364	-8.000
eyyal	rural_settlement	settlement	4.000	6.000	19.000	0	0.000	0	11.449	-3.000
fabatianum	rural_settlement	settlement	7.000	12.200	21.000	0	0.000	0	14.887	-3.000
faesulae	rural_settlement	settlement	7.000	9.600	7.000	0	0.000	0	12.766	-3.000
failaka	rural_settlement	settlement	3.000	5.200	0.000	0	0.000	0	9.488	-3.000
fakhrikah	rural_settlement	settlement	3.000	5.200	21.000	0	0.000	0	10.958	-3.000
falacro	rural_settlement	settlement	3.000	2.800	29.000	0	0.000	0	8.972	-3.000
fanindrapura	rural_settlement	settlement	10.000	13.600	8.000	0	0.000	0	14.501	-3.000
fanum_cocidi	rural_settlement	settlement	5.000	5.000	8.000	0	0.000	0	9.877	-3.000
fanum_martis	rural_settlement	settlement	4.000	7.000	11.000	0	0.000	0	11.583	-3.000
fao	rural_settlement	settlement	10.000	8.600	10.000	0	0.000	0	12.461	-3.000
faouar	rural_settlement	settlement	4.000	3.400	15.000	0	0.000	0	8.754	-3.000
fara	rural_settlement	settlement	6.000	10.400	27.000	0	0.000	0	14.545	-3.000
farab	rural_settlement	settlement	5.000	4.400	21.000	0	0.000	0	10.239	-3.000
farafra_1	rural_settlement	settlement	7.000	10.200	31.000	0	0.000	0	14.733	-3.000
farafra_2	rural_settlement	settlement	4.000	5.200	28.000	0	0.000	0	11.448	-3.000
farrab	rural_settlement	settlement	8.000	12.000	19.000	0	0.000	0	14.668	-3.000
farsir	rural_settlement	settlement	5.000	6.200	27.000	0	0.000	0	12.155	-3.000
fas	rural_settlement	settlement	3.000	2.400	8.000	0	0.000	0	6.924	-8.000
faschia	rural_settlement	settlement	1.000	0.800	10.000	0	0.000	0	3.756	-8.000
fashfash	rural_settlement	settlement	2.000	2.600	7.000	0	0.000	0	7.151	-8.000
fathabad	town	city	15.000	23.800	13.000	0	0.000	0	19.106	1.000
faventia	rural_settlement	settlement	5.000	5.400	13.000	0	0.000	0	10.563	-3.000
faviana	rural_settlement	settlement	1.000	0.800	9.000	0	0.000	0	3.686	-8.000
felicia	rural_settlement	settlement	6.000	6.800	0.000	0	0.000	0	10.681	-3.000
felicia_boioa	rural_settlement	settlement	4.000	5.400	0.000	0	0.000	0	9.653	-3.000
feliciacum	rural_settlement	settlement	6.000	5.800	11.000	0	0.000	0	10.738	-3.000
felicita	rural_settlement	settlement	10.000	13.000	10.000	0	0.000	0	14.423	-3.000
felita	rural_settlement	settlement	1.000	0.800	0.000	0	0.000	0	3.056	-8.000
fendi	rural_settlement	settlement	2.000	1.600	3.000	0	0.000	0	5.179	-8.000
feradi_maius	rural_settlement	settlement	14.000	27.200	28.000	0	1.000	1	21.072	-3.000
ferruciacum	rural_settlement	settlement	8.000	10.800	9.000	0	0.000	0	13.464	-3.000
feruiria	rural_settlement	settlement	3.000	2.400	3.000	0	0.000	0	6.574	-8.000
fewet	rural_settlement	settlement	3.000	2.400	7.000	0	0.000	0	6.854	-8.000
fibularia	rural_settlement	settlement	5.000	5.000	9.000	0	0.000	0	9.947	-3.000
ficariensis_locus	rural_settlement	settlement	8.000	8.400	10.000	0	0.000	0	12.352	-3.000
figlinae	rural_settlement	settlement	5.000	5.200	11.000	0	0.000	0	10.258	-3.000
figuig	rural_settlement	settlement	8.000	7.000	3.000	0	0.000	0	11.023	-3.000
filin	rural_settlement	settlement	2.000	2.600	0.000	0	0.000	0	6.661	-8.000
filomusiacum	rural_settlement	settlement	5.000	5.400	9.000	0	0.000	0	10.283	-3.000
fines	rural_settlement	settlement	3.000	2.400	9.000	0	0.000	0	6.994	-8.000
finis_secundus	rural_settlement	settlement	5.000	5.000	11.000	0	0.000	0	10.087	-3.000
finnaithae	rural_settlement	settlement	3.000	2.400	3.000	0	0.000	0	6.574	-8.000
firai	rural_settlement	settlement	12.000	16.600	10.000	0	0.000	0	15.613	-3.000
firke	rural_settlement	settlement	4.000	6.200	20.000	0	0.000	0	11.665	-3.000
flanona	rural_settlement	settlement	5.000	8.200	8.000	0	0.000	0	12.100	-3.000
flavia_solva	rural_settlement	settlement	8.000	10.800	8.000	0	0.000	0	13.394	-3.000
flaviobriga	rural_settlement	settlement	7.000	6.600	9.000	0	1.000	1	12.924	-3.000
flavionavia	rural_settlement	settlement	5.000	5.000	11.000	0	0.000	0	10.087	-3.000
flavium_brigantium	rural_settlement	settlement	5.000	5.000	11.000	0	0.000	0	10.087	-3.000
flavium_velares	rural_settlement	settlement	5.000	5.000	9.000	0	0.000	0	9.947	-3.000
fletio	rural_settlement	settlement	2.000	1.600	7.000	0	0.000	0	5.459	-8.000
flevum	rural_settlement	settlement	7.000	7.600	0.000	0	0.000	0	11.189	-3.000
florentia_0	rural_settlement	settlement	16.000	23.800	28.000	0	0.000	0	18.656	-3.000
florentia_1	rural_settlement	settlement	4.000	4.800	0.000	0	0.000	0	9.141	-3.000
florentiola	rural_settlement	settlement	6.000	9.200	9.000	0	0.000	0	12.706	-3.000
floriana	rural_settlement	settlement	6.000	8.400	9.000	0	0.000	0	12.282	-3.000
foetes	rural_settlement	settlement	4.000	5.800	7.000	0	0.000	0	10.458	-3.000
folla	rural_settlement	settlement	2.000	1.800	0.000	0	0.000	0	5.354	-8.000
follia	rural_settlement	settlement	3.000	3.600	5.000	0	0.000	0	8.285	-3.000
fons_siccus	rural_settlement	settlement	5.000	7.000	17.000	0	0.000	0	12.003	-3.000
forat	rural_settlement	settlement	5.000	9.400	33.000	0	0.000	0	14.487	-3.000
foricum	rural_settlement	settlement	5.000	5.200	9.000	0	0.000	0	10.118	-3.000
forom	rural_settlement	settlement	2.000	1.600	0.000	0	0.000	0	4.969	-8.000
fortis_vallum	rural_settlement	settlement	6.000	7.400	9.000	0	0.000	0	11.697	-3.000
fortuna	rural_settlement	settlement	5.000	5.000	9.000	0	0.000	0	9.947	-3.000
forum_alieni	rural_settlement	settlement	5.000	5.400	9.000	0	0.000	0	10.283	-3.000
forum_fulvii	rural_settlement	settlement	3.000	3.600	13.000	0	0.000	0	8.845	-3.000
forum_gallorum	rural_settlement	settlement	5.000	5.000	9.000	0	0.000	0	9.947	-3.000
forum_iulii	rural_settlement	settlement	6.000	7.800	8.000	0	0.000	0	11.869	-3.000
forum_licinii	rural_settlement	settlement	9.000	9.400	9.000	0	0.000	0	12.807	-3.000
forum_limicorum	rural_settlement	settlement	8.000	10.000	9.000	0	0.000	0	13.099	-3.000
forum_novum	rural_settlement	settlement	8.000	11.000	7.000	0	0.000	0	13.412	-3.000
forum_popilii	rural_settlement	settlement	7.000	10.000	9.000	0	0.000	0	13.099	-3.000
forum_vibii	rural_settlement	settlement	5.000	7.200	9.000	0	0.000	0	11.571	-3.000
fosa	rural_settlement	settlement	2.000	3.200	3.000	0	0.000	0	7.672	-3.000
fosia	rural_settlement	settlement	1.000	0.800	0.000	0	0.000	0	3.056	-8.000
fourth_cataract	rural_settlement	settlement	3.000	2.800	17.000	0	0.000	0	8.132	-3.000
fregellae	rural_settlement	settlement	4.000	5.600	26.000	0	0.000	0	11.633	-3.000
frej	rural_settlement	settlement	4.000	3.200	5.000	0	0.000	0	7.812	-3.000
frigidae	rural_settlement	settlement	4.000	4.400	24.000	0	0.000	0	10.449	-3.000
fucens	rural_settlement	settlement	6.000	11.800	24.000	0	0.000	0	14.937	-3.000
fugo	rural_settlement	settlement	4.000	9.000	6.000	0	0.000	0	12.393	-3.000
funda_thavagalensis	rural_settlement	settlement	5.000	5.000	19.000	0	0.000	0	10.647	-3.000
fundi	rural_settlement	settlement	6.000	9.000	24.000	2	0.000	0	14.862	-3.000
fuqaha	rural_settlement	settlement	2.000	1.600	10.000	0	0.000	0	5.669	-8.000
fura	rural_settlement	settlement	2.000	1.800	7.000	0	0.000	0	5.844	-8.000
furgisatis	rural_settlement	settlement	2.000	3.200	5.000	0	0.000	0	7.812	-3.000
furnos_maius	rural_settlement	settlement	8.000	14.600	24.000	0	0.000	0	15.966	-3.000
gaabah	rural_settlement	settlement	2.000	1.600	5.000	0	0.000	0	5.319	-8.000
gabae	rural_settlement	settlement	1.000	0.800	0.000	0	0.000	0	3.056	-8.000
gabalum	rural_settlement	settlement	4.000	5.200	9.000	0	0.000	0	10.118	-3.000
gabgaba	rural_settlement	settlement	3.000	2.600	7.000	0	0.000	0	7.151	-8.000
gabiene	rural_settlement	settlement	4.000	3.800	29.000	2	0.000	0	11.395	-3.000
gabramagus	rural_settlement	settlement	5.000	7.600	7.000	0	0.000	0	11.679	-3.000
gabris	rural_settlement	settlement	8.000	8.000	11.000	0	0.000	0	12.196	-3.000
gabrosentum	rural_settlement	settlement	5.000	5.000	8.000	0	0.000	0	9.877	-3.000
gabub	rural_settlement	settlement	4.000	3.400	7.000	0	0.000	0	8.194	-3.000
gabuleum	rural_settlement	settlement	3.000	5.200	18.000	0	0.000	0	10.748	-3.000
gadamarta	rural_settlement	settlement	6.000	7.200	27.000	2	0.000	0	14.040	-3.000
gadapalsuni	rural_settlement	settlement	8.000	10.800	17.000	0	0.000	0	14.024	-3.000
gadara	town	city	12.000	22.800	31.000	0	0.000	0	20.152	3.000
gadara_judea	rural_settlement	settlement	4.000	5.400	23.000	0	0.000	0	11.263	-3.000
gadduwah	rural_settlement	settlement	1.000	0.800	10.000	0	0.000	0	3.756	-8.000
gadiaufala	rural_settlement	settlement	5.000	6.600	21.000	0	0.000	0	12.016	-3.000
gadilon	rural_settlement	settlement	4.000	6.000	16.000	0	0.000	0	11.239	-3.000
gadir_0	town	city	14.000	27.200	31.000	0	1.000	1	22.782	6.000
gadir_1	town	city	7.000	10.400	22.000	0	1.000	1	17.442	-1.000
gafait	rural_settlement	settlement	2.000	1.600	3.000	0	0.000	0	5.179	-8.000
gahra	rural_settlement	settlement	4.000	3.200	3.000	0	0.000	0	7.672	-3.000
gaiapolis	rural_settlement	settlement	5.000	4.400	7.000	0	0.000	0	9.259	-3.000
gaita	rural_settlement	settlement	2.000	1.800	5.000	0	0.000	0	5.704	-8.000
gala	rural_settlement	settlement	2.000	1.600	0.000	0	0.000	0	4.969	-8.000
gala_abu_ahmed	rural_settlement	settlement	4.000	5.400	10.000	0	0.000	0	10.353	-3.000
galaegia	rural_settlement	settlement	4.000	4.200	0.000	0	0.000	0	8.573	-3.000
galage	rural_settlement	settlement	2.000	1.600	6.000	0	0.000	0	5.389	-8.000
galava	rural_settlement	settlement	6.000	6.000	8.000	0	0.000	0	10.679	-3.000
galetia_occidentalis	rural_settlement	settlement	6.000	5.800	11.000	0	0.000	0	10.738	-3.000
galetia_orientalis	rural_settlement	settlement	4.000	4.200	11.000	0	0.000	0	9.343	-3.000
galim	rural_settlement	settlement	6.000	7.000	20.000	0	0.000	0	12.213	-3.000
galindia	rural_settlement	settlement	4.000	4.800	5.000	0	0.000	0	9.491	-3.000
galindia_occidentalis	rural_settlement	settlement	5.000	5.200	3.000	0	1.000	1	11.445	-3.000
galindia_orientalis	rural_settlement	settlement	3.000	2.600	5.000	0	0.000	0	7.011	-8.000
gallacoodday	rural_settlement	settlement	2.000	1.600	7.000	0	0.000	0	5.459	-8.000
gallicum	rural_settlement	settlement	5.000	6.000	11.000	0	0.000	0	10.889	-3.000
galligh	rural_settlement	settlement	1.000	0.800	0.000	0	0.000	0	3.056	-8.000
gallika_phlaouia	rural_settlement	settlement	4.000	4.200	8.000	0	0.000	0	9.133	-3.000
gallita	rural_settlement	settlement	8.000	8.800	22.000	0	0.000	0	13.408	-3.000
gamal	rural_settlement	settlement	9.000	7.200	10.000	0	0.000	0	11.641	-3.000
gampola	rural_settlement	settlement	5.000	5.200	18.000	0	0.000	0	10.748	-3.000
gan	rural_settlement	settlement	4.000	3.400	7.000	0	0.000	0	8.194	-3.000
ganaba	rural_settlement	settlement	4.000	5.600	26.000	0	0.000	0	11.633	-3.000
ganagaras	rural_settlement	settlement	4.000	5.000	17.000	0	0.000	0	10.507	-3.000
gandava	rural_settlement	settlement	4.000	5.200	22.000	0	0.000	0	11.028	-3.000
ganga	town	city	21.000	31.400	13.000	0	0.000	0	20.496	4.000
gangania	rural_settlement	settlement	3.000	2.400	0.000	0	0.000	0	6.364	-8.000
gangania_australis	rural_settlement	settlement	2.000	1.600	0.000	0	0.000	0	4.969	-8.000
gangania_borealis	rural_settlement	settlement	4.000	3.200	0.000	0	0.000	0	7.462	-8.000
gangania_orientalis	rural_settlement	settlement	2.000	1.600	0.000	0	0.000	0	4.969	-8.000
ganganon_akron	rural_settlement	settlement	5.000	6.000	8.000	0	0.000	0	10.679	-3.000
gangra	town	city	8.000	13.000	27.000	0	0.000	0	17.113	-1.000
ganka	rural_settlement	settlement	5.000	5.400	8.000	0	0.000	0	10.213	-3.000
ganta	rural_settlement	settlement	6.000	6.000	7.000	0	0.000	0	10.609	-3.000
ganu	rural_settlement	settlement	1.000	0.800	6.000	0	0.000	0	3.476	-8.000
ganuenta	rural_settlement	settlement	4.000	4.800	7.000	0	1.000	1	11.379	-3.000
gaphara	rural_settlement	settlement	3.000	6.000	23.000	0	0.000	0	11.729	-3.000
gar_adag	rural_settlement	settlement	2.000	1.600	7.000	0	0.000	0	5.459	-8.000
garacad	rural_settlement	settlement	2.000	1.600	7.000	0	0.000	0	5.459	-8.000
garais	rural_settlement	settlement	1.000	0.800	0.000	0	0.000	0	3.056	-8.000
garaiyat	rural_settlement	settlement	2.000	1.600	8.000	0	0.000	0	5.529	-8.000
garam	rural_settlement	settlement	4.000	6.400	3.000	0	0.000	0	10.618	-3.000
garama	town	city	13.000	23.600	10.000	0	3.000	0	21.350	5.000
gardman	rural_settlement	settlement	2.000	2.600	3.000	0	0.000	0	6.871	-8.000
gareina	rural_settlement	settlement	6.000	9.200	29.000	0	0.000	0	14.106	-3.000
garen	rural_settlement	settlement	2.000	2.600	8.000	0	0.000	0	7.221	-8.000
gargara	rural_settlement	settlement	2.000	2.600	28.000	0	0.000	0	8.621	-3.000
gari	rural_settlement	settlement	4.000	3.200	18.000	0	0.000	0	8.722	-3.000
garian	rural_settlement	settlement	3.000	2.400	10.000	0	0.000	0	7.064	-8.000
garrianonum	rural_settlement	settlement	5.000	5.000	16.000	0	0.000	0	10.437	-3.000
garsaura	town	city	8.000	12.200	27.000	3	0.000	0	18.332	0.000
garuli	town	city	21.000	30.200	26.000	0	0.000	0	21.210	5.000
garzapur	rural_settlement	settlement	8.000	11.600	28.000	0	0.000	0	15.135	-3.000
gash	rural_settlement	settlement	8.000	6.400	10.000	0	0.000	0	11.108	-3.000
gathar	rural_settlement	settlement	11.000	14.200	3.000	0	0.000	0	14.361	-3.000
gaugamela	rural_settlement	settlement	5.000	5.600	19.000	0	0.000	0	11.143	-3.000
gauraina	rural_settlement	settlement	3.000	3.600	18.000	0	0.000	0	9.195	-3.000
gautigothia	rural_settlement	settlement	3.000	2.400	3.000	0	0.000	0	6.574	-8.000
gauzaka	city	city	15.000	21.400	44.000	0	0.000	0	20.747	3.000
gavimath	rural_settlement	settlement	12.000	16.400	11.000	0	0.000	0	15.624	-3.000
gaya	town	city	18.000	30.200	29.000	0	0.000	0	21.420	5.000
gaza	city	city	10.000	16.400	38.000	2	1.000	1	21.970	4.000
gazaba	rural_settlement	settlement	6.000	11.800	19.000	0	0.000	0	14.587	-3.000
gazaka	town	city	12.000	19.400	24.000	0	0.000	0	18.861	1.000
gazioura	rural_settlement	settlement	4.000	4.400	9.000	0	0.000	0	9.399	-3.000
gazrik	rural_settlement	settlement	5.000	6.800	20.000	0	0.000	0	12.081	-3.000
gebala	rural_settlement	settlement	5.000	5.000	9.000	0	0.000	0	9.947	-3.000
gebara	rural_settlement	settlement	2.000	1.600	28.000	0	0.000	0	6.929	-8.000
gebiilay	rural_settlement	settlement	7.000	8.200	16.000	0	0.000	0	12.660	-3.000
gedrosiana	rural_settlement	settlement	4.000	4.200	19.000	0	0.000	0	9.903	-3.000
gehar	rural_settlement	settlement	2.000	1.600	8.000	0	0.000	0	5.529	-8.000
gela	town	city	15.000	26.400	27.000	0	1.000	1	22.352	6.000
gelah	rural_settlement	settlement	3.000	2.600	10.000	0	0.000	0	7.361	-8.000
gelbous	rural_settlement	settlement	1.000	0.800	18.000	0	0.000	0	4.316	-8.000
gelil	rural_settlement	settlement	4.000	7.600	24.000	0	0.000	0	12.869	-3.000
gella	rural_settlement	settlement	6.000	5.800	11.000	0	0.000	0	10.738	-3.000
gelon	town	city	9.000	13.800	17.000	0	0.000	0	16.702	-2.000
gelts	rural_settlement	settlement	9.000	11.400	0.000	0	1.000	1	14.840	-3.000
gemellae	rural_settlement	settlement	9.000	9.200	3.000	0	0.000	0	12.286	-3.000
gemellia	rural_settlement	settlement	3.000	5.200	21.000	0	0.000	0	10.958	-3.000
gemestarum	rural_settlement	settlement	6.000	5.800	9.000	0	0.000	0	10.598	-3.000
gemilliacum	rural_settlement	settlement	5.000	5.000	9.000	0	0.000	0	9.947	-3.000
geminiacum	rural_settlement	settlement	6.000	6.000	11.000	0	0.000	0	10.889	-3.000
genava	rural_settlement	settlement	7.000	8.400	7.000	0	0.000	0	12.142	-3.000
gennaes	rural_settlement	settlement	3.000	4.400	23.000	0	0.000	0	10.379	-3.000
gennesar_0	rural_settlement	settlement	3.000	4.600	24.000	0	0.000	0	10.638	-3.000
gensa	rural_settlement	settlement	1.000	0.800	5.000	0	0.000	0	3.406	-8.000
gensis	rural_settlement	settlement	2.000	2.600	11.000	0	0.000	0	7.431	-8.000
genua	town	city	12.000	16.400	8.000	0	1.000	1	18.661	1.000
gerasa	rural_settlement	settlement	3.000	5.200	26.000	0	0.000	0	11.308	-3.000
gergis	town	city	16.000	26.200	31.000	0	0.000	0	20.847	4.000
gergovia	town	city	7.000	6.600	21.000	0	0.000	0	13.516	-6.000
germa	rural_settlement	settlement	6.000	8.600	26.000	2	0.000	0	14.790	-3.000
germanicum	rural_settlement	settlement	4.000	3.200	11.000	0	0.000	0	8.232	-3.000
germinae	rural_settlement	settlement	5.000	5.000	9.000	0	0.000	0	9.947	-3.000
gerra	rural_settlement	settlement	4.000	6.200	24.000	0	0.000	0	11.945	-3.000
gerrha	town	city	36.000	65.200	25.000	0	1.000	1	26.800	11.000
gerrhos	rural_settlement	settlement	10.000	16.000	0.000	0	0.000	0	14.733	-3.000
gerum	rural_settlement	settlement	1.000	0.800	28.000	0	0.000	0	5.016	-8.000
gerumum	rural_settlement	settlement	10.000	16.000	13.000	0	0.000	0	15.643	-3.000
gerunda	rural_settlement	settlement	8.000	10.200	10.000	0	0.000	0	13.263	-3.000
gesoriacum	rural_settlement	settlement	9.000	11.800	11.000	0	1.000	1	15.775	-3.000
gesoscribate	rural_settlement	settlement	5.000	5.000	9.000	0	0.000	0	9.947	-3.000
gezlu	rural_settlement	settlement	3.000	3.600	18.000	0	0.000	0	9.195	-3.000
ghahko	rural_settlement	settlement	3.000	2.600	0.000	0	0.000	0	6.661	-8.000
ghalat	rural_settlement	settlement	2.000	1.600	0.000	0	0.000	0	4.969	-8.000
ghaloa	rural_settlement	settlement	2.000	1.800	7.000	0	0.000	0	5.844	-8.000
ghanilkatta	rural_settlement	settlement	1.000	0.800	3.000	0	0.000	0	3.266	-8.000
gharbya	rural_settlement	settlement	4.000	3.400	10.000	0	0.000	0	8.404	-3.000
ghardaia	rural_settlement	settlement	7.000	8.400	6.000	0	0.000	0	12.072	-3.000
ghart	rural_settlement	settlement	1.000	0.800	0.000	0	0.000	0	3.056	-8.000
ghasett	rural_settlement	settlement	7.000	7.200	0.000	0	0.000	0	10.941	-3.000
ghenarcha	rural_settlement	settlement	2.000	2.600	0.000	0	0.000	0	6.661	-8.000
gher	rural_settlement	settlement	2.000	1.600	8.000	0	0.000	0	5.529	-8.000
gherma	rural_settlement	settlement	2.000	1.600	7.000	0	0.000	0	5.459	-8.000
ghidma	rural_settlement	settlement	6.000	5.200	15.000	0	0.000	0	10.538	-3.000
ghirban	rural_settlement	settlement	2.000	1.600	5.000	0	0.000	0	5.319	-8.000
ghirza	rural_settlement	settlement	3.000	2.400	10.000	0	0.000	0	7.064	-8.000
ghizil_agaj	rural_settlement	settlement	2.000	3.200	21.000	0	0.000	0	8.932	-3.000
gholaia	rural_settlement	settlement	3.000	2.600	10.000	0	0.000	0	7.361	-8.000
ghorani	rural_settlement	settlement	2.000	1.600	10.000	0	0.000	0	5.669	-8.000
ghore	rural_settlement	settlement	7.000	6.200	2.000	0	0.000	0	10.405	-3.000
ghosundi	town	city	18.000	25.400	29.000	0	0.000	0	20.551	4.000
ghuzza	rural_settlement	settlement	6.000	6.200	29.000	0	0.000	0	12.295	-3.000
gialo	rural_settlement	settlement	6.000	7.000	10.000	0	0.000	0	11.513	-3.000
giaur	rural_settlement	settlement	3.000	5.200	19.000	0	0.000	0	10.818	-3.000
gibra	rural_settlement	settlement	1.000	0.800	28.000	0	0.000	0	5.016	-8.000
gicherra	rural_settlement	settlement	7.000	6.800	10.000	0	0.000	0	11.381	-3.000
gidheys	town	city	13.000	21.400	18.000	0	0.000	0	18.927	1.000
gidmib	rural_settlement	settlement	4.000	3.400	7.000	0	0.000	0	8.194	-3.000
gigia	rural_settlement	settlement	7.000	6.600	11.000	0	1.000	1	13.064	-3.000
gigthis	rural_settlement	settlement	4.000	6.000	26.000	0	0.000	0	11.939	-3.000
gigurria	rural_settlement	settlement	5.000	5.000	11.000	0	0.000	0	10.087	-3.000
gijet	rural_settlement	settlement	9.000	12.400	17.000	0	0.000	0	14.685	-3.000
gik	rural_settlement	settlement	1.000	0.800	6.000	0	0.000	0	3.476	-8.000
gilda	rural_settlement	settlement	4.000	5.800	20.000	0	0.000	0	11.368	-3.000
gilgit	rural_settlement	settlement	2.000	2.600	6.000	0	0.000	0	7.081	-8.000
gindaros	rural_settlement	settlement	5.000	6.400	24.000	2	0.000	0	13.296	-3.000
gindes	rural_settlement	settlement	6.000	8.400	31.000	0	0.000	0	13.822	-3.000
gintei	rural_settlement	settlement	1.000	0.800	0.000	0	0.000	0	3.056	-8.000
giosc	rural_settlement	settlement	4.000	3.400	10.000	0	0.000	0	8.404	-3.000
girikandi	rural_settlement	settlement	4.000	5.200	21.000	0	0.000	0	10.958	-3.000
girinagara	town	city	10.000	13.600	29.000	0	0.000	0	17.471	-1.000
girsu	rural_settlement	settlement	6.000	7.600	27.000	0	0.000	0	13.079	-3.000
girumu	rural_settlement	settlement	4.000	4.800	33.000	0	0.000	0	11.451	-3.000
gisi	rural_settlement	settlement	2.000	1.600	8.000	0	0.000	0	5.529	-8.000
gitana	rural_settlement	settlement	17.000	26.400	24.000	0	0.000	0	18.895	-3.000
glevum	rural_settlement	settlement	7.000	8.200	8.000	0	1.000	1	13.848	-3.000
glitu	rural_settlement	settlement	1.000	0.800	0.000	0	0.000	0	3.056	-8.000
gnatia	rural_settlement	settlement	10.000	17.000	11.000	0	1.000	1	17.548	-3.000
goalpara	rural_settlement	settlement	9.000	8.800	9.000	0	0.000	0	12.498	-3.000
gobannium	rural_settlement	settlement	3.000	3.400	10.000	0	0.000	0	8.404	-3.000
godala	rural_settlement	settlement	7.000	7.600	7.000	0	0.000	0	11.679	-3.000
godana	rural_settlement	settlement	7.000	8.600	20.000	0	0.000	0	13.161	-3.000
godavara	rural_settlement	settlement	13.000	11.600	9.000	0	0.000	0	13.805	-3.000
goddvara	rural_settlement	settlement	11.000	16.200	9.000	0	0.000	0	15.424	-3.000
goderdzi_pass	rural_settlement	settlement	3.000	3.600	18.000	0	0.000	0	9.195	-3.000
godjer	rural_settlement	settlement	3.000	5.200	19.000	0	0.000	0	10.818	-3.000
goelloria	rural_settlement	settlement	5.000	5.000	11.000	0	0.000	0	10.087	-3.000
gogana	rural_settlement	settlement	4.000	6.400	28.000	0	0.000	0	12.368	-3.000
gogaraioi	rural_settlement	settlement	9.000	10.400	23.000	0	0.000	0	14.265	-3.000
gokanna	town	city	6.000	9.400	26.000	0	1.000	1	17.245	-1.000
gola	rural_settlement	settlement	2.000	1.600	5.000	0	0.000	0	5.319	-8.000
golan	rural_settlement	settlement	8.000	11.400	29.000	0	0.000	0	15.122	-3.000
goltan	rural_settlement	settlement	5.000	7.000	18.000	0	0.000	0	12.073	-3.000
gomal	rural_settlement	settlement	5.000	7.000	19.000	0	0.000	0	12.143	-3.000
gomarga	rural_settlement	settlement	3.000	5.200	21.000	0	0.000	0	10.958	-3.000
gomel	rural_settlement	settlement	4.000	3.200	7.000	0	0.000	0	7.952	-3.000
gondar	rural_settlement	settlement	2.000	1.600	8.000	0	0.000	0	5.529	-8.000
gondia	rural_settlement	settlement	13.000	15.400	8.000	0	0.000	0	15.106	-3.000
gong	rural_settlement	settlement	2.000	2.600	6.000	0	0.000	0	7.081	-8.000
gonia	rural_settlement	settlement	3.000	6.600	28.000	0	0.000	0	12.506	-3.000
gonnema	rural_settlement	settlement	2.000	1.600	0.000	0	0.000	0	4.969	-8.000
gonnoi	rural_settlement	settlement	6.000	11.200	24.000	0	0.000	0	14.687	-3.000
gonoska	rural_settlement	settlement	1.000	0.800	0.000	0	0.000	0	3.056	-8.000
gopadri	rural_settlement	settlement	9.000	14.200	24.000	0	0.000	0	15.831	-3.000
gopalprasad	rural_settlement	settlement	7.000	9.800	17.000	0	0.000	0	13.564	-3.000
gora	rural_settlement	settlement	4.000	5.800	17.000	0	0.000	0	11.158	-3.000
gorat	rural_settlement	settlement	6.000	7.000	1.000	0	0.000	0	10.883	-3.000
gorbeous	rural_settlement	settlement	6.000	7.000	18.000	2	0.000	0	13.282	-3.000
gordion	rural_settlement	settlement	5.000	7.800	24.000	2	0.000	0	14.197	-3.000
gordioukome	rural_settlement	settlement	8.000	10.600	24.000	0	0.000	0	14.425	-3.000
gorgippia	town	city	7.000	14.000	22.000	0	1.000	1	18.870	1.000
gorideva	rural_settlement	settlement	4.000	5.000	0.000	0	0.000	0	9.317	-3.000
gorion	rural_settlement	settlement	3.000	2.600	0.000	0	0.000	0	6.661	-8.000
gorneae	rural_settlement	settlement	2.000	2.800	18.000	0	0.000	0	8.202	-3.000
gorodische	rural_settlement	settlement	9.000	11.200	7.000	0	0.000	0	13.497	-3.000
gorsium	rural_settlement	settlement	3.000	3.400	9.000	0	0.000	0	8.334	-3.000
gortyna	town	city	26.000	47.800	24.000	0	1.000	1	25.144	10.000
gortynia	rural_settlement	settlement	14.000	16.800	26.000	0	0.000	0	16.792	-3.000
gory	rural_settlement	settlement	1.000	0.800	0.000	0	0.000	0	3.056	-8.000
gorya	rural_settlement	settlement	6.000	6.400	7.000	0	0.000	0	10.898	-3.000
gorydale	rural_settlement	settlement	9.000	11.600	24.000	0	0.000	0	14.855	-3.000
gorzi	rural_settlement	settlement	1.000	0.800	5.000	0	0.000	0	3.406	-8.000
gosanimari	rural_settlement	settlement	7.000	7.000	9.000	0	0.000	0	11.443	-3.000
gosira	rural_settlement	settlement	8.000	8.600	9.000	0	0.000	0	12.391	-3.000
gosthinya	rural_settlement	settlement	1.000	0.800	5.000	0	0.000	0	3.406	-8.000
gothalia	rural_settlement	settlement	3.000	2.600	3.000	0	0.000	0	6.871	-8.000
gothinia	rural_settlement	settlement	4.000	5.800	0.000	0	0.000	0	9.968	-3.000
gouera	rural_settlement	settlement	1.000	0.800	5.000	0	0.000	0	3.406	-8.000
goug	rural_settlement	settlement	1.000	0.800	5.000	0	0.000	0	3.406	-8.000
goulla	rural_settlement	settlement	13.000	21.200	11.000	0	0.000	0	16.890	-3.000
goulmima	rural_settlement	settlement	2.000	1.600	3.000	0	0.000	0	5.179	-8.000
goumi	rural_settlement	settlement	2.000	1.600	3.000	0	0.000	0	5.179	-8.000
goundousa	rural_settlement	settlement	2.000	2.600	18.000	0	0.000	0	7.921	-3.000
govardhana	rural_settlement	settlement	6.000	8.200	18.000	0	0.000	0	12.800	-3.000
govishana	rural_settlement	settlement	10.000	15.000	24.000	0	0.000	0	16.097	-3.000
goyar	rural_settlement	settlement	7.000	9.000	17.000	0	0.000	0	13.163	-3.000
goyman	rural_settlement	settlement	11.000	14.000	29.000	0	0.000	0	16.112	-3.000
goziris	rural_settlement	settlement	4.000	4.400	28.000	0	0.000	0	10.729	-3.000
grabaion	rural_settlement	settlement	2.000	4.200	6.000	0	0.000	0	8.993	-3.000
gradus	rural_settlement	settlement	3.000	5.200	9.000	0	0.000	0	10.118	-3.000
graetana	rural_settlement	settlement	2.000	1.600	5.000	0	0.000	0	5.319	-8.000
grai_darki	rural_settlement	settlement	3.000	3.600	29.000	0	0.000	0	9.965	-3.000
graias	rural_settlement	settlement	2.000	2.600	28.000	0	0.000	0	8.621	-3.000
gramera	town	city	16.000	16.200	14.000	0	0.000	0	17.274	-1.000
gramrianae	rural_settlement	settlement	3.000	5.200	11.000	0	0.000	0	10.258	-3.000
gran	rural_settlement	settlement	7.000	8.200	6.000	0	0.000	0	11.960	-3.000
granika	rural_settlement	settlement	1.000	0.800	0.000	0	0.000	0	3.056	-8.000
grannia	rural_settlement	settlement	3.000	2.400	3.000	0	0.000	0	6.574	-8.000
grannona	rural_settlement	settlement	5.000	5.000	11.000	0	1.000	1	11.835	-3.000
grannum	rural_settlement	settlement	8.000	8.800	9.000	0	0.000	0	12.498	-3.000
gravionarium	rural_settlement	settlement	4.000	5.000	0.000	0	0.000	0	9.317	-3.000
grazutes	rural_settlement	settlement	1.000	0.800	0.000	0	0.000	0	3.056	-8.000
grinario	rural_settlement	settlement	5.000	5.000	9.000	0	0.000	0	9.947	-3.000
griselica	rural_settlement	settlement	12.000	18.600	11.000	0	0.000	0	16.243	-3.000
grissia	rural_settlement	settlement	4.000	4.200	0.000	0	0.000	0	8.573	-3.000
grodaka	rural_settlement	settlement	1.000	0.800	18.000	0	0.000	0	4.316	-8.000
grodno	rural_settlement	settlement	1.000	0.800	0.000	0	0.000	0	3.056	-8.000
grumentum	rural_settlement	settlement	7.000	11.200	9.000	0	0.000	0	13.637	-3.000
grunya	rural_settlement	settlement	3.000	2.400	7.000	0	0.000	0	6.854	-8.000
gubba	rural_settlement	settlement	2.000	1.800	31.000	0	0.000	0	7.524	-8.000
gudimallam	rural_settlement	settlement	4.000	7.600	19.000	0	0.000	0	12.519	-3.000
guercif	rural_settlement	settlement	3.000	2.600	3.000	0	0.000	0	6.871	-8.000
guerir	rural_settlement	settlement	2.000	1.600	5.000	0	0.000	0	5.319	-8.000
guerrara	rural_settlement	settlement	5.000	4.200	5.000	0	0.000	0	8.923	-3.000
gugo	rural_settlement	settlement	7.000	10.600	20.000	0	0.000	0	14.145	-3.000
guigou	rural_settlement	settlement	2.000	1.600	5.000	0	0.000	0	5.319	-8.000
guir	rural_settlement	settlement	3.000	2.400	3.000	0	0.000	0	6.574	-8.000
guium	rural_settlement	settlement	7.000	8.400	17.000	0	1.000	1	14.589	-3.000
gujjar	rural_settlement	settlement	11.000	9.200	24.000	0	0.000	0	13.756	-3.000
gulbub	rural_settlement	settlement	1.000	0.800	7.000	0	0.000	0	3.546	-8.000
gulka	rural_settlement	settlement	3.000	4.400	16.000	0	0.000	0	9.889	-3.000
gumbati	rural_settlement	settlement	4.000	4.200	18.000	0	0.000	0	9.833	-3.000
gummididurru	rural_settlement	settlement	8.000	13.000	9.000	0	0.000	0	14.353	-3.000
guna	rural_settlement	settlement	6.000	7.000	24.000	0	0.000	0	12.493	-3.000
guntupalli	rural_settlement	settlement	8.000	12.600	9.000	0	0.000	0	14.202	-3.000
gunugu	rural_settlement	settlement	5.000	6.800	9.000	0	0.000	0	11.311	-3.000
gur	rural_settlement	settlement	4.000	4.400	27.000	0	0.000	0	10.659	-3.000
gura	rural_settlement	settlement	3.000	2.400	0.000	0	0.000	0	6.364	-8.000
gurala	rural_settlement	settlement	5.000	8.000	11.000	0	0.000	0	12.196	-3.000
gurala_venedia	rural_settlement	settlement	3.000	2.600	0.000	0	0.000	0	6.661	-8.000
gurgan	rural_settlement	settlement	7.000	11.000	20.000	2	0.000	0	15.530	-3.000
gurganj	town	city	10.000	15.400	15.000	0	0.000	0	17.096	-1.000
gurgua	rural_settlement	settlement	5.000	6.800	24.000	0	0.000	0	12.361	-3.000
guriana	rural_settlement	settlement	7.000	11.000	20.000	0	0.000	0	14.322	-3.000
gurina	rural_settlement	settlement	1.000	0.800	0.000	0	0.000	0	3.056	-8.000
guriprava	rural_settlement	settlement	12.000	16.800	11.000	0	0.000	0	15.742	-3.000
gurnah	rural_settlement	settlement	4.000	6.800	22.000	0	0.000	0	12.221	-3.000
gurqaleh	rural_settlement	settlement	3.000	5.200	19.000	0	0.000	0	10.818	-3.000
gurulis	rural_settlement	settlement	9.000	15.200	15.000	0	0.000	0	15.532	-3.000
guta	rural_settlement	settlement	1.000	0.800	0.000	0	0.000	0	3.056	-8.000
guthisbo	rural_settlement	settlement	3.000	3.400	3.000	0	0.000	0	7.914	-3.000
gwara	rural_settlement	settlement	10.000	15.400	18.000	0	0.000	0	15.806	-3.000
gyangri	rural_settlement	settlement	4.000	4.600	8.000	0	0.000	0	9.518	-3.000
gyashech	rural_settlement	settlement	5.000	4.200	0.000	0	0.000	0	8.573	-3.000
gyechk	rural_settlement	settlement	1.000	0.800	0.000	0	0.000	0	3.056	-8.000
gyenos	rural_settlement	settlement	9.000	13.800	24.000	0	1.000	1	17.440	-3.000
gyesch	rural_settlement	settlement	4.000	5.200	5.000	0	0.000	0	9.838	-3.000
gylus	rural_settlement	settlement	7.000	9.200	17.000	0	0.000	0	13.266	-3.000
gymnias	rural_settlement	settlement	5.000	6.200	18.000	0	0.000	0	11.525	-3.000
gyonal	rural_settlement	settlement	1.000	0.800	0.000	0	0.000	0	3.056	-8.000
gyoria	rural_settlement	settlement	5.000	6.800	0.000	0	0.000	0	10.681	-3.000
gyoshach	rural_settlement	settlement	2.000	3.200	2.000	0	0.000	0	7.602	-8.000
gypsaria	rural_settlement	settlement	1.000	0.800	17.000	0	0.000	0	4.246	-8.000
gyranchi	rural_settlement	settlement	3.000	4.400	2.000	0	0.000	0	8.909	-3.000
gyrones	rural_settlement	settlement	1.000	0.800	0.000	0	0.000	0	3.056	-8.000
gyrys	rural_settlement	settlement	2.000	1.600	5.000	0	0.000	0	5.319	-8.000
gytheion	rural_settlement	settlement	10.000	17.200	28.000	0	1.000	1	18.795	-3.000
gyulo	rural_settlement	settlement	4.000	3.600	8.000	0	0.000	0	8.495	-3.000
habitancum	rural_settlement	settlement	3.000	2.400	8.000	0	0.000	0	6.924	-8.000
hadaaftimo	rural_settlement	settlement	6.000	7.000	12.000	0	0.000	0	11.653	-3.000
hadad	town	city	7.000	9.800	31.000	2	0.000	0	17.252	-1.000
haditha	rural_settlement	settlement	4.000	7.400	28.000	2	0.000	0	14.235	-3.000
hadrama	rural_settlement	settlement	6.000	7.400	8.000	0	0.000	0	11.627	-3.000
hadrametum	city	city	14.000	27.600	33.000	0	1.000	1	22.995	6.000
hadri	rural_settlement	settlement	1.000	0.800	6.000	0	0.000	0	3.476	-8.000
hadrianopolis	rural_settlement	settlement	4.000	9.000	18.000	0	1.000	1	14.981	-3.000
haedum	rural_settlement	settlement	6.000	7.000	8.000	0	0.000	0	11.373	-3.000
haemiana	rural_settlement	settlement	7.000	10.000	8.000	0	0.000	0	13.029	-3.000
hagiz	rural_settlement	settlement	7.000	5.600	10.000	0	0.000	0	10.513	-3.000
hairiri	rural_settlement	settlement	3.000	2.400	8.000	0	0.000	0	6.924	-8.000
hajir	rural_settlement	settlement	11.000	11.400	9.000	0	0.000	0	13.722	-3.000
hajira	rural_settlement	settlement	2.000	1.600	5.000	0	0.000	0	5.319	-8.000
hajo	rural_settlement	settlement	8.000	8.800	9.000	0	0.000	0	12.498	-3.000
halfa	rural_settlement	settlement	2.000	1.800	7.000	0	0.000	0	5.844	-8.000
halicanum	rural_settlement	settlement	9.000	10.600	12.000	0	0.000	0	13.585	-3.000
halieuma_theou	rural_settlement	settlement	8.000	12.800	12.000	0	0.000	0	14.488	-3.000
halikarnassos	city	city	9.000	17.600	39.000	1	1.000	1	21.941	4.000
halin	town	city	8.000	11.000	15.000	0	0.000	0	15.472	-3.000
halmyris	rural_settlement	settlement	4.000	6.000	24.000	0	1.000	1	13.546	-3.000
halouras	rural_settlement	settlement	1.000	0.800	29.000	0	0.000	0	5.086	-8.000
hamadab	rural_settlement	settlement	7.000	8.000	15.000	0	0.000	0	12.476	-3.000
hamatiyat	rural_settlement	settlement	2.000	1.600	5.000	0	0.000	0	5.319	-8.000
hambok	rural_settlement	settlement	2.000	1.600	8.000	0	0.000	0	5.529	-8.000
hamdab	rural_settlement	settlement	1.000	0.800	10.000	0	0.000	0	3.756	-8.000
hameka	rural_settlement	settlement	2.000	1.800	22.000	0	0.000	0	6.894	-8.000
hamel	rural_settlement	settlement	2.000	1.600	3.000	0	0.000	0	5.179	-8.000
hammeum	rural_settlement	settlement	7.000	8.600	12.000	0	0.000	0	12.601	-3.000
hammon	rural_settlement	settlement	4.000	4.800	26.000	2	0.000	0	12.169	-3.000
hamra	rural_settlement	settlement	3.000	2.400	5.000	0	0.000	0	6.714	-8.000
handia	rural_settlement	settlement	1.000	0.800	24.000	0	0.000	0	4.736	-8.000
handoga	rural_settlement	settlement	2.000	1.600	15.000	0	0.000	0	6.019	-8.000
hanha	rural_settlement	settlement	2.000	1.600	5.000	0	0.000	0	5.319	-8.000
haouch	rural_settlement	settlement	3.000	2.400	5.000	0	0.000	0	6.714	-8.000
haouzia	rural_settlement	settlement	2.000	1.600	5.000	0	0.000	0	5.319	-8.000
hapci	rural_settlement	settlement	3.000	2.600	5.000	0	0.000	0	7.011	-8.000
haqayo_malaas	rural_settlement	settlement	3.000	3.400	14.000	0	0.000	0	8.684	-3.000
haradh	rural_settlement	settlement	1.000	0.800	6.000	0	0.000	0	3.476	-8.000
haradu	rural_settlement	settlement	2.000	2.800	28.000	2	0.000	0	10.110	-3.000
harai	rural_settlement	settlement	6.000	7.600	7.000	0	0.000	0	11.679	-3.000
harapa	rural_settlement	settlement	18.000	31.000	34.000	0	0.000	0	20.402	-3.000
haraz	rural_settlement	settlement	7.000	10.200	8.000	0	0.000	0	13.123	-3.000
harazah	rural_settlement	settlement	4.000	3.200	10.000	0	0.000	0	8.162	-3.000
harazia_vallis	rural_settlement	settlement	5.000	4.000	8.000	0	0.000	0	8.929	-3.000
harbia	rural_settlement	settlement	2.000	1.600	12.000	0	0.000	0	5.809	-8.000
harenae	rural_settlement	settlement	3.000	2.400	17.000	0	0.000	0	7.554	-8.000
harenatium	rural_settlement	settlement	12.000	14.800	11.000	0	0.000	0	15.122	-3.000
hargeysa	rural_settlement	settlement	9.000	12.800	17.000	0	0.000	0	14.838	-3.000
hargita	rural_settlement	settlement	4.000	3.400	8.000	0	0.000	0	8.264	-3.000
haria	rural_settlement	settlement	5.000	4.400	7.000	0	0.000	0	9.259	-3.000
haridwar	rural_settlement	settlement	11.000	17.400	6.000	0	0.000	0	15.564	-3.000
hariza	rural_settlement	settlement	4.000	4.600	18.000	0	0.000	0	10.218	-3.000
harmozeia	rural_settlement	settlement	7.000	11.800	31.000	0	0.000	0	15.427	-3.000
haroba	rural_settlement	settlement	4.000	6.000	21.000	0	0.000	0	11.589	-3.000
harpasa	rural_settlement	settlement	5.000	7.000	24.000	0	0.000	0	12.493	-3.000
harsta	rural_settlement	settlement	2.000	1.600	5.000	0	0.000	0	5.319	-8.000
harvan	rural_settlement	settlement	4.000	5.400	6.000	0	0.000	0	10.073	-3.000
hashem	rural_settlement	settlement	3.000	5.800	17.000	0	0.000	0	11.158	-3.000
hashim	rural_settlement	settlement	1.000	0.800	10.000	0	0.000	0	3.756	-8.000
hassu	rural_settlement	settlement	4.000	5.400	31.000	2	0.000	0	13.031	-3.000
hasta_0	town	city	7.000	11.200	25.000	0	1.000	1	18.005	0.000
hasta_1	rural_settlement	settlement	5.000	5.400	9.000	0	0.000	0	10.283	-3.000
hastinapura	city	city	30.000	47.200	33.000	2	0.000	0	25.170	9.000
hatab	rural_settlement	settlement	5.000	5.200	10.000	0	0.000	0	10.188	-3.000
hatra	city	city	7.000	10.400	33.000	0	0.000	0	16.465	-3.000
hatria	town	city	9.000	10.000	18.000	0	1.000	1	16.977	-2.000
haud	rural_settlement	settlement	4.000	4.600	8.000	0	0.000	0	9.518	-3.000
hawiyah	rural_settlement	settlement	2.000	1.600	6.000	0	0.000	0	5.389	-8.000
hawmah	rural_settlement	settlement	2.000	1.600	5.000	0	0.000	0	5.319	-8.000
hayk	rural_settlement	settlement	4.000	4.400	18.000	0	0.000	0	10.029	-3.000
haykota	rural_settlement	settlement	2.000	1.600	8.000	0	0.000	0	5.529	-8.000
hazar	rural_settlement	settlement	9.000	12.200	6.000	0	0.000	0	13.837	-3.000
hazma	rural_settlement	settlement	2.000	2.600	8.000	0	0.000	0	7.221	-8.000
hazza	rural_settlement	settlement	7.000	10.200	21.000	0	0.000	0	14.033	-3.000
hdzyen	rural_settlement	settlement	4.000	3.400	7.000	0	0.000	0	8.194	-3.000
hebron	rural_settlement	settlement	3.000	3.600	25.000	0	0.000	0	9.685	-3.000
hegetmatia	rural_settlement	settlement	4.000	5.000	0.000	0	0.000	0	9.317	-3.000
hegra	rural_settlement	settlement	9.000	11.200	20.000	0	0.000	0	14.407	-3.000
hegrieah	rural_settlement	settlement	3.000	2.600	7.000	0	0.000	0	7.151	-8.000
heimur	rural_settlement	settlement	5.000	4.200	8.000	0	0.000	0	9.133	-3.000
hejeilat	rural_settlement	settlement	5.000	5.200	11.000	0	0.000	0	10.258	-3.000
helela	rural_settlement	settlement	3.000	2.400	23.000	0	0.000	0	7.974	-3.000
helge	rural_settlement	settlement	4.000	5.800	24.000	2	0.000	0	12.856	-3.000
heliaramia	rural_settlement	settlement	4.000	5.400	23.000	0	0.000	0	11.263	-3.000
helice	rural_settlement	settlement	3.000	2.400	9.000	0	0.000	0	6.994	-8.000
heliopolis_0	city	city	8.000	19.600	42.000	2	0.000	0	21.380	4.000
heliopolis_1	town	city	17.000	28.400	29.000	2	0.000	0	22.320	6.000
heliou_limen	rural_settlement	settlement	9.000	11.400	8.000	0	0.000	0	13.652	-3.000
helis	rural_settlement	settlement	3.000	3.400	8.000	0	0.000	0	8.264	-3.000
helveconia	rural_settlement	settlement	1.000	0.800	3.000	0	0.000	0	3.266	-8.000
helveconia_pharodeniorum	rural_settlement	settlement	3.000	2.600	5.000	0	0.000	0	7.011	-8.000
helveconiana	rural_settlement	settlement	3.000	4.400	3.000	0	0.000	0	8.979	-3.000
helvetum	rural_settlement	settlement	5.000	5.000	9.000	0	0.000	0	9.947	-3.000
hemeroskopeion	town	city	14.000	21.800	31.000	0	1.000	1	21.677	5.000
hemesa	town	city	8.000	13.200	29.000	2	0.000	0	18.535	1.000
heniat	rural_settlement	settlement	3.000	4.200	1.000	0	0.000	0	8.643	-3.000
henna	town	city	5.000	7.800	20.000	0	0.000	0	14.209	-5.000
heraclea	city	city	12.000	24.400	33.000	0	1.000	1	22.378	5.000
heraclea_minoa	city	city	19.000	30.800	33.000	0	0.000	0	21.799	4.000
heraia	rural_settlement	settlement	10.000	16.600	28.000	0	0.000	0	16.873	-3.000
herakleia_lynkestis	rural_settlement	settlement	11.000	14.400	24.000	0	0.000	0	15.899	-3.000
herakleia_pontike	town	city	13.000	21.000	29.000	0	1.000	1	21.351	5.000
herakleia_sintike	rural_settlement	settlement	8.000	10.400	24.000	0	0.000	0	14.335	-3.000
herakleia_trachinia	rural_settlement	settlement	6.000	9.600	24.000	0	0.000	0	13.956	-3.000
herakleopolis	rural_settlement	settlement	15.000	24.200	31.000	0	0.000	0	18.950	-3.000
herakleous_akron	rural_settlement	settlement	6.000	7.400	9.000	0	0.000	0	11.697	-3.000
hercynia	rural_settlement	settlement	2.000	1.600	0.000	0	0.000	0	4.969	-8.000
hercyniana	rural_settlement	settlement	5.000	6.600	0.000	0	0.000	0	10.546	-3.000
heritia	rural_settlement	settlement	1.000	0.800	0.000	0	0.000	0	3.056	-8.000
herminium	rural_settlement	settlement	5.000	5.000	9.000	0	0.000	0	9.947	-3.000
hermione	town	city	7.000	13.600	24.000	0	1.000	1	18.869	1.000
hermonassa	rural_settlement	settlement	3.000	5.000	17.000	0	0.000	0	10.507	-3.000
hermoniacum	rural_settlement	settlement	6.000	5.800	11.000	0	0.000	0	10.738	-3.000
hermonthis	rural_settlement	settlement	3.000	2.600	31.000	0	0.000	0	8.831	-3.000
hermopolis	rural_settlement	settlement	12.000	21.400	33.000	0	0.000	0	18.477	-3.000
hermopolis_magna	rural_settlement	settlement	3.000	4.200	31.000	0	0.000	0	10.743	-3.000
hermopolis_mikra	city	city	40.000	55.000	38.000	0	1.000	1	26.839	12.000
hermunduria	rural_settlement	settlement	4.000	5.200	0.000	0	0.000	0	9.488	-3.000
heroopolis	rural_settlement	settlement	10.000	15.000	28.000	0	0.000	0	16.377	-3.000
herpha	rural_settlement	settlement	3.000	3.600	18.000	0	0.000	0	9.195	-3.000
herros	rural_settlement	settlement	1.000	0.800	6.000	0	0.000	0	3.476	-8.000
herulia_australis	rural_settlement	settlement	5.000	5.400	5.000	0	0.000	0	10.003	-3.000
herulia_borealis	rural_settlement	settlement	4.000	3.400	5.000	0	0.000	0	8.054	-3.000
herulia_centralis	rural_settlement	settlement	5.000	5.200	5.000	0	0.000	0	9.838	-3.000
herulia_orientalis	rural_settlement	settlement	2.000	1.800	5.000	0	1.000	1	7.452	-8.000
hessulum	rural_settlement	settlement	3.000	3.400	6.000	0	1.000	1	9.872	-3.000
hibis	rural_settlement	settlement	3.000	3.400	31.000	0	0.000	0	9.874	-3.000
hidiglib	rural_settlement	settlement	2.000	1.600	7.000	0	0.000	0	5.459	-8.000
hiera_germe	rural_settlement	settlement	6.000	7.200	24.000	0	0.000	0	12.621	-3.000
hierapolis	rural_settlement	settlement	4.000	6.000	26.000	2	0.000	0	13.147	-3.000
hierapolis_sophenias	rural_settlement	settlement	3.000	4.400	18.000	0	0.000	0	10.029	-3.000
hierapytna	town	city	24.000	45.400	24.000	0	1.000	1	24.882	9.000
hieratis	rural_settlement	settlement	3.000	5.400	28.000	0	0.000	0	11.613	-3.000
hiici	rural_settlement	settlement	2.000	1.600	5.000	0	0.000	0	5.319	-8.000
hiiri	rural_settlement	settlement	4.000	5.200	5.000	0	0.000	0	9.838	-3.000
himiara	rural_settlement	settlement	6.000	8.400	8.000	0	0.000	0	12.212	-3.000
hindanu	rural_settlement	settlement	3.000	4.000	28.000	2	0.000	0	11.538	-3.000
hio	rural_settlement	settlement	3.000	2.400	3.000	0	0.000	0	6.574	-8.000
hippana	rural_settlement	settlement	4.000	6.000	24.000	0	0.000	0	11.799	-3.000
hippo_diarrhytus	rural_settlement	settlement	5.000	7.400	26.000	0	1.000	1	14.634	-3.000
hippo_regius	town	city	19.000	36.000	29.000	0	1.000	1	24.054	8.000
hippokoura	rural_settlement	settlement	5.000	4.600	9.000	0	0.000	0	9.588	-3.000
hippolaou_akra	rural_settlement	settlement	4.000	4.400	21.000	0	0.000	0	10.239	-3.000
hipponium	town	city	16.000	29.800	29.000	0	1.000	1	23.101	7.000
hippos	town	city	6.000	9.000	31.000	0	0.000	0	15.643	-3.000
hippou_kome	rural_settlement	settlement	2.000	1.800	17.000	0	0.000	0	6.544	-8.000
hispalis	rural_settlement	settlement	7.000	12.000	20.000	0	0.000	0	14.738	-3.000
hissuna	rural_settlement	settlement	10.000	11.200	16.000	0	0.000	0	14.127	-3.000
histonium	rural_settlement	settlement	16.000	20.200	13.000	0	0.000	0	16.791	-3.000
histria	town	city	13.000	20.600	31.000	0	1.000	1	21.396	5.000
histrine	rural_settlement	settlement	1.000	0.800	0.000	0	0.000	0	3.056	-8.000
hkar	rural_settlement	settlement	3.000	3.400	0.000	0	0.000	0	7.704	-3.000
hkraniyat	rural_settlement	settlement	3.000	3.400	0.000	0	0.000	0	7.704	-3.000
hlumcha	rural_settlement	settlement	5.000	4.400	7.000	0	0.000	0	9.259	-3.000
hlynsk	rural_settlement	settlement	8.000	8.600	12.000	0	0.000	0	12.601	-3.000
hnaw_kan	rural_settlement	settlement	5.000	6.400	12.000	0	0.000	0	11.248	-3.000
hoceima	rural_settlement	settlement	4.000	3.200	8.000	0	0.000	0	8.022	-3.000
hodmane	rural_settlement	settlement	2.000	1.600	12.000	0	0.000	0	5.809	-8.000
hokhmik	rural_settlement	settlement	4.000	4.400	18.000	0	0.000	0	10.029	-3.000
holmoi	rural_settlement	settlement	8.000	9.400	25.000	0	1.000	1	15.675	-3.000
homeira	rural_settlement	settlement	4.000	5.400	8.000	0	0.000	0	10.213	-3.000
homonadeis	rural_settlement	settlement	6.000	8.800	15.000	0	0.000	0	12.918	-3.000
horeb_mons	rural_settlement	settlement	3.000	2.600	29.000	0	0.000	0	8.691	-3.000
hormirzad	city	city	18.000	20.200	36.000	0	1.000	1	21.648	4.000
horrai	rural_settlement	settlement	9.000	10.600	24.000	0	0.000	0	14.425	-3.000
horreum_margi	rural_settlement	settlement	6.000	6.200	9.000	0	0.000	0	10.895	-3.000
horyane	rural_settlement	settlement	2.000	1.600	0.000	0	0.000	0	4.969	-8.000
hosh	rural_settlement	settlement	3.000	3.600	10.000	0	0.000	0	8.635	-3.000
hostilia	rural_settlement	settlement	4.000	4.400	13.000	0	0.000	0	9.679	-3.000
hostiliusanus	rural_settlement	settlement	15.000	19.400	9.000	0	0.000	0	16.311	-3.000
hotan	rural_settlement	settlement	5.000	4.600	12.000	0	0.000	0	9.798	-3.000
howar	rural_settlement	settlement	3.000	3.600	9.000	0	0.000	0	8.565	-3.000
hrabiv	rural_settlement	settlement	2.000	1.600	7.000	0	0.000	0	5.459	-8.000
hrezlya	rural_settlement	settlement	3.000	2.400	7.000	0	0.000	0	6.854	-8.000
hubuna	rural_settlement	settlement	1.000	0.800	6.000	0	0.000	0	3.476	-8.000
hudi	rural_settlement	settlement	6.000	8.800	15.000	0	0.000	0	12.918	-3.000
hufrah	rural_settlement	settlement	3.000	4.400	10.000	0	0.000	0	9.469	-3.000
huliyar	rural_settlement	settlement	11.000	14.200	10.000	0	0.000	0	14.851	-3.000
hulwah	rural_settlement	settlement	1.000	0.800	6.000	0	0.000	0	3.476	-8.000
humar	rural_settlement	settlement	1.000	0.800	5.000	0	0.000	0	3.406	-8.000
hun	rural_settlement	settlement	5.000	4.200	10.000	0	0.000	0	9.273	-3.000
hunza	rural_settlement	settlement	2.000	2.600	6.000	0	0.000	0	7.081	-8.000
hurasa	rural_settlement	settlement	3.000	2.600	5.000	0	0.000	0	7.011	-8.000
huraymila	rural_settlement	settlement	2.000	1.600	6.000	0	0.000	0	5.389	-8.000
huruir	rural_settlement	settlement	9.000	9.800	5.000	0	0.000	0	12.724	-3.000
huskapura	rural_settlement	settlement	4.000	3.400	8.000	0	0.000	0	8.264	-3.000
huvadhoo	rural_settlement	settlement	2.000	2.600	7.000	0	0.000	0	7.151	-8.000
hydata	rural_settlement	settlement	8.000	11.200	6.000	0	0.000	0	13.427	-3.000
hydriacus	rural_settlement	settlement	3.000	2.600	29.000	0	0.000	0	8.691	-3.000
hydruntum	rural_settlement	settlement	5.000	6.200	12.000	0	1.000	1	12.853	-3.000
hygreis	rural_settlement	settlement	8.000	13.000	12.000	0	0.000	0	14.563	-3.000
hylaia	rural_settlement	settlement	6.000	8.400	12.000	0	0.000	0	12.492	-3.000
hyllarima	rural_settlement	settlement	2.000	2.600	22.000	0	0.000	0	8.201	-3.000
hypaipa	rural_settlement	settlement	4.000	6.000	24.000	0	0.000	0	11.799	-3.000
hypanera	rural_settlement	settlement	3.000	3.600	8.000	0	0.000	0	8.495	-3.000
hypanispa	rural_settlement	settlement	4.000	4.200	5.000	0	0.000	0	8.923	-3.000
hypate	rural_settlement	settlement	4.000	6.200	22.000	0	0.000	0	11.805	-3.000
hyperperakion	rural_settlement	settlement	6.000	8.600	18.000	0	0.000	0	13.021	-3.000
hypsele	rural_settlement	settlement	5.000	7.800	31.000	0	0.000	0	13.479	-3.000
hyrkanis	rural_settlement	settlement	4.000	6.000	24.000	0	0.000	0	11.799	-3.000
hyssa	rural_settlement	settlement	3.000	3.600	24.000	0	0.000	0	9.615	-3.000
hyssos	rural_settlement	settlement	6.000	7.800	24.000	0	0.000	0	12.989	-3.000
iabrouda	rural_settlement	settlement	5.000	6.400	23.000	0	0.000	0	12.018	-3.000
iacca	rural_settlement	settlement	4.000	4.200	7.000	0	0.000	0	9.063	-3.000
iados	rural_settlement	settlement	2.000	1.800	3.000	0	0.000	0	5.564	-8.000
iadua	rural_settlement	settlement	1.000	0.800	3.000	0	0.000	0	3.266	-8.000
ialla	rural_settlement	settlement	5.000	4.400	8.000	0	0.000	0	9.329	-3.000
iamneia	rural_settlement	settlement	4.000	4.400	26.000	2	0.000	0	11.798	-3.000
iasonia	rural_settlement	settlement	9.000	12.000	31.000	0	0.000	0	15.508	-3.000
iasonion	rural_settlement	settlement	5.000	8.200	21.000	0	0.000	0	13.010	-3.000
iasos	rural_settlement	settlement	7.000	12.000	21.000	1	0.000	0	15.570	-3.000
iaspis	rural_settlement	settlement	4.000	4.200	9.000	0	0.000	0	9.203	-3.000
iassorum	rural_settlement	settlement	7.000	11.400	10.000	0	0.000	0	13.792	-3.000
iathrippa	rural_settlement	settlement	2.000	1.600	12.000	0	0.000	0	5.809	-8.000
iatinon	rural_settlement	settlement	8.000	9.600	9.000	0	0.000	0	12.906	-3.000
iazygia	rural_settlement	settlement	5.000	5.200	0.000	0	0.000	0	9.488	-3.000
iazygiana	rural_settlement	settlement	6.000	8.400	0.000	0	0.000	0	11.652	-3.000
ibadura	rural_settlement	settlement	1.000	0.800	0.000	0	0.000	0	3.056	-8.000
ibel	rural_settlement	settlement	2.000	1.600	3.000	0	0.000	0	5.179	-8.000
ibora	rural_settlement	settlement	7.000	8.600	9.000	0	0.000	0	12.391	-3.000
ibri	rural_settlement	settlement	3.000	2.400	7.000	0	0.000	0	6.854	-8.000
ichnae	rural_settlement	settlement	5.000	7.400	23.000	0	0.000	0	12.677	-3.000
ichthyaleia	rural_settlement	settlement	6.000	6.800	19.000	0	0.000	0	12.011	-3.000
iciodoro	rural_settlement	settlement	5.000	5.000	9.000	0	0.000	0	9.947	-3.000
iconeia	rural_settlement	settlement	2.000	1.600	0.000	0	0.000	0	4.969	-8.000
iconium	city	city	4.000	6.000	35.000	3	0.000	0	15.594	-5.000
icorigium	rural_settlement	settlement	4.000	4.200	9.000	0	0.000	0	9.203	-3.000
icosium	rural_settlement	settlement	3.000	3.400	26.000	0	1.000	1	11.272	-3.000
iculisma	rural_settlement	settlement	9.000	10.800	11.000	0	0.000	0	13.604	-3.000
idalion	rural_settlement	settlement	5.000	8.400	26.000	0	0.000	0	13.472	-3.000
idassa	town	city	3.000	3.600	15.000	0	1.000	1	12.233	-9.000
idimum	rural_settlement	settlement	4.000	7.400	9.000	0	0.000	0	11.697	-3.000
idistavisus	rural_settlement	settlement	2.000	1.800	5.000	0	0.000	0	5.704	-8.000
idu	rural_settlement	settlement	4.000	4.800	28.000	2	0.000	0	12.309	-3.000
idunum	rural_settlement	settlement	6.000	6.000	9.000	0	0.000	0	10.749	-3.000
idyma	rural_settlement	settlement	4.000	6.000	26.000	0	0.000	0	11.939	-3.000
idzhevan	rural_settlement	settlement	2.000	1.800	18.000	0	0.000	0	6.614	-8.000
iepana	rural_settlement	settlement	3.000	3.600	7.000	0	0.000	0	8.425	-3.000
iezreel	rural_settlement	settlement	3.000	3.600	24.000	0	0.000	0	9.615	-3.000
ifran	rural_settlement	settlement	3.000	2.400	5.000	0	0.000	0	6.714	-8.000
ifri	rural_settlement	settlement	2.000	1.800	3.000	0	0.000	0	5.564	-8.000
igabrum	rural_settlement	settlement	5.000	5.000	8.000	0	0.000	0	9.877	-3.000
igaeditania	rural_settlement	settlement	5.000	5.000	9.000	0	0.000	0	9.947	-3.000
ighkoy	rural_settlement	settlement	1.000	0.800	0.000	0	0.000	0	3.056	-8.000
igilgili	town	city	19.000	36.000	29.000	0	1.000	1	24.054	8.000
igli	rural_settlement	settlement	2.000	1.600	5.000	0	0.000	0	5.319	-8.000
iguernane	rural_settlement	settlement	3.000	2.600	3.000	0	0.000	0	6.871	-8.000
iguvium	town	city	17.000	28.000	29.000	0	0.000	0	21.040	4.000
iherir	rural_settlement	settlement	1.000	0.800	5.000	0	0.000	0	3.406	-8.000
ihnum	rural_settlement	settlement	10.000	14.600	21.000	0	0.000	0	15.756	-3.000
ijliya	rural_settlement	settlement	2.000	1.600	5.000	0	0.000	0	5.319	-8.000
ikhlef	rural_settlement	settlement	1.000	0.800	5.000	0	0.000	0	3.406	-8.000
ikroni	rural_settlement	settlement	4.000	6.000	17.000	0	0.000	0	11.309	-3.000
ileigha	rural_settlement	settlement	5.000	6.800	12.000	0	0.000	0	11.521	-3.000
ilerda	rural_settlement	settlement	4.000	4.200	8.000	0	0.000	0	9.133	-3.000
ilicha	rural_settlement	settlement	3.000	2.400	6.000	0	0.000	0	6.784	-8.000
ilici	rural_settlement	settlement	5.000	5.000	10.000	0	0.000	0	10.017	-3.000
iligh	rural_settlement	settlement	9.000	7.800	7.000	0	0.000	0	11.799	-3.000
ilion	town	city	8.000	11.600	28.000	2	1.000	1	19.591	3.000
ilipa	rural_settlement	settlement	7.000	8.600	19.000	0	0.000	0	13.091	-3.000
ilipla	town	city	11.000	19.200	25.000	0	0.000	0	18.880	1.000
ilistra	rural_settlement	settlement	5.000	6.200	15.000	0	0.000	0	11.315	-3.000
iliturgicola	rural_settlement	settlement	5.000	5.000	13.000	0	0.000	0	10.227	-3.000
iliturgis	rural_settlement	settlement	5.000	5.000	15.000	0	0.000	0	10.367	-3.000
illizi	rural_settlement	settlement	2.000	1.600	5.000	0	0.000	0	5.319	-8.000
ilorci	rural_settlement	settlement	4.000	4.200	11.000	0	0.000	0	9.343	-3.000
ilounon	rural_settlement	settlement	3.000	3.400	11.000	0	0.000	0	8.474	-3.000
ilovlya	rural_settlement	settlement	3.000	2.400	6.000	0	0.000	0	6.784	-8.000
iluberis	rural_settlement	settlement	7.000	7.600	9.000	0	0.000	0	11.819	-3.000
ilugo	rural_settlement	settlement	7.000	6.600	13.000	0	0.000	0	11.456	-3.000
ilurcis	rural_settlement	settlement	6.000	5.800	9.000	0	0.000	0	10.598	-3.000
iluro	rural_settlement	settlement	5.000	6.000	11.000	0	0.000	0	10.889	-3.000
ilva	rural_settlement	settlement	18.000	24.800	24.000	0	0.000	0	18.582	-3.000
imankara	rural_settlement	settlement	3.000	2.400	6.000	0	0.000	0	6.784	-8.000
imarash	rural_settlement	settlement	5.000	7.800	17.000	0	0.000	0	12.499	-3.000
imberimi	rural_settlement	settlement	1.000	0.800	7.000	0	0.000	0	3.546	-8.000
imbros	rural_settlement	settlement	8.000	12.800	19.000	0	0.000	0	14.978	-3.000
imedak	rural_settlement	settlement	3.000	2.400	5.000	0	0.000	0	6.714	-8.000
imighzer	rural_settlement	settlement	3.000	2.400	5.000	0	0.000	0	6.714	-8.000
in_murio	rural_settlement	settlement	6.000	5.000	7.000	0	0.000	0	9.807	-3.000
inatius	rural_settlement	settlement	3.000	4.000	8.000	0	0.000	0	8.929	-3.000
inayati	rural_settlement	settlement	4.000	4.400	19.000	0	0.000	0	10.099	-3.000
incero	rural_settlement	settlement	6.000	6.000	10.000	0	0.000	0	10.819	-3.000
incusum	rural_settlement	settlement	3.000	3.400	11.000	0	0.000	0	8.474	-3.000
indabara	rural_settlement	settlement	15.000	19.800	24.000	0	0.000	0	17.462	-3.000
inde	rural_settlement	settlement	5.000	7.800	24.000	2	0.000	0	14.197	-3.000
inder	rural_settlement	settlement	3.000	2.400	6.000	0	0.000	0	6.784	-8.000
indibilis	rural_settlement	settlement	6.000	5.800	8.000	0	0.000	0	10.528	-3.000
indikomordana	rural_settlement	settlement	8.000	10.400	21.000	0	0.000	0	14.125	-3.000
indraprastha	city	city	35.000	54.200	33.000	0	0.000	0	24.667	9.000
indur	town	city	18.000	22.400	15.000	0	0.000	0	18.944	1.000
ine	rural_settlement	settlement	2.000	1.600	5.000	0	0.000	0	5.319	-8.000
ingena	rural_settlement	settlement	9.000	14.000	11.000	0	0.000	0	14.852	-3.000
inhiminen	rural_settlement	settlement	3.000	2.400	5.000	0	0.000	0	6.714	-8.000
innaba	rural_settlement	settlement	6.000	7.000	11.000	0	0.000	0	11.583	-3.000
insula_anglorum	rural_settlement	settlement	5.000	7.600	5.000	0	1.000	1	13.287	-3.000
intaranum	rural_settlement	settlement	5.000	5.200	11.000	0	0.000	0	10.258	-3.000
interamicia	rural_settlement	settlement	3.000	3.400	9.000	0	0.000	0	8.334	-3.000
interamnia	rural_settlement	settlement	15.000	22.400	9.000	0	0.000	0	17.024	-3.000
interamnium	rural_settlement	settlement	7.000	9.200	9.000	0	0.000	0	12.706	-3.000
intercatia	rural_settlement	settlement	5.000	5.000	11.000	0	0.000	0	10.087	-3.000
intercisa	rural_settlement	settlement	8.000	8.800	9.000	0	0.000	0	12.498	-3.000
inzu	rural_settlement	settlement	2.000	1.600	5.000	0	0.000	0	5.319	-8.000
iol	town	city	11.000	16.800	29.000	0	1.000	1	20.249	3.000
ioppe	town	city	9.000	13.000	31.000	2	0.000	0	18.602	1.000
ioppe_iberia	rural_settlement	settlement	7.000	8.400	11.000	0	0.000	0	12.422	-3.000
ios	rural_settlement	settlement	4.000	6.200	19.000	0	0.000	0	11.595	-3.000
ioulia_libika	rural_settlement	settlement	5.000	5.000	6.000	0	0.000	0	9.737	-3.000
iovia	rural_settlement	settlement	5.000	5.200	9.000	0	0.000	0	10.118	-3.000
ioviacum	rural_settlement	settlement	6.000	6.000	11.000	0	0.000	0	10.889	-3.000
iovisura	rural_settlement	settlement	3.000	3.400	11.000	0	0.000	0	8.474	-3.000
ipasyam	rural_settlement	settlement	2.000	1.600	5.000	0	0.000	0	5.319	-8.000
ipolcobulcola	rural_settlement	settlement	5.000	5.000	13.000	0	0.000	0	10.227	-3.000
iporca	town	city	9.000	16.200	13.000	0	0.000	0	17.204	-1.000
ippa	rural_settlement	settlement	1.000	0.800	6.000	0	0.000	0	3.476	-8.000
ipsos	rural_settlement	settlement	5.000	6.200	26.000	0	0.000	0	12.085	-3.000
irakadene	rural_settlement	settlement	1.000	0.800	5.000	0	0.000	0	3.406	-8.000
iram	town	city	8.000	14.400	17.000	0	0.000	0	16.909	-2.000
iravatyavar	rural_settlement	settlement	7.000	8.600	28.000	0	0.000	0	13.721	-3.000
irkant	rural_settlement	settlement	2.000	1.600	5.000	0	0.000	0	5.319	-8.000
irkat	rural_settlement	settlement	1.000	0.800	3.000	0	0.000	0	3.266	-8.000
irkeshtam	rural_settlement	settlement	5.000	6.800	16.000	0	0.000	0	11.801	-3.000
irmana	rural_settlement	settlement	1.000	0.800	3.000	0	0.000	0	3.266	-8.000
irni	rural_settlement	settlement	7.000	8.600	19.000	0	0.000	0	13.091	-3.000
irsha	rural_settlement	settlement	2.000	1.600	7.000	0	0.000	0	5.459	-8.000
iryk	rural_settlement	settlement	1.000	0.800	6.000	0	0.000	0	3.476	-8.000
isala	rural_settlement	settlement	4.000	3.400	0.000	0	0.000	0	7.704	-3.000
isamnion	rural_settlement	settlement	3.000	2.400	10.000	0	0.000	0	7.064	-8.000
isara	rural_settlement	settlement	6.000	5.800	9.000	0	0.000	0	10.598	-3.000
isarnodurum	rural_settlement	settlement	5.000	6.600	9.000	0	0.000	0	11.176	-3.000
isaura	town	city	4.000	6.000	20.000	0	0.000	0	13.019	-7.000
isca_dumnoniorum	town	city	15.000	18.400	16.000	0	1.000	1	19.787	3.000
iscalis	rural_settlement	settlement	5.000	6.000	9.000	0	0.000	0	10.749	-3.000
iscina	rural_settlement	settlement	3.000	2.600	10.000	0	0.000	0	7.361	-8.000
iscronia	rural_settlement	settlement	6.000	6.800	8.000	0	0.000	0	11.241	-3.000
isfijab	rural_settlement	settlement	5.000	7.400	18.000	0	0.000	0	12.327	-3.000
ishkenk	rural_settlement	settlement	3.000	4.400	0.000	0	0.000	0	8.769	-3.000
ishkewt	rural_settlement	settlement	5.000	6.200	19.000	0	0.000	0	11.595	-3.000
isieion	rural_settlement	settlement	9.000	14.000	33.000	0	0.000	0	16.392	-3.000
isila	rural_settlement	settlement	12.000	17.600	11.000	0	0.000	0	15.970	-3.000
isin	rural_settlement	settlement	7.000	9.400	33.000	0	0.000	0	14.487	-3.000
isinda	rural_settlement	settlement	4.000	6.000	13.000	0	0.000	0	11.029	-3.000
isinisca	rural_settlement	settlement	5.000	6.600	11.000	0	0.000	0	11.316	-3.000
isis	rural_settlement	settlement	9.000	12.800	18.000	0	0.000	0	14.908	-3.000
isiturgis	rural_settlement	settlement	4.000	4.200	13.000	0	0.000	0	9.483	-3.000
iska	rural_settlement	settlement	2.000	1.600	0.000	0	0.000	0	4.969	-8.000
iskushuban	rural_settlement	settlement	6.000	6.200	12.000	0	0.000	0	11.105	-3.000
isli	rural_settlement	settlement	3.000	2.600	3.000	0	0.000	0	6.871	-8.000
issa	town	city	9.000	14.000	29.000	0	1.000	1	19.360	2.000
issatis	rural_settlement	settlement	8.000	10.200	31.000	0	0.000	0	14.733	-3.000
issus	rural_settlement	settlement	6.000	7.800	24.000	2	0.000	0	14.197	-3.000
issyk	rural_settlement	settlement	8.000	11.400	21.000	0	0.000	0	14.562	-3.000
istana	rural_settlement	settlement	4.000	6.200	17.000	0	0.000	0	11.455	-3.000
istarava	rural_settlement	settlement	4.000	6.000	17.000	0	0.000	0	11.309	-3.000
isteria	rural_settlement	settlement	4.000	4.200	8.000	0	0.000	0	9.133	-3.000
isteriana	rural_settlement	settlement	4.000	4.200	6.000	0	0.000	0	8.993	-3.000
istrianon	rural_settlement	settlement	6.000	6.400	21.000	0	0.000	0	11.878	-3.000
istudak	rural_settlement	settlement	4.000	5.800	5.000	0	0.000	0	10.318	-3.000
isukara	rural_settlement	settlement	10.000	14.600	26.000	0	0.000	0	16.106	-3.000
isurium	rural_settlement	settlement	7.000	6.800	6.000	0	0.000	0	11.101	-3.000
itahar	rural_settlement	settlement	8.000	7.800	26.000	0	0.000	0	13.129	-3.000
italica	town	city	8.000	14.200	25.000	0	0.000	0	17.401	-1.000
itamos	rural_settlement	settlement	5.000	5.400	17.000	0	0.000	0	10.843	-3.000
itkhvissi	rural_settlement	settlement	4.000	6.000	20.000	0	0.000	0	11.519	-3.000
ituci	rural_settlement	settlement	5.000	5.000	15.000	0	0.000	0	10.367	-3.000
itwa	rural_settlement	settlement	10.000	11.200	28.000	0	0.000	0	14.967	-3.000
iulia_concordia	rural_settlement	settlement	6.000	7.800	10.000	0	0.000	0	12.009	-3.000
iuliacum	rural_settlement	settlement	5.000	5.000	9.000	0	0.000	0	9.947	-3.000
iuliomagus	rural_settlement	settlement	5.000	5.000	11.000	0	0.000	0	10.087	-3.000
iulipa	rural_settlement	settlement	4.000	4.200	11.000	0	0.000	0	9.343	-3.000
iuncaria	rural_settlement	settlement	7.000	6.600	8.000	0	0.000	0	11.106	-3.000
iuthra	rural_settlement	settlement	4.000	3.600	18.000	0	0.000	0	9.195	-3.000
iuvanum	rural_settlement	settlement	11.000	17.800	9.000	0	0.000	0	15.886	-3.000
iuvavum	rural_settlement	settlement	6.000	9.000	11.000	0	0.000	0	12.743	-3.000
iuwo	rural_settlement	settlement	9.000	10.800	17.000	0	0.000	0	14.024	-3.000
ivernia	rural_settlement	settlement	3.000	2.400	8.000	0	0.000	0	6.924	-8.000
ivernia_australis	rural_settlement	settlement	2.000	1.600	8.000	0	0.000	0	5.529	-8.000
ivernia_borealis	rural_settlement	settlement	2.000	1.600	0.000	0	0.000	0	4.969	-8.000
iyiche	rural_settlement	settlement	3.000	2.600	5.000	0	0.000	0	7.011	-8.000
izala_mons	rural_settlement	settlement	1.000	0.800	29.000	0	0.000	0	5.086	-8.000
izam	rural_settlement	settlement	1.000	0.800	10.000	0	0.000	0	3.756	-8.000
izdeg	rural_settlement	settlement	3.000	2.600	3.000	0	0.000	0	6.871	-8.000
izha	rural_settlement	settlement	1.000	0.800	0.000	0	0.000	0	3.056	-8.000
izreraouene	rural_settlement	settlement	1.000	0.800	5.000	0	0.000	0	3.406	-8.000
jabbanah	rural_settlement	settlement	2.000	1.600	10.000	0	0.000	0	5.669	-8.000
jadamapura	rural_settlement	settlement	12.000	15.200	23.000	0	0.000	0	16.092	-3.000
jafr	rural_settlement	settlement	1.000	0.800	10.000	0	0.000	0	3.756	-8.000
jagadamba	rural_settlement	settlement	13.000	16.200	24.000	0	0.000	0	16.474	-3.000
jagdalpur	town	city	9.000	14.200	13.000	0	0.000	0	16.561	-2.000
jaghbub	rural_settlement	settlement	3.000	2.600	28.000	0	0.000	0	8.621	-3.000
jaisingpura	rural_settlement	settlement	11.000	15.000	28.000	0	0.000	0	16.377	-3.000
jajatipura	rural_settlement	settlement	6.000	7.000	20.000	0	0.000	0	12.213	-3.000
jalandhara	rural_settlement	settlement	26.000	38.600	28.000	2	0.000	0	22.298	-3.000
jalka	rural_settlement	settlement	3.000	2.400	5.000	0	0.000	0	6.714	-8.000
jamadaganipura	rural_settlement	settlement	8.000	10.000	28.000	0	0.000	0	14.429	-3.000
jambukola_pattana	town	city	8.000	13.600	26.000	0	0.000	0	17.261	-1.000
jamnah	rural_settlement	settlement	7.000	8.400	15.000	0	0.000	0	12.702	-3.000
janaqala	rural_settlement	settlement	8.000	12.000	0.000	0	0.000	0	13.338	-3.000
jangteng	rural_settlement	settlement	4.000	4.400	8.000	0	0.000	0	9.329	-3.000
janobi	rural_settlement	settlement	2.000	1.600	6.000	0	0.000	0	5.389	-8.000
japa	rural_settlement	settlement	9.000	8.400	9.000	0	0.000	0	12.282	-3.000
jarvi	rural_settlement	settlement	2.000	1.600	5.000	0	0.000	0	5.319	-8.000
jasen	rural_settlement	settlement	4.000	3.200	5.000	0	0.000	0	7.812	-3.000
jashalam	rural_settlement	settlement	1.000	0.800	10.000	0	0.000	0	3.756	-8.000
jaugada	town	city	9.000	16.000	25.000	0	0.000	0	17.983	-1.000
jauhadak	rural_settlement	settlement	3.000	2.400	5.000	0	0.000	0	6.714	-8.000
javakheti	rural_settlement	settlement	3.000	3.600	18.000	0	0.000	0	9.195	-3.000
jaxartes	rural_settlement	settlement	1.000	0.800	0.000	0	0.000	0	3.056	-8.000
jaxartia	rural_settlement	settlement	2.000	1.800	0.000	0	0.000	0	5.354	-8.000
jayapura_0	rural_settlement	settlement	8.000	10.200	28.000	0	0.000	0	14.523	-3.000
jayapura_1	town	city	21.000	32.000	29.000	2	0.000	0	22.920	7.000
jayatnagar	rural_settlement	settlement	10.000	11.400	9.000	0	0.000	0	13.722	-3.000
jebel_moya	rural_settlement	settlement	17.000	24.000	10.000	0	0.000	0	17.438	-3.000
jebha	rural_settlement	settlement	2.000	1.600	8.000	0	0.000	0	5.529	-8.000
jekabpils	rural_settlement	settlement	1.000	0.800	0.000	0	0.000	0	3.056	-8.000
jellemeh	rural_settlement	settlement	4.000	5.400	26.000	0	0.000	0	11.473	-3.000
jericho	town	city	16.000	26.000	30.000	0	0.000	0	20.738	4.000
jerusalem	town	city	20.000	34.800	30.000	0	0.000	0	22.205	5.000
jessore	rural_settlement	settlement	6.000	6.400	24.000	0	0.000	0	12.088	-3.000
jhabua	rural_settlement	settlement	10.000	10.800	28.000	0	0.000	0	14.794	-3.000
jhala	rural_settlement	settlement	8.000	9.000	24.000	0	0.000	0	13.653	-3.000
jhalawar	rural_settlement	settlement	8.000	9.200	26.000	0	0.000	0	13.896	-3.000
jhelum	rural_settlement	settlement	6.000	7.600	8.000	0	0.000	0	11.749	-3.000
jhinvali	rural_settlement	settlement	3.000	5.200	16.000	0	0.000	0	10.608	-3.000
jhodga	rural_settlement	settlement	7.000	10.400	9.000	0	0.000	0	13.285	-3.000
jidali	rural_settlement	settlement	6.000	6.200	12.000	0	0.000	0	11.105	-3.000
jidbaaley	rural_settlement	settlement	2.000	1.600	7.000	0	0.000	0	5.459	-8.000
jieshan	rural_settlement	settlement	3.000	2.400	9.000	0	0.000	0	6.994	-8.000
jirapur	rural_settlement	settlement	14.000	17.800	28.000	0	0.000	0	17.216	-3.000
jirbend	rural_settlement	settlement	6.000	9.600	5.000	0	0.000	0	12.626	-3.000
jobnathnagar	rural_settlement	settlement	7.000	11.200	24.000	2	0.000	0	15.896	-3.000
joniskis	rural_settlement	settlement	1.000	0.800	0.000	0	0.000	0	3.056	-8.000
jorf	rural_settlement	settlement	3.000	2.400	3.000	0	0.000	0	6.574	-8.000
juba	rural_settlement	settlement	3.000	2.400	7.000	0	1.000	1	8.601	-3.000
jubbah	town	city	8.000	9.400	13.000	0	0.000	0	14.587	-4.000
jufrah	rural_settlement	settlement	1.000	0.800	10.000	0	0.000	0	3.756	-8.000
jula	rural_settlement	settlement	3.000	5.200	20.000	0	0.000	0	10.888	-3.000
jurash	rural_settlement	settlement	7.000	7.800	6.000	0	0.000	0	11.729	-3.000
juuri	rural_settlement	settlement	2.000	1.600	5.000	0	0.000	0	5.319	-8.000
jyr	rural_settlement	settlement	2.000	1.600	0.000	0	0.000	0	4.969	-8.000
jyv	rural_settlement	settlement	3.000	2.400	5.000	0	0.000	0	6.714	-8.000
kaahka_pamir	rural_settlement	settlement	4.000	3.600	21.000	0	0.000	0	9.405	-3.000
kabakle	rural_settlement	settlement	5.000	8.600	18.000	0	0.000	0	13.021	-3.000
kaballa	rural_settlement	settlement	3.000	3.600	18.000	0	0.000	0	9.195	-3.000
kabassos	rural_settlement	settlement	4.000	4.400	18.000	0	0.000	0	10.029	-3.000
kabeira	town	city	4.000	6.000	14.000	0	0.000	0	12.599	-8.000
kabia	rural_settlement	settlement	6.000	8.800	24.000	0	0.000	0	13.548	-3.000
kabiosa	rural_settlement	settlement	6.000	11.000	24.000	2	0.000	0	15.810	-3.000
kabolite	rural_settlement	settlement	6.000	11.600	17.000	0	0.000	0	14.365	-3.000
kaboura	rural_settlement	settlement	6.000	5.600	27.000	0	0.000	0	11.703	-3.000
kabrit	rural_settlement	settlement	2.000	1.600	5.000	0	0.000	0	5.319	-8.000
kabyk	rural_settlement	settlement	5.000	7.400	16.000	0	0.000	0	12.187	-3.000
kabyle	rural_settlement	settlement	5.000	7.800	18.000	0	0.000	0	12.569	-3.000
kaccha	rural_settlement	settlement	5.000	6.600	26.000	0	0.000	0	12.366	-3.000
kach_kouch	rural_settlement	settlement	8.000	6.600	11.000	0	0.000	0	11.316	-3.000
kadapa	rural_settlement	settlement	10.000	10.200	9.000	0	0.000	0	13.193	-3.000
kadasa	town	city	13.000	22.600	29.000	0	0.000	0	19.968	3.000
kadinava	rural_settlement	settlement	4.000	6.000	9.000	0	0.000	0	10.749	-3.000
kadiri	rural_settlement	settlement	7.000	10.000	11.000	0	0.000	0	13.239	-3.000
kadoi	town	city	4.000	6.000	29.000	0	0.000	0	13.649	-6.000
kadus	rural_settlement	settlement	3.000	2.600	5.000	0	0.000	0	7.011	-8.000
kadyanda	rural_settlement	settlement	6.000	9.600	24.000	0	0.000	0	13.956	-3.000
kafir_kala	rural_settlement	settlement	3.000	3.600	21.000	0	0.000	0	9.405	-3.000
kafkasos	rural_settlement	settlement	1.000	0.800	6.000	0	0.000	0	3.476	-8.000
kaflur	rural_settlement	settlement	1.000	0.800	3.000	0	0.000	0	3.266	-8.000
kagmar	rural_settlement	settlement	1.000	0.800	5.000	0	0.000	0	3.406	-8.000
kagra	rural_settlement	settlement	6.000	7.200	17.000	0	0.000	0	12.131	-3.000
kagrai	rural_settlement	settlement	3.000	3.600	13.000	0	0.000	0	8.845	-3.000
kahl	town	city	10.000	12.400	11.000	0	0.000	0	15.765	-3.000
kahnpuria	rural_settlement	settlement	18.000	20.600	28.000	2	0.000	0	19.146	-3.000
kahu_jo_darro	rural_settlement	settlement	4.000	5.400	23.000	0	0.000	0	11.263	-3.000
kailash	rural_settlement	settlement	4.000	5.200	6.000	0	0.000	0	9.908	-3.000
kaine	rural_settlement	settlement	4.000	4.400	28.000	0	0.000	0	10.729	-3.000
kainepolis_syracene	town	city	4.000	6.000	29.000	0	0.000	0	13.649	-6.000
kainon	rural_settlement	settlement	3.000	6.600	18.000	0	0.000	0	11.806	-3.000
kajangala	town	city	30.000	53.200	29.000	2	1.000	1	27.248	11.000
kakabi	rural_settlement	settlement	7.000	9.000	13.000	0	0.000	0	12.883	-3.000
kakanada	rural_settlement	settlement	1.000	0.800	24.000	0	0.000	0	4.736	-8.000
kakaradika	rural_settlement	settlement	8.000	8.000	8.000	0	0.000	0	11.986	-3.000
kala	rural_settlement	settlement	5.000	7.000	5.000	0	0.000	0	11.163	-3.000
kalabeyr	rural_settlement	settlement	5.000	5.000	12.000	0	0.000	0	10.157	-3.000
kaladasht	rural_settlement	settlement	5.000	5.400	3.000	0	0.000	0	9.863	-3.000
kalakaris	rural_settlement	settlement	7.000	10.000	19.000	0	0.000	0	13.799	-3.000
kalakoy	rural_settlement	settlement	2.000	1.600	10.000	0	0.000	0	5.669	-8.000
kalana	rural_settlement	settlement	4.000	4.200	2.000	0	0.000	0	8.713	-3.000
kalanshah	rural_settlement	settlement	1.000	0.800	10.000	0	0.000	0	3.756	-8.000
kalapriya	rural_settlement	settlement	8.000	9.800	24.000	0	0.000	0	14.054	-3.000
kalas_0	rural_settlement	settlement	7.000	7.200	7.000	0	1.000	1	13.179	-3.000
kalas_1	rural_settlement	settlement	2.000	1.800	7.000	0	0.000	0	5.844	-8.000
kalavad	rural_settlement	settlement	6.000	6.000	24.000	0	0.000	0	11.799	-3.000
kale_peuke	rural_settlement	settlement	9.000	13.400	18.000	0	0.000	0	15.130	-3.000
kalesar	rural_settlement	settlement	9.000	14.600	6.000	0	0.000	0	14.706	-3.000
kalgouia	rural_settlement	settlement	3.000	2.600	20.000	0	0.000	0	8.061	-3.000
kalhu	rural_settlement	settlement	6.000	9.200	31.000	0	0.000	0	14.246	-3.000
kalindoia	rural_settlement	settlement	8.000	9.200	24.000	0	0.000	0	13.756	-3.000
kalinganagara	town	city	24.000	44.600	23.000	0	1.000	1	24.721	9.000
kalkry	rural_settlement	settlement	3.000	3.600	5.000	0	0.000	0	8.285	-3.000
kallias	rural_settlement	settlement	2.000	4.200	28.000	0	0.000	0	10.533	-3.000
kalliena	rural_settlement	settlement	12.000	17.400	18.000	0	0.000	0	16.404	-3.000
kalligeris	rural_settlement	settlement	14.000	19.600	9.000	0	0.000	0	16.362	-3.000
kallipolis	rural_settlement	settlement	5.000	6.000	21.000	0	0.000	0	11.589	-3.000
kallipolis_iberias	rural_settlement	settlement	5.000	7.800	26.000	0	1.000	1	14.876	-3.000
kallydion	rural_settlement	settlement	4.000	6.000	24.000	0	0.000	0	11.799	-3.000
kalm	rural_settlement	settlement	3.000	2.600	6.000	0	0.000	0	7.081	-8.000
kalmand	rural_settlement	settlement	4.000	5.800	28.000	0	0.000	0	11.928	-3.000
kalmykovskii	rural_settlement	settlement	2.000	1.600	0.000	0	0.000	0	4.969	-8.000
kalos_limen	rural_settlement	settlement	8.000	13.000	22.000	0	0.000	0	15.263	-3.000
kalpe	rural_settlement	settlement	7.000	11.600	24.000	0	1.000	1	16.603	-3.000
kalumukha	rural_settlement	settlement	1.000	0.800	24.000	0	0.000	0	4.736	-8.000
kalyana	rural_settlement	settlement	6.000	9.200	18.000	0	0.000	0	13.336	-3.000
kalyani	town	city	4.000	7.000	29.000	0	1.000	1	16.091	-3.000
kalyani_asika	town	city	14.000	27.000	16.000	0	0.000	0	19.947	3.000
kalymnos	rural_settlement	settlement	8.000	15.000	24.000	0	0.000	0	16.097	-3.000
kamachia	rural_settlement	settlement	2.000	2.800	1.000	0	0.000	0	7.012	-8.000
kamai	rural_settlement	settlement	8.000	12.000	23.000	0	0.000	0	14.948	-3.000
kamakhyanagar	rural_settlement	settlement	3.000	3.600	17.000	0	0.000	0	9.125	-3.000
kamalanga	rural_settlement	settlement	3.000	3.600	15.000	0	0.000	0	8.985	-3.000
kambousis	rural_settlement	settlement	4.000	4.400	25.000	0	0.000	0	10.519	-3.000
kameiros	rural_settlement	settlement	8.000	13.200	22.000	0	0.000	0	15.337	-3.000
kamekol	rural_settlement	settlement	3.000	2.400	6.000	0	0.000	0	6.784	-8.000
kamisa	town	city	3.000	5.000	23.000	0	0.000	0	12.427	-9.000
kammonai	rural_settlement	settlement	10.000	15.800	26.000	0	0.000	0	16.491	-3.000
kamo	rural_settlement	settlement	3.000	3.600	18.000	0	0.000	0	9.195	-3.000
kamoulianai	rural_settlement	settlement	4.000	4.400	18.000	0	0.000	0	10.029	-3.000
kampili	rural_settlement	settlement	14.000	20.000	28.000	2	0.000	0	19.000	-3.000
kanale	rural_settlement	settlement	1.000	0.800	0.000	0	0.000	0	3.056	-8.000
kanat	rural_settlement	settlement	3.000	5.000	29.000	0	0.000	0	11.347	-3.000
kanci	rural_settlement	settlement	3.000	2.400	5.000	0	0.000	0	6.714	-8.000
kancipuram	rural_settlement	settlement	10.000	14.000	19.000	0	0.000	0	15.412	-3.000
kandar	rural_settlement	settlement	4.000	3.200	5.000	0	0.000	0	7.812	-3.000
kandara	rural_settlement	settlement	6.000	7.000	18.000	0	0.000	0	12.073	-3.000
kandyba	rural_settlement	settlement	4.000	6.000	24.000	0	0.000	0	11.799	-3.000
kanelate	rural_settlement	settlement	7.000	10.200	24.000	0	0.000	0	14.243	-3.000
kanepsa	rural_settlement	settlement	7.000	9.400	7.000	0	0.000	0	12.667	-3.000
kanganwala	rural_settlement	settlement	3.000	3.600	18.000	0	0.000	0	9.195	-3.000
kangavar	rural_settlement	settlement	16.000	24.000	29.000	2	0.000	0	19.977	-3.000
kanit	rural_settlement	settlement	4.000	3.400	11.000	0	0.000	0	8.474	-3.000
kanker	rural_settlement	settlement	11.000	13.800	8.000	0	0.000	0	14.572	-3.000
kanna	rural_settlement	settlement	4.000	4.600	26.000	0	0.000	0	10.778	-3.000
kano	rural_settlement	settlement	4.000	3.400	28.000	0	0.000	0	9.664	-3.000
kanopos	rural_settlement	settlement	12.000	15.600	33.000	0	1.000	1	18.667	-3.000
kantadak	rural_settlement	settlement	3.000	2.400	5.000	0	0.000	0	6.714	-8.000
kantakossyla	rural_settlement	settlement	9.000	15.600	11.000	0	0.000	0	15.379	-3.000
kanthi	rural_settlement	settlement	1.000	0.800	22.000	0	0.000	0	4.596	-8.000
kanyakubja	city	city	39.000	65.200	37.000	2	0.000	0	27.100	13.000
kapan	rural_settlement	settlement	2.000	2.800	18.000	0	0.000	0	8.202	-3.000
kapilavastu	rural_settlement	settlement	6.000	8.800	8.000	0	0.000	0	12.428	-3.000
kapissa	rural_settlement	settlement	7.000	9.800	27.000	0	0.000	0	14.264	-3.000
kapyl	rural_settlement	settlement	1.000	0.800	0.000	0	0.000	0	3.056	-8.000
kar_tukulti_ninurta	rural_settlement	settlement	2.000	4.200	31.000	0	0.000	0	10.743	-3.000
karabulak	rural_settlement	settlement	5.000	5.400	6.000	0	0.000	0	10.073	-3.000
karaftu	rural_settlement	settlement	3.000	5.200	19.000	0	0.000	0	10.818	-3.000
karafur	rural_settlement	settlement	13.000	21.600	19.000	0	0.000	0	17.543	-3.000
karahataka	rural_settlement	settlement	12.000	17.200	9.000	0	0.000	0	15.717	-3.000
karali	city	city	8.000	12.600	33.000	0	0.000	0	17.382	-3.000
karambis	rural_settlement	settlement	4.000	6.000	18.000	0	0.000	0	11.379	-3.000
karamyk	rural_settlement	settlement	5.000	7.200	16.000	0	0.000	0	12.061	-3.000
karana_0	rural_settlement	settlement	10.000	15.400	18.000	0	0.000	0	15.806	-3.000
karana_1	rural_settlement	settlement	6.000	7.200	9.000	0	0.000	0	11.571	-3.000
karanis	rural_settlement	settlement	13.000	17.800	33.000	0	0.000	0	17.566	-3.000
karaoba	rural_settlement	settlement	3.000	2.400	6.000	0	0.000	0	6.784	-8.000
karchakhpyur	rural_settlement	settlement	2.000	1.800	18.000	0	0.000	0	6.614	-8.000
karenis	rural_settlement	settlement	5.000	5.200	21.000	0	0.000	0	10.958	-3.000
kares	rural_settlement	settlement	6.000	10.200	24.000	0	0.000	0	14.243	-3.000
kargah	rural_settlement	settlement	2.000	2.800	6.000	0	0.000	0	7.362	-8.000
karige	town	city	31.000	50.000	28.000	0	0.000	0	23.905	8.000
kariglukh	rural_settlement	settlement	2.000	1.800	18.000	0	0.000	0	6.614	-8.000
karim	rural_settlement	settlement	2.000	1.600	7.000	0	0.000	0	5.459	-8.000
karivala	rural_settlement	settlement	8.000	7.800	19.000	0	0.000	0	12.639	-3.000
kariya	rural_settlement	settlement	5.000	5.000	13.000	0	0.000	0	10.227	-3.000
karkathiokerta	town	city	9.000	19.000	31.000	0	0.000	0	19.248	2.000
karkine	rural_settlement	settlement	9.000	10.600	21.000	0	0.000	0	14.215	-3.000
karmana	city	city	21.000	26.000	44.000	2	0.000	0	22.927	6.000
karmanta	town	city	14.000	17.800	11.000	0	1.000	1	19.274	2.000
karmara	rural_settlement	settlement	7.000	11.400	23.000	0	0.000	0	14.702	-3.000
karmille	rural_settlement	settlement	2.000	1.600	13.000	0	0.000	0	5.879	-8.000
karna	town	city	32.000	51.200	20.000	0	0.000	0	23.466	8.000
karnab	rural_settlement	settlement	4.000	4.600	19.000	0	0.000	0	10.288	-3.000
karnaia	rural_settlement	settlement	3.000	5.200	26.000	0	0.000	0	11.308	-3.000
karnal	rural_settlement	settlement	11.000	13.800	28.000	2	0.000	0	17.181	-3.000
karnalis	rural_settlement	settlement	4.000	6.000	20.000	0	0.000	0	11.519	-3.000
karnasuvarna	town	city	34.000	56.000	29.000	2	0.000	0	25.762	10.000
karo	rural_settlement	settlement	2.000	1.600	5.000	0	0.000	0	5.319	-8.000
karoia	rural_settlement	settlement	8.000	12.200	14.000	0	0.000	0	14.397	-3.000
karon	rural_settlement	settlement	6.000	6.800	6.000	0	0.000	0	11.101	-3.000
karoura	rural_settlement	settlement	7.000	9.600	18.000	0	0.000	0	13.536	-3.000
karpasia	rural_settlement	settlement	4.000	7.600	24.000	0	0.000	0	12.869	-3.000
karpovka	rural_settlement	settlement	3.000	2.600	6.000	0	0.000	0	7.081	-8.000
karukka	rural_settlement	settlement	5.000	7.800	23.000	0	0.000	0	12.919	-3.000
karur	town	city	13.000	16.400	23.000	0	0.000	0	17.964	-1.000
karystos	rural_settlement	settlement	8.000	14.600	24.000	0	0.000	0	15.966	-3.000
kas	rural_settlement	settlement	1.000	0.800	6.000	0	0.000	0	3.476	-8.000
kashgar	town	city	29.000	43.800	22.000	0	0.000	0	22.811	6.000
kashkar	rural_settlement	settlement	3.000	2.600	27.000	2	0.000	0	9.759	-3.000
kashram	rural_settlement	settlement	2.000	1.600	0.000	0	0.000	0	4.969	-8.000
kasia	rural_settlement	settlement	5.000	8.600	17.000	0	0.000	0	12.951	-3.000
kasipur	rural_settlement	settlement	8.000	11.200	22.000	2	0.000	0	15.756	-3.000
kasir	rural_settlement	settlement	7.000	7.000	15.000	0	0.000	0	11.863	-3.000
kaspin	rural_settlement	settlement	6.000	10.000	21.000	0	0.000	0	13.939	-3.000
kaspira	rural_settlement	settlement	8.000	9.400	24.000	0	0.000	0	13.857	-3.000
kassala	rural_settlement	settlement	7.000	5.600	10.000	0	0.000	0	10.513	-3.000
kassi	rural_settlement	settlement	2.000	1.600	6.000	0	0.000	0	5.389	-8.000
kassope	rural_settlement	settlement	21.000	32.800	24.000	0	1.000	1	21.734	-3.000
kastabala	town	city	6.000	11.000	31.000	2	0.000	0	17.800	-1.000
kasthaneia	rural_settlement	settlement	5.000	8.600	24.000	0	0.000	0	13.441	-3.000
kathan	rural_settlement	settlement	4.000	6.000	18.000	0	0.000	0	11.379	-3.000
katheria	town	city	28.000	40.200	29.000	0	0.000	0	22.866	6.000
katketak	rural_settlement	settlement	3.000	2.400	5.000	0	0.000	0	6.714	-8.000
katnakhpyur	rural_settlement	settlement	4.000	6.000	20.000	0	0.000	0	11.519	-3.000
katriyal	rural_settlement	settlement	8.000	13.800	11.000	0	0.000	0	14.782	-3.000
katsel	rural_settlement	settlement	3.000	4.000	6.000	0	0.000	0	8.789	-3.000
katys	rural_settlement	settlement	7.000	10.600	16.000	0	0.000	0	13.865	-3.000
kaulas	rural_settlement	settlement	13.000	18.600	11.000	0	0.000	0	16.243	-3.000
kaunos	town	city	5.000	7.000	31.000	0	1.000	1	16.231	-2.000
kaupirrish	rural_settlement	settlement	5.000	10.400	27.000	2	0.000	0	15.753	-3.000
kaushambi	city	city	19.000	32.000	33.000	2	0.000	0	23.200	6.000
kavera	rural_settlement	settlement	6.000	7.800	20.000	0	0.000	0	12.709	-3.000
kavera_venedia	rural_settlement	settlement	1.000	0.800	0.000	0	0.000	0	3.056	-8.000
kavtiskhevi	rural_settlement	settlement	3.000	5.000	18.000	0	0.000	0	10.577	-3.000
kawah	rural_settlement	settlement	8.000	9.600	10.000	0	0.000	0	12.976	-3.000
kawahilah	rural_settlement	settlement	3.000	2.400	10.000	0	0.000	0	7.064	-8.000
kaweit	rural_settlement	settlement	4.000	3.600	10.000	0	0.000	0	8.635	-3.000
kayit	rural_settlement	settlement	3.000	2.600	3.000	0	0.000	0	6.871	-8.000
kaynbulak	rural_settlement	settlement	11.000	13.000	9.000	0	0.000	0	14.353	-3.000
kayta	rural_settlement	settlement	2.000	2.600	6.000	0	0.000	0	7.081	-8.000
kaza	rural_settlement	settlement	5.000	8.400	19.000	0	0.000	0	12.982	-3.000
kazanka	rural_settlement	settlement	3.000	2.600	6.000	0	0.000	0	7.081	-8.000
kea	rural_settlement	settlement	4.000	7.000	19.000	0	0.000	0	12.143	-3.000
kebranitia	rural_settlement	settlement	1.000	0.800	13.000	0	0.000	0	3.966	-8.000
kebren	rural_settlement	settlement	7.000	8.800	15.000	0	0.000	0	12.918	-3.000
kedurma	rural_settlement	settlement	8.000	12.400	17.000	0	0.000	0	14.685	-3.000
keerdak	rural_settlement	settlement	3.000	2.400	5.000	0	0.000	0	6.714	-8.000
kefalonia	rural_settlement	settlement	8.000	14.000	24.000	0	0.000	0	15.762	-3.000
kefar_shuni	rural_settlement	settlement	5.000	6.400	25.000	0	0.000	0	12.158	-3.000
keili	rural_settlement	settlement	10.000	8.400	10.000	0	0.000	0	12.352	-3.000
keirpara_0	rural_settlement	settlement	8.000	13.600	24.000	0	0.000	0	15.621	-3.000
keirpara_1	rural_settlement	settlement	5.000	6.000	16.000	0	0.000	0	11.239	-3.000
keissia	rural_settlement	settlement	3.000	3.600	26.000	0	0.000	0	9.755	-3.000
kekayai	rural_settlement	settlement	11.000	18.400	26.000	0	0.000	0	17.239	-3.000
kektikshe	rural_settlement	settlement	3.000	2.400	6.000	0	0.000	0	6.784	-8.000
kelenderis	town	city	8.000	11.800	20.000	0	1.000	1	17.905	-1.000
keletron	rural_settlement	settlement	9.000	14.600	22.000	0	0.000	0	15.826	-3.000
kellis	rural_settlement	settlement	5.000	5.400	28.000	0	0.000	0	11.613	-3.000
kelonai	city	city	6.000	8.800	34.000	2	0.000	0	16.957	-3.000
kenbay	rural_settlement	settlement	3.000	2.400	6.000	0	0.000	0	6.784	-8.000
kenkiyak	rural_settlement	settlement	3.000	2.400	6.000	0	0.000	0	6.784	-8.000
keramos	rural_settlement	settlement	5.000	7.800	24.000	0	0.000	0	12.989	-3.000
kerasous	rural_settlement	settlement	5.000	5.400	24.000	0	0.000	0	11.333	-3.000
kerbala	rural_settlement	settlement	2.000	2.800	28.000	0	0.000	0	8.902	-3.000
keresos	rural_settlement	settlement	5.000	5.000	8.000	0	0.000	0	9.877	-3.000
kerinthos	rural_settlement	settlement	4.000	7.000	23.000	0	0.000	0	12.423	-3.000
keriya	rural_settlement	settlement	7.000	7.000	17.000	0	0.000	0	12.003	-3.000
kerkethoris	rural_settlement	settlement	1.000	0.800	28.000	0	0.000	0	5.016	-8.000
kerkichi	rural_settlement	settlement	2.000	1.600	21.000	0	0.000	0	6.439	-8.000
kerkinitis	town	city	14.000	21.000	26.000	0	1.000	1	21.141	4.000
kerkouane	city	city	12.000	24.200	33.000	0	0.000	0	20.590	2.000
kermine	rural_settlement	settlement	8.000	13.000	21.000	0	0.000	0	15.193	-3.000
kerrouchen	rural_settlement	settlement	5.000	4.400	3.000	0	0.000	0	8.979	-3.000
keshmesh	rural_settlement	settlement	5.000	4.400	18.000	0	0.000	0	10.029	-3.000
ketsk	rural_settlement	settlement	2.000	1.600	0.000	0	0.000	0	4.969	-8.000
kettha	rural_settlement	settlement	1.000	0.800	8.000	0	0.000	0	3.616	-8.000
keuci	rural_settlement	settlement	2.000	1.600	5.000	0	0.000	0	5.319	-8.000
kez_kara	rural_settlement	settlement	3.000	2.600	6.000	0	0.000	0	7.081	-8.000
kezhen	town	city	7.000	8.000	26.000	0	0.000	0	14.746	-4.000
khadramah	rural_settlement	settlement	3.000	2.400	6.000	0	0.000	0	6.784	-8.000
khadro	rural_settlement	settlement	5.000	5.400	23.000	0	0.000	0	11.263	-3.000
khafs_daghra	rural_settlement	settlement	3.000	2.400	6.000	0	0.000	0	6.784	-8.000
khafur	rural_settlement	settlement	2.000	1.800	7.000	0	0.000	0	5.844	-8.000
khajuraha	rural_settlement	settlement	7.000	8.000	24.000	0	0.000	0	13.106	-3.000
khakyor	rural_settlement	settlement	3.000	4.400	8.000	0	0.000	0	9.329	-3.000
khaluf	rural_settlement	settlement	1.000	0.800	5.000	0	0.000	0	3.406	-8.000
kham	rural_settlement	settlement	7.000	12.800	27.000	0	0.000	0	15.538	-3.000
khambalida	rural_settlement	settlement	9.000	10.600	24.000	0	0.000	0	14.425	-3.000
khamir	rural_settlement	settlement	3.000	4.000	28.000	0	0.000	0	10.329	-3.000
khanash	rural_settlement	settlement	5.000	6.200	3.000	0	0.000	0	10.475	-3.000
khandar	rural_settlement	settlement	4.000	4.600	24.000	0	0.000	0	10.638	-3.000
khandav	rural_settlement	settlement	11.000	12.400	24.000	0	0.000	0	15.175	-3.000
khang	rural_settlement	settlement	6.000	4.800	5.000	0	0.000	0	9.491	-3.000
khanus	rural_settlement	settlement	2.000	1.600	0.000	0	0.000	0	4.969	-8.000
kharagpur	rural_settlement	settlement	7.000	6.800	24.000	0	0.000	0	12.361	-3.000
khargone	town	city	20.000	22.000	29.000	0	0.000	0	19.835	3.000
kharispa	rural_settlement	settlement	1.000	0.800	21.000	0	0.000	0	4.526	-8.000
khata	rural_settlement	settlement	5.000	4.600	17.000	0	0.000	0	10.148	-3.000
khavakand	rural_settlement	settlement	5.000	6.800	21.000	0	0.000	0	12.151	-3.000
khay	rural_settlement	settlement	4.000	4.600	33.000	2	0.000	0	12.477	-3.000
khaydalu	rural_settlement	settlement	4.000	5.000	27.000	0	0.000	0	11.207	-3.000
khayu	rural_settlement	settlement	3.000	3.400	6.000	0	0.000	0	8.124	-3.000
khedis	rural_settlement	settlement	3.000	2.400	18.000	0	0.000	0	7.624	-8.000
kherla	rural_settlement	settlement	10.000	13.600	8.000	0	0.000	0	14.501	-3.000
kheta	town	city	24.000	38.200	29.000	0	0.000	0	22.607	6.000
khijjngalalla	rural_settlement	settlement	11.000	18.600	18.000	0	0.000	0	16.733	-3.000
khiva	rural_settlement	settlement	6.000	6.200	2.000	0	0.000	0	10.405	-3.000
khnafes	rural_settlement	settlement	3.000	2.600	10.000	0	0.000	0	7.361	-8.000
khobna	rural_settlement	settlement	1.000	0.800	5.000	0	0.000	0	3.406	-8.000
khochy	rural_settlement	settlement	1.000	0.800	0.000	0	0.000	0	3.056	-8.000
khodosivka	rural_settlement	settlement	5.000	4.600	7.000	0	0.000	0	9.448	-3.000
khoh	rural_settlement	settlement	6.000	6.200	24.000	0	0.000	0	11.945	-3.000
kholan	rural_settlement	settlement	3.000	2.400	0.000	0	0.000	0	6.364	-8.000
khonnt	rural_settlement	settlement	2.000	2.600	0.000	0	0.000	0	6.661	-8.000
khoor_shoora	rural_settlement	settlement	9.000	10.600	15.000	0	0.000	0	13.795	-3.000
khor	rural_settlement	settlement	9.000	12.000	17.000	0	1.000	1	16.275	-3.000
khorolats	rural_settlement	settlement	3.000	3.400	0.000	0	0.000	0	7.704	-3.000
khoting	rural_settlement	settlement	2.000	2.600	6.000	0	0.000	0	7.081	-8.000
khotove	rural_settlement	settlement	6.000	5.400	7.000	0	0.000	0	10.143	-3.000
khoubana	rural_settlement	settlement	8.000	6.600	3.000	0	0.000	0	10.756	-3.000
khrischatach	rural_settlement	settlement	5.000	5.400	2.000	0	0.000	0	9.793	-3.000
khulm	rural_settlement	settlement	6.000	9.200	19.000	0	0.000	0	13.406	-3.000
khulna	rural_settlement	settlement	8.000	9.200	22.000	0	0.000	0	13.616	-3.000
khulor	rural_settlement	settlement	4.000	6.000	10.000	0	0.000	0	10.819	-3.000
khur	rural_settlement	settlement	2.000	2.600	28.000	0	0.000	0	8.621	-3.000
khurra	rural_settlement	settlement	3.000	3.400	5.000	0	0.000	0	8.054	-3.000
khushab	rural_settlement	settlement	10.000	15.600	24.000	0	0.000	0	16.289	-3.000
khuvara	rural_settlement	settlement	4.000	4.400	28.000	0	0.000	0	10.729	-3.000
khyunglung	town	city	11.000	15.600	13.000	0	0.000	0	17.019	-1.000
kiakis	rural_settlement	settlement	2.000	1.800	18.000	0	0.000	0	6.614	-8.000
kibyra	rural_settlement	settlement	5.000	7.000	13.000	0	0.000	0	11.723	-3.000
kichpa	rural_settlement	settlement	7.000	5.600	5.000	0	0.000	0	10.163	-3.000
kickedak	rural_settlement	settlement	3.000	3.400	5.000	0	0.000	0	8.054	-3.000
kidrama	rural_settlement	settlement	3.000	3.600	13.000	0	0.000	0	8.845	-3.000
kidyessos	rural_settlement	settlement	6.000	7.000	24.000	0	0.000	0	12.493	-3.000
kieros	rural_settlement	settlement	4.000	4.600	3.000	0	0.000	0	9.168	-3.000
kigeira	rural_settlement	settlement	2.000	1.600	8.000	0	0.000	0	5.529	-8.000
kihkyengra	rural_settlement	settlement	3.000	2.400	0.000	0	0.000	0	6.364	-8.000
kilaleh	rural_settlement	settlement	8.000	12.000	18.000	2	0.000	0	15.806	-3.000
kilandha	rural_settlement	settlement	6.000	9.200	18.000	0	0.000	0	13.336	-3.000
kilgad	rural_settlement	settlement	2.000	1.600	0.000	0	0.000	0	4.969	-8.000
kilich	rural_settlement	settlement	4.000	4.200	2.000	0	0.000	0	8.713	-3.000
kilizu	rural_settlement	settlement	3.000	3.600	21.000	3	0.000	0	10.930	-3.000
kilkhaneg	rural_settlement	settlement	2.000	3.200	0.000	0	0.000	0	7.462	-8.000
kimiata	rural_settlement	settlement	5.000	6.200	18.000	0	0.000	0	11.525	-3.000
kimista	rural_settlement	settlement	3.000	3.600	3.000	0	0.000	0	8.145	-3.000
kimmeria	rural_settlement	settlement	6.000	8.800	13.000	0	0.000	0	12.778	-3.000
kimmerikon	rural_settlement	settlement	7.000	10.600	17.000	0	0.000	0	13.935	-3.000
kin	rural_settlement	settlement	6.000	6.200	0.000	0	0.000	0	10.265	-3.000
kinda	rural_settlement	settlement	3.000	2.400	3.000	0	0.000	0	6.574	-8.000
kindyria	rural_settlement	settlement	5.000	7.000	26.000	2	0.000	0	13.842	-3.000
kinna	rural_settlement	settlement	3.000	3.600	24.000	0	0.000	0	9.615	-3.000
kinna_thabracania	rural_settlement	settlement	13.000	23.200	28.000	0	0.000	0	18.529	-3.000
kinyps	rural_settlement	settlement	3.000	6.600	23.000	0	0.000	0	12.156	-3.000
kios	town	city	8.000	14.200	29.000	2	1.000	1	20.637	4.000
kire	rural_settlement	settlement	2.000	1.800	0.000	0	0.000	0	5.354	-8.000
kirga	rural_settlement	settlement	3.000	2.400	5.000	0	0.000	0	6.714	-8.000
kirmis	rural_settlement	settlement	2.000	1.600	5.000	0	0.000	0	5.319	-8.000
kirrhadia	rural_settlement	settlement	5.000	4.600	9.000	0	0.000	0	9.588	-3.000
kirsnas	rural_settlement	settlement	2.000	1.600	5.000	0	0.000	0	5.319	-8.000
kirthagiri	rural_settlement	settlement	6.000	7.000	24.000	0	0.000	0	12.493	-3.000
kis	rural_settlement	settlement	6.000	8.800	19.000	0	0.000	0	13.198	-3.000
kish	rural_settlement	settlement	12.000	20.600	33.000	0	0.000	0	18.288	-3.000
kishan	rural_settlement	settlement	8.000	7.800	8.000	0	0.000	0	11.869	-3.000
kiskisos	rural_settlement	settlement	3.000	3.600	18.000	0	0.000	0	9.195	-3.000
kisko	rural_settlement	settlement	8.000	8.000	5.000	0	0.000	0	11.776	-3.000
kissa_0	rural_settlement	settlement	5.000	6.800	18.000	0	0.000	0	11.941	-3.000
kissa_1	rural_settlement	settlement	5.000	8.400	10.000	0	0.000	0	12.352	-3.000
kissar	rural_settlement	settlement	3.000	2.400	5.000	0	0.000	0	6.714	-8.000
kitagiri	rural_settlement	settlement	16.000	18.000	28.000	0	0.000	0	17.271	-3.000
kitanaura	rural_settlement	settlement	3.000	3.600	13.000	0	0.000	0	8.845	-3.000
kitharizon	rural_settlement	settlement	3.000	3.600	18.000	0	0.000	0	9.195	-3.000
kition	town	city	4.000	8.400	24.000	0	1.000	1	16.579	-2.000
kizari	rural_settlement	settlement	4.000	4.400	9.000	0	0.000	0	9.399	-3.000
kjelj	rural_settlement	settlement	3.000	2.400	6.000	0	0.000	0	6.784	-8.000
klaneos	rural_settlement	settlement	4.000	4.400	26.000	0	0.000	0	10.589	-3.000
kleitor	rural_settlement	settlement	7.000	10.800	22.000	0	0.000	0	14.374	-3.000
kleonai	rural_settlement	settlement	8.000	13.200	24.000	0	0.000	0	15.477	-3.000
kleven	rural_settlement	settlement	4.000	4.200	7.000	0	0.000	0	9.063	-3.000
klibanos	rural_settlement	settlement	5.000	7.000	13.000	0	0.000	0	11.723	-3.000
klimax	rural_settlement	settlement	4.000	4.400	28.000	0	0.000	0	10.729	-3.000
klossama	rural_settlement	settlement	4.000	5.400	20.000	0	0.000	0	11.053	-3.000
klysma	city	city	12.000	23.000	33.000	0	1.000	1	22.084	4.000
kmekhich	rural_settlement	settlement	7.000	8.000	0.000	0	0.000	0	11.426	-3.000
knidos	town	city	8.000	11.800	20.000	0	1.000	1	17.905	-1.000
knossos	town	city	17.000	34.000	24.000	0	1.000	1	23.415	8.000
kob_dehad	rural_settlement	settlement	3.000	2.400	12.000	0	0.000	0	7.204	-8.000
kodava	rural_settlement	settlement	12.000	19.000	9.000	0	0.000	0	16.208	-3.000
kodouzalaba	rural_settlement	settlement	3.000	3.600	18.000	0	0.000	0	9.195	-3.000
kodrion	rural_settlement	settlement	5.000	5.000	16.000	0	0.000	0	10.437	-3.000
kodumbalur	town	city	10.000	13.800	27.000	0	0.000	0	17.402	-1.000
kodzuv	rural_settlement	settlement	2.000	1.600	5.000	0	0.000	0	5.319	-8.000
koga	rural_settlement	settlement	3.000	2.400	0.000	0	0.000	0	6.364	-8.000
koght	rural_settlement	settlement	4.000	6.000	18.000	0	0.000	0	11.379	-3.000
kogon	rural_settlement	settlement	6.000	6.200	5.000	0	0.000	0	10.615	-3.000
koira	rural_settlement	settlement	3.000	2.400	5.000	0	0.000	0	6.714	-8.000
kokcha	rural_settlement	settlement	2.000	1.800	21.000	0	0.000	0	6.824	-8.000
kokkamys	rural_settlement	settlement	3.000	2.600	6.000	0	0.000	0	7.081	-8.000
kokondai	rural_settlement	settlement	10.000	9.400	23.000	0	0.000	0	13.787	-3.000
kokousos	rural_settlement	settlement	3.000	5.000	18.000	2	0.000	0	11.786	-3.000
kola	rural_settlement	settlement	3.000	3.600	20.000	0	0.000	0	9.335	-3.000
kolchion	rural_settlement	settlement	4.000	4.200	18.000	0	0.000	0	9.833	-3.000
kolhapura	rural_settlement	settlement	13.000	20.000	9.000	0	0.000	0	16.462	-3.000
kolhua	rural_settlement	settlement	4.000	5.000	18.000	0	0.000	0	10.577	-3.000
kolhumadulu	rural_settlement	settlement	4.000	5.200	7.000	0	0.000	0	9.978	-3.000
kolinah	rural_settlement	settlement	13.000	18.800	18.000	0	0.000	0	16.786	-3.000
kolkoi	town	city	34.000	53.000	28.000	0	1.000	1	25.950	11.000
kollipake	rural_settlement	settlement	11.000	15.800	11.000	0	0.000	0	15.441	-3.000
kolonai	rural_settlement	settlement	4.000	4.400	15.000	0	0.000	0	9.819	-3.000
koloua	rural_settlement	settlement	2.000	1.600	18.000	0	0.000	0	6.229	-8.000
kolvi	rural_settlement	settlement	14.000	15.000	28.000	0	0.000	0	16.377	-3.000
kolybrassos	rural_settlement	settlement	3.000	3.600	13.000	0	0.000	0	8.845	-3.000
kom_namrud	rural_settlement	settlement	2.000	1.800	28.000	0	0.000	0	7.314	-8.000
komana	rural_settlement	settlement	11.000	17.800	8.000	0	0.000	0	15.816	-3.000
komana_hierapolis	town	city	9.000	13.800	28.000	2	0.000	0	18.681	1.000
komana_pontike	town	city	6.000	14.000	14.000	0	0.000	0	16.562	-2.000
komar	rural_settlement	settlement	4.000	3.200	7.000	0	0.000	0	7.952	-3.000
komari	rural_settlement	settlement	5.000	6.200	21.000	0	1.000	1	13.483	-3.000
komeia	rural_settlement	settlement	2.000	2.600	21.000	0	0.000	0	8.131	-3.000
komiana	rural_settlement	settlement	1.000	0.800	21.000	0	0.000	0	4.526	-8.000
komish	city	city	12.000	22.800	34.000	0	0.000	0	20.362	2.000
komyshna	rural_settlement	settlement	2.000	1.600	0.000	0	0.000	0	4.969	-8.000
konae	rural_settlement	settlement	6.000	5.400	0.000	0	0.000	0	9.653	-3.000
konane	rural_settlement	settlement	3.000	3.600	13.000	0	0.000	0	8.845	-3.000
kondane	rural_settlement	settlement	13.000	18.200	9.000	0	0.000	0	15.996	-3.000
kondapuram	rural_settlement	settlement	9.000	13.200	11.000	0	0.000	0	14.567	-3.000
konghelle	rural_settlement	settlement	4.000	3.200	3.000	0	0.000	0	7.672	-3.000
kongoustos	rural_settlement	settlement	3.000	3.600	26.000	0	0.000	0	9.755	-3.000
kongpo	rural_settlement	settlement	4.000	4.400	6.000	0	0.000	0	9.189	-3.000
kongu	rural_settlement	settlement	9.000	12.600	18.000	0	0.000	0	14.832	-3.000
konkobar	rural_settlement	settlement	6.000	7.800	27.000	0	0.000	0	13.199	-3.000
kopan	rural_settlement	settlement	4.000	4.600	17.000	0	0.000	0	10.148	-3.000
kophen	city	city	22.000	24.000	32.000	0	0.000	0	20.478	2.000
koptogay	rural_settlement	settlement	3.000	2.400	6.000	0	0.000	0	6.784	-8.000
koptos	rural_settlement	settlement	4.000	3.400	31.000	0	0.000	0	9.874	-3.000
kora	rural_settlement	settlement	4.000	4.400	17.000	0	0.000	0	9.959	-3.000
kora_pancala	rural_settlement	settlement	13.000	18.800	28.000	0	0.000	0	17.486	-3.000
korakesion	rural_settlement	settlement	5.000	7.800	26.000	0	0.000	0	13.129	-3.000
koralla	rural_settlement	settlement	5.000	6.800	24.000	0	0.000	0	12.361	-3.000
korama	rural_settlement	settlement	5.000	5.200	16.000	0	0.000	0	10.608	-3.000
korelloura	rural_settlement	settlement	4.000	5.200	18.000	0	0.000	0	10.748	-3.000
koreoura	town	city	24.000	46.800	24.000	0	0.000	0	23.289	8.000
korin	rural_settlement	settlement	3.000	6.000	22.000	0	0.000	0	11.659	-3.000
korine	rural_settlement	settlement	9.000	13.200	27.000	2	0.000	0	16.895	-3.000
korinthos	town	city	8.000	14.600	31.000	0	1.000	1	19.703	3.000
korion	rural_settlement	settlement	9.000	16.200	19.000	0	0.000	0	16.124	-3.000
korkyra	town	city	6.000	11.200	26.000	0	1.000	1	18.075	0.000
korkyra_melaina	rural_settlement	settlement	6.000	8.600	24.000	0	1.000	1	15.189	-3.000
kormasa	rural_settlement	settlement	3.000	3.600	24.000	2	0.000	0	10.824	-3.000
korne	rural_settlement	settlement	9.000	11.200	16.000	0	0.000	0	14.127	-3.000
koropassos	rural_settlement	settlement	4.000	6.000	26.000	3	0.000	0	13.464	-3.000
koropissos	rural_settlement	settlement	3.000	3.600	11.000	0	0.000	0	8.705	-3.000
korotan	rural_settlement	settlement	1.000	0.800	0.000	0	0.000	0	3.056	-8.000
koroula	rural_settlement	settlement	17.000	26.200	23.000	0	0.000	0	18.787	-3.000
kortia	rural_settlement	settlement	3.000	3.600	25.000	0	0.000	0	9.685	-3.000
korulin	rural_settlement	settlement	1.000	0.800	0.000	0	0.000	0	3.056	-8.000
kos	rural_settlement	settlement	7.000	12.000	34.000	0	0.000	0	15.718	-3.000
kosala	rural_settlement	settlement	10.000	15.400	10.000	0	0.000	0	15.246	-3.000
kosk	rural_settlement	settlement	3.000	3.400	5.000	0	0.000	0	8.054	-3.000
kot_kamalia	city	city	35.000	68.800	35.000	0	0.000	0	26.027	12.000
kota	rural_settlement	settlement	5.000	6.200	26.000	0	0.000	0	12.085	-3.000
kotais	town	city	8.000	17.400	21.000	0	0.000	0	18.114	0.000
kotake	rural_settlement	settlement	9.000	10.800	18.000	0	0.000	0	14.094	-3.000
kotenna	rural_settlement	settlement	4.000	6.000	13.000	0	0.000	0	11.029	-3.000
kothapala	rural_settlement	settlement	6.000	11.000	9.000	0	0.000	0	13.552	-3.000
koti	town	city	45.000	76.200	28.000	0	1.000	1	27.809	11.000
kotiaeion	rural_settlement	settlement	5.000	7.000	24.000	0	0.000	0	12.493	-3.000
kotilingala	rural_settlement	settlement	7.000	8.600	9.000	0	0.000	0	12.391	-3.000
kotivarsa	rural_settlement	settlement	6.000	12.200	28.000	0	0.000	0	15.377	-3.000
kotorox	rural_settlement	settlement	3.000	3.600	16.000	0	0.000	0	9.055	-3.000
kotta	rural_settlement	settlement	3.000	2.400	9.000	0	0.000	0	6.994	-8.000
kottiara	rural_settlement	settlement	9.000	11.000	19.000	0	0.000	0	14.252	-3.000
kottis	rural_settlement	settlement	17.000	15.400	11.000	0	0.000	0	15.316	-3.000
kottobora	rural_settlement	settlement	5.000	7.800	11.000	0	0.000	0	12.079	-3.000
kotyora	rural_settlement	settlement	4.000	6.000	24.000	0	0.000	0	11.799	-3.000
koubina	rural_settlement	settlement	4.000	3.400	18.000	0	0.000	0	8.964	-3.000
kourianda	rural_settlement	settlement	4.000	6.000	17.000	0	0.000	0	11.309	-3.000
kourion	rural_settlement	settlement	2.000	2.800	24.000	0	0.000	0	8.622	-3.000
koussai	city	city	6.000	9.400	36.000	0	0.000	0	16.197	-3.000
koval	rural_settlement	settlement	10.000	17.800	19.000	0	0.000	0	16.586	-3.000
kovny	rural_settlement	settlement	2.000	1.600	5.000	0	0.000	0	5.319	-8.000
kozynka	rural_settlement	settlement	2.000	1.600	0.000	0	0.000	0	4.969	-8.000
krakda	rural_settlement	settlement	2.000	1.600	3.000	0	0.000	0	5.179	-8.000
kranaos	rural_settlement	settlement	5.000	7.000	24.000	2	0.000	0	13.702	-3.000
krasnaya	rural_settlement	settlement	1.000	0.800	0.000	0	0.000	0	3.056	-8.000
krasne	rural_settlement	settlement	3.000	2.800	7.000	0	0.000	0	7.432	-8.000
krasnohrad	rural_settlement	settlement	4.000	3.400	12.000	0	0.000	0	8.544	-3.000
krateia	rural_settlement	settlement	5.000	6.200	3.000	0	0.000	0	10.475	-3.000
krauja	rural_settlement	settlement	2.000	1.600	5.000	0	0.000	0	5.319	-8.000
krayn	rural_settlement	settlement	4.000	4.400	0.000	0	0.000	0	8.769	-3.000
kraz	rural_settlement	settlement	5.000	6.600	2.000	0	0.000	0	10.686	-3.000
kremna	rural_settlement	settlement	6.000	7.200	13.000	0	0.000	0	11.851	-3.000
kremniskoi	rural_settlement	settlement	5.000	4.400	3.000	0	0.000	0	8.979	-3.000
kremnoi	rural_settlement	settlement	5.000	5.200	12.000	0	0.000	0	10.328	-3.000
kremok	rural_settlement	settlement	1.000	0.800	0.000	0	0.000	0	3.056	-8.000
krepkaya	rural_settlement	settlement	2.000	1.600	0.000	0	0.000	0	4.969	-8.000
kreshcek	rural_settlement	settlement	2.000	1.600	0.000	0	0.000	0	4.969	-8.000
krokodilopolis	city	city	16.000	24.600	40.000	0	0.000	0	21.161	3.000
krou	rural_settlement	settlement	1.000	0.800	6.000	0	0.000	0	3.476	-8.000
krueng	rural_settlement	settlement	2.000	1.600	3.000	0	0.000	0	5.179	-8.000
krugli	rural_settlement	settlement	3.000	2.600	6.000	0	0.000	0	7.081	-8.000
kryptos_limen	rural_settlement	settlement	5.000	6.000	8.000	0	1.000	1	12.426	-3.000
ksabi_0	rural_settlement	settlement	2.000	1.800	3.000	0	0.000	0	5.564	-8.000
ksabi_1	rural_settlement	settlement	1.000	0.800	5.000	0	0.000	0	3.406	-8.000
kuara	city	city	15.000	19.000	33.000	2	0.000	0	20.596	2.000
kuche	town	city	32.000	48.200	25.000	0	0.000	0	23.509	8.000
kucherquduq	rural_settlement	settlement	3.000	2.400	6.000	0	0.000	0	6.784	-8.000
kuchynivka	rural_settlement	settlement	3.000	2.600	7.000	0	0.000	0	7.151	-8.000
kuduk	rural_settlement	settlement	2.000	1.600	6.000	0	0.000	0	5.389	-8.000
kueibi	rural_settlement	settlement	1.000	1.800	8.000	0	0.000	0	5.914	-8.000
kufriyat_atash	rural_settlement	settlement	4.000	5.400	11.000	0	0.000	0	10.423	-3.000
kuh_i_bolagh	rural_settlement	settlement	3.000	5.200	21.000	0	0.000	0	10.958	-3.000
kukcha	rural_settlement	settlement	2.000	1.600	7.000	0	0.000	0	5.459	-8.000
kukurra	rural_settlement	settlement	6.000	7.800	24.000	0	0.000	0	12.989	-3.000
kul	rural_settlement	settlement	4.000	4.400	21.000	0	0.000	0	10.239	-3.000
kulan	rural_settlement	settlement	6.000	8.000	16.000	0	0.000	0	12.546	-3.000
kular	rural_settlement	settlement	4.000	4.400	28.000	0	0.000	0	10.729	-3.000
kulesze	rural_settlement	settlement	1.000	0.800	0.000	0	0.000	0	3.056	-8.000
kumdah	rural_settlement	settlement	6.000	6.000	6.000	0	0.000	0	10.539	-3.000
kumetta	rural_settlement	settlement	2.000	1.600	0.000	0	0.000	0	4.969	-8.000
kumo	rural_settlement	settlement	10.000	13.400	18.000	0	0.000	0	15.130	-3.000
kumsar	rural_settlement	settlement	6.000	9.200	21.000	0	0.000	0	13.546	-3.000
kumsuat	rural_settlement	settlement	2.000	1.600	6.000	0	0.000	0	5.389	-8.000
kunegria	rural_settlement	settlement	2.000	2.600	0.000	0	0.000	0	6.661	-8.000
kuntadak	rural_settlement	settlement	2.000	1.600	5.000	0	0.000	0	5.319	-8.000
kupir	rural_settlement	settlement	3.000	2.400	5.000	0	0.000	0	6.714	-8.000
kupyansk	rural_settlement	settlement	2.000	1.600	0.000	0	0.000	0	4.969	-8.000
kura	rural_settlement	settlement	2.000	1.600	8.000	0	0.000	0	5.529	-8.000
kurah	rural_settlement	settlement	6.000	7.000	2.000	0	0.000	0	10.953	-3.000
kurchina	rural_settlement	settlement	3.000	5.000	2.000	0	0.000	0	9.457	-3.000
kurema	rural_settlement	settlement	2.000	1.800	5.000	0	0.000	0	5.704	-8.000
kurennoe	rural_settlement	settlement	2.000	1.600	0.000	0	0.000	0	4.969	-8.000
kurgus	rural_settlement	settlement	5.000	5.600	17.000	0	0.000	0	11.003	-3.000
kurh_u_kich	rural_settlement	settlement	5.000	5.200	19.000	0	0.000	0	10.818	-3.000
kuria	rural_settlement	settlement	4.000	7.400	22.000	0	0.000	0	12.607	-3.000
kurmut	rural_settlement	settlement	2.000	1.800	7.000	0	0.000	0	5.844	-8.000
kurnsck	rural_settlement	settlement	5.000	5.000	0.000	0	0.000	0	9.317	-3.000
kuromolinava	rural_settlement	settlement	6.000	9.800	9.000	0	0.000	0	13.004	-3.000
kursa	rural_settlement	settlement	3.000	2.400	5.000	0	0.000	0	6.714	-8.000
kursk	rural_settlement	settlement	2.000	1.600	7.000	0	0.000	0	5.459	-8.000
kuru	rural_settlement	settlement	4.000	5.400	17.000	0	0.000	0	10.843	-3.000
kurus	rural_settlement	settlement	4.000	3.400	18.000	0	0.000	0	8.964	-3.000
kusapura	rural_settlement	settlement	7.000	8.400	28.000	0	0.000	0	13.612	-3.000
kusavati	rural_settlement	settlement	14.000	22.800	26.000	0	0.000	0	18.302	-3.000
kush	rural_settlement	settlement	2.000	1.600	0.000	0	0.000	0	4.969	-8.000
kushke	rural_settlement	settlement	12.000	18.800	21.000	0	0.000	0	16.996	-3.000
kushtia	rural_settlement	settlement	5.000	9.200	26.000	0	0.000	0	13.896	-3.000
kusinagara	town	city	27.000	39.400	31.000	0	0.000	0	22.904	6.000
kusta	rural_settlement	settlement	2.000	3.200	6.000	0	0.000	0	7.882	-3.000
kutnah	rural_settlement	settlement	5.000	4.200	6.000	0	0.000	0	8.993	-3.000
kutny	rural_settlement	settlement	2.000	1.600	5.000	0	0.000	0	5.319	-8.000
kutodak	rural_settlement	settlement	2.000	1.600	5.000	0	0.000	0	5.319	-8.000
kutte_mar	rural_settlement	settlement	5.000	6.400	24.000	0	0.000	0	12.088	-3.000
kuvada	rural_settlement	settlement	9.000	9.600	24.000	0	0.000	0	13.956	-3.000
kuvalalapura	rural_settlement	settlement	13.000	11.800	19.000	0	0.000	0	14.587	-3.000
kuweib	rural_settlement	settlement	4.000	5.000	10.000	0	0.000	0	10.017	-3.000
kuyandy	rural_settlement	settlement	3.000	2.400	6.000	0	0.000	0	6.784	-8.000
kuyruk	rural_settlement	settlement	5.000	5.400	0.000	0	0.000	0	9.653	-3.000
kyakkam	rural_settlement	settlement	6.000	5.400	0.000	0	0.000	0	9.653	-3.000
kyangpu	rural_settlement	settlement	3.000	3.400	8.000	0	0.000	0	8.264	-3.000
kyballon	rural_settlement	settlement	6.000	8.600	26.000	0	0.000	0	13.581	-3.000
kybellion	rural_settlement	settlement	4.000	6.000	24.000	0	0.000	0	11.799	-3.000
kydonia	town	city	12.000	18.600	31.000	0	1.000	1	20.890	4.000
kyinda	rural_settlement	settlement	5.000	7.800	22.000	0	0.000	0	12.849	-3.000
kylorica	rural_settlement	settlement	3.000	3.400	2.000	0	0.000	0	7.844	-3.000
kyme	town	city	6.000	10.200	26.000	2	1.000	1	18.839	1.000
kymos	rural_settlement	settlement	2.000	1.600	5.000	0	0.000	0	5.319	-8.000
kynopolis	rural_settlement	settlement	11.000	16.600	31.000	0	0.000	0	17.083	-3.000
kyphanta	rural_settlement	settlement	7.000	12.200	24.000	0	0.000	0	15.097	-3.000
kypsela	rural_settlement	settlement	4.000	6.200	28.000	0	0.000	0	12.225	-3.000
kyrene	town	city	27.000	46.000	26.000	0	1.000	1	25.088	10.000
kyrenia	rural_settlement	settlement	4.000	7.000	24.000	0	1.000	1	14.241	-3.000
kyropolis	town	city	27.000	34.600	28.000	0	0.000	0	22.036	5.000
kyropolis_baktriane	town	city	12.000	18.600	24.000	0	0.000	0	18.653	1.000
kyrthanion	rural_settlement	settlement	4.000	6.800	28.000	0	0.000	0	12.641	-3.000
kyrtik	rural_settlement	settlement	1.000	0.800	0.000	0	0.000	0	3.056	-8.000
kyshtau	rural_settlement	settlement	2.000	1.600	6.000	0	0.000	0	5.389	-8.000
kysis	rural_settlement	settlement	4.000	3.400	28.000	0	0.000	0	9.664	-3.000
kyta	rural_settlement	settlement	1.000	0.800	0.000	0	0.000	0	3.056	-8.000
kythera	rural_settlement	settlement	7.000	12.200	24.000	0	0.000	0	15.097	-3.000
kythnos	rural_settlement	settlement	3.000	5.200	19.000	0	0.000	0	10.818	-3.000
kytoros	rural_settlement	settlement	7.000	10.400	18.000	0	0.000	0	13.915	-3.000
kyungchen_dzong	rural_settlement	settlement	2.000	1.600	10.000	0	0.000	0	5.669	-8.000
kyungho	rural_settlement	settlement	2.000	2.600	6.000	0	0.000	0	7.081	-8.000
kyzikos	town	city	8.000	11.600	29.000	2	1.000	1	19.661	3.000
laatamna	rural_settlement	settlement	5.000	4.200	3.000	0	0.000	0	8.783	-3.000
laattaouia	rural_settlement	settlement	2.000	1.600	5.000	0	0.000	0	5.319	-8.000
laba	rural_settlement	settlement	7.000	11.000	18.000	0	0.000	0	14.182	-3.000
labaeta	rural_settlement	settlement	9.000	8.800	10.000	0	0.000	0	12.568	-3.000
labaka	rural_settlement	settlement	6.000	7.000	6.000	0	0.000	0	11.233	-3.000
labisco	rural_settlement	settlement	5.000	8.200	9.000	0	0.000	0	12.170	-3.000
labitolosa	rural_settlement	settlement	5.000	5.000	8.000	0	0.000	0	9.877	-3.000
labrinum	rural_settlement	settlement	5.000	5.200	11.000	0	0.000	0	10.258	-3.000
labrys	rural_settlement	settlement	5.000	7.800	19.000	0	0.000	0	12.639	-3.000
labrys_omana	rural_settlement	settlement	4.000	3.200	7.000	0	0.000	0	7.952	-3.000
laccadives	rural_settlement	settlement	2.000	2.600	7.000	0	0.000	0	7.151	-8.000
laciacum	rural_settlement	settlement	6.000	8.200	9.000	0	0.000	0	12.170	-3.000
laciburaium	rural_settlement	settlement	2.000	1.600	5.000	0	0.000	0	5.319	-8.000
lacipea	rural_settlement	settlement	5.000	6.000	11.000	0	0.000	0	10.889	-3.000
lacippo	rural_settlement	settlement	5.000	6.000	17.000	0	1.000	1	13.056	-3.000
lacobardia	rural_settlement	settlement	4.000	3.400	0.000	0	0.000	0	7.704	-3.000
lacobriga	rural_settlement	settlement	5.000	5.000	11.000	0	0.000	0	10.087	-3.000
lacon	rural_settlement	settlement	8.000	8.400	6.000	0	0.000	0	12.072	-3.000
lactodorum	rural_settlement	settlement	3.000	3.400	8.000	0	0.000	0	8.264	-3.000
lactora	rural_settlement	settlement	8.000	10.200	11.000	0	0.000	0	13.333	-3.000
lacunis	rural_settlement	settlement	7.000	7.600	17.000	0	0.000	0	12.379	-3.000
ladakh	rural_settlement	settlement	3.000	2.800	6.000	0	0.000	0	7.362	-8.000
ladha	rural_settlement	settlement	12.000	20.200	24.000	0	0.000	0	17.561	-3.000
lafaha	rural_settlement	settlement	2.000	1.600	13.000	0	0.000	0	5.879	-8.000
laga	rural_settlement	settlement	1.000	0.800	6.000	0	0.000	0	3.476	-8.000
lagania	rural_settlement	settlement	4.000	4.400	24.000	0	0.000	0	10.449	-3.000
lagbe	rural_settlement	settlement	3.000	3.600	13.000	0	0.000	0	8.845	-3.000
lagentium	rural_settlement	settlement	3.000	3.400	6.000	0	0.000	0	8.124	-3.000
laghouat	rural_settlement	settlement	9.000	7.800	3.000	0	0.000	0	11.519	-3.000
lagni	rural_settlement	settlement	7.000	8.400	11.000	0	0.000	0	12.422	-3.000
lagodekhi	rural_settlement	settlement	2.000	2.600	16.000	0	0.000	0	7.781	-3.000
lahami	rural_settlement	settlement	3.000	4.400	28.000	0	0.000	0	10.729	-3.000
lahir	rural_settlement	settlement	5.000	6.800	31.000	0	0.000	0	12.851	-3.000
lahmar	rural_settlement	settlement	3.000	2.600	3.000	0	0.000	0	6.871	-8.000
lahunipara	rural_settlement	settlement	5.000	7.200	15.000	0	0.000	0	11.991	-3.000
lairtes	rural_settlement	settlement	5.000	7.800	24.000	0	0.000	0	12.989	-3.000
lakaine	rural_settlement	settlement	3.000	3.400	11.000	0	0.000	0	8.474	-3.000
lakhanpur	rural_settlement	settlement	6.000	5.800	26.000	0	0.000	0	11.788	-3.000
lakhimpur	rural_settlement	settlement	12.000	15.200	24.000	0	0.000	0	16.162	-3.000
lama	rural_settlement	settlement	3.000	3.400	11.000	0	0.000	0	8.474	-3.000
lamasba	rural_settlement	settlement	5.000	5.800	19.000	0	0.000	0	11.298	-3.000
lambafundi	rural_settlement	settlement	3.000	5.200	3.000	0	0.000	0	9.698	-3.000
lambdia	rural_settlement	settlement	4.000	4.400	9.000	0	0.000	0	9.399	-3.000
lambrum	rural_settlement	settlement	8.000	11.000	13.000	0	0.000	0	13.832	-3.000
lamecum	rural_settlement	settlement	5.000	5.000	9.000	0	0.000	0	9.947	-3.000
lamia	city	city	19.000	34.000	33.000	0	1.000	1	24.045	8.000
laminium	rural_settlement	settlement	8.000	9.200	10.000	0	0.000	0	12.776	-3.000
lamnum	rural_settlement	settlement	4.000	4.200	11.000	0	0.000	0	9.343	-3.000
lamounia	rural_settlement	settlement	4.000	5.400	24.000	0	0.000	0	11.333	-3.000
lampas	rural_settlement	settlement	6.000	7.200	18.000	0	0.000	0	12.201	-3.000
lampi	rural_settlement	settlement	4.000	3.200	5.000	0	0.000	0	7.812	-3.000
lampsakos	town	city	7.000	11.000	25.000	2	1.000	1	19.128	2.000
lamrija	rural_settlement	settlement	3.000	2.600	3.000	0	0.000	0	6.871	-8.000
lancia	rural_settlement	settlement	10.000	12.600	11.000	0	0.000	0	14.342	-3.000
landia	rural_settlement	settlement	4.000	5.800	0.000	0	0.000	0	9.968	-3.000
langarkanan	rural_settlement	settlement	4.000	6.000	19.000	0	0.000	0	11.449	-3.000
langobardia	rural_settlement	settlement	4.000	5.400	3.000	0	0.000	0	9.863	-3.000
langobriga	rural_settlement	settlement	5.000	5.000	9.000	0	0.000	0	9.947	-3.000
lanyar	rural_settlement	settlement	1.000	0.800	6.000	0	0.000	0	3.476	-8.000
lapas	rural_settlement	settlement	2.000	1.600	5.000	0	0.000	0	5.319	-8.000
lappa	rural_settlement	settlement	8.000	12.800	24.000	0	0.000	0	15.328	-3.000
lapra	rural_settlement	settlement	5.000	5.200	3.000	0	0.000	0	9.698	-3.000
lapurdum	rural_settlement	settlement	7.000	9.200	11.000	0	0.000	0	12.846	-3.000
laranda	rural_settlement	settlement	4.000	6.000	15.000	0	0.000	0	11.169	-3.000
larbaa_magnoun	rural_settlement	settlement	3.000	2.600	3.000	0	0.000	0	6.871	-8.000
lares	rural_settlement	settlement	8.000	11.000	19.000	0	0.000	0	14.252	-3.000
larga	rural_settlement	settlement	7.000	6.800	9.000	0	0.000	0	11.311	-3.000
largis	rural_settlement	settlement	4.000	3.600	15.000	0	0.000	0	8.985	-3.000
larisa_ionias	rural_settlement	settlement	4.000	6.000	26.000	0	0.000	0	11.939	-3.000
larissa_0	city	city	18.000	25.400	37.000	0	0.000	0	21.111	3.000
larissa_1	rural_settlement	settlement	3.000	4.600	24.000	2	0.000	0	11.847	-3.000
larsa	town	city	12.000	19.800	27.000	0	0.000	0	19.172	2.000
lashang	rural_settlement	settlement	6.000	7.800	6.000	0	0.000	0	11.729	-3.000
lashio	rural_settlement	settlement	7.000	6.000	9.000	0	0.000	0	10.749	-3.000
lashom	rural_settlement	settlement	3.000	3.400	31.000	0	0.000	0	9.874	-3.000
lassira	rural_settlement	settlement	7.000	6.600	11.000	0	0.000	0	11.316	-3.000
lateremum	rural_settlement	settlement	5.000	5.000	11.000	0	0.000	0	10.087	-3.000
latobicorum	rural_settlement	settlement	10.000	14.600	6.000	0	0.000	0	14.706	-3.000
latopolis	city	city	8.000	10.600	36.000	0	0.000	0	16.765	-3.000
lattalura	rural_settlement	settlement	7.000	12.000	11.000	0	0.000	0	14.108	-3.000
laudicum	rural_settlement	settlement	2.000	1.800	3.000	0	0.000	0	5.564	-8.000
laugaricio	rural_settlement	settlement	1.000	0.800	0.000	0	0.000	0	3.056	-8.000
laumellum	rural_settlement	settlement	3.000	3.600	13.000	0	0.000	0	8.845	-3.000
laupas	rural_settlement	settlement	8.000	11.000	10.000	0	0.000	0	13.622	-3.000
lauriacum	rural_settlement	settlement	6.000	7.000	9.000	0	0.000	0	11.443	-3.000
lauro	rural_settlement	settlement	9.000	10.200	19.000	0	0.000	0	13.893	-3.000
lauro_iberias	rural_settlement	settlement	5.000	5.000	10.000	0	0.000	0	10.017	-3.000
laus	rural_settlement	settlement	9.000	13.000	9.000	0	0.000	0	14.353	-3.000
laus_insubrum	rural_settlement	settlement	7.000	9.600	9.000	0	0.000	0	12.906	-3.000
lausonna	rural_settlement	settlement	9.000	11.600	9.000	0	0.000	0	13.805	-3.000
lautumiae	rural_settlement	settlement	4.000	4.200	9.000	0	0.000	0	9.203	-3.000
lavatrae	rural_settlement	settlement	6.000	6.200	6.000	0	0.000	0	10.685	-3.000
lavinium	city	city	9.000	15.000	37.000	0	0.000	0	18.507	0.000
lawami	rural_settlement	settlement	6.000	5.600	31.000	0	0.000	0	11.983	-3.000
layla	rural_settlement	settlement	5.000	4.200	8.000	0	0.000	0	9.133	-3.000
lebap	rural_settlement	settlement	3.000	2.600	21.000	0	0.000	0	8.131	-3.000
lebedia	rural_settlement	settlement	9.000	11.200	18.000	0	0.000	0	14.267	-3.000
lebr	rural_settlement	settlement	2.000	1.600	10.000	0	0.000	0	5.669	-8.000
lechta	rural_settlement	settlement	4.000	3.200	7.000	0	0.000	0	7.952	-3.000
lecksair	rural_settlement	settlement	3.000	2.600	10.000	0	0.000	0	7.361	-8.000
lecrotiana	rural_settlement	settlement	2.000	1.600	0.000	0	0.000	0	4.969	-8.000
lederata	rural_settlement	settlement	3.000	4.400	0.000	0	0.000	0	8.769	-3.000
leemi	rural_settlement	settlement	2.000	1.600	5.000	0	0.000	0	5.319	-8.000
leges_maiores	rural_settlement	settlement	5.000	5.800	3.000	0	0.000	0	10.178	-3.000
legio_gemina	rural_settlement	settlement	7.000	6.600	9.000	0	0.000	0	11.176	-3.000
legna	rural_settlement	settlement	3.000	3.600	18.000	0	0.000	0	9.195	-3.000
leh	rural_settlement	settlement	4.000	4.400	6.000	0	0.000	0	9.189	-3.000
lek	rural_settlement	settlement	3.000	2.400	0.000	0	0.000	0	6.364	-8.000
lemellia	rural_settlement	settlement	2.000	1.800	19.000	0	0.000	0	6.684	-8.000
lemeshevichi	rural_settlement	settlement	11.000	14.400	7.000	0	1.000	1	16.456	-3.000
lemnis	rural_settlement	settlement	6.000	7.600	9.000	0	0.000	0	11.819	-3.000
lemnos	town	city	12.000	20.200	24.000	0	1.000	1	20.808	4.000
lemovia	rural_settlement	settlement	2.000	1.600	1.000	0	0.000	0	5.039	-8.000
lemoviana	rural_settlement	settlement	2.000	1.600	3.000	0	0.000	0	5.179	-8.000
lentulis	rural_settlement	settlement	4.000	4.400	9.000	0	0.000	0	9.399	-3.000
leonitia	rural_settlement	settlement	5.000	5.000	9.000	0	0.000	0	9.947	-3.000
leontini	rural_settlement	settlement	7.000	11.200	24.000	0	0.000	0	14.687	-3.000
leonton_polis	rural_settlement	settlement	5.000	10.000	33.000	2	1.000	1	17.735	-3.000
leontopolis	city	city	17.000	33.200	38.000	0	0.000	0	22.528	6.000
lepiel	rural_settlement	settlement	1.000	0.800	0.000	0	0.000	0	3.056	-8.000
lepreon	town	city	12.000	24.400	29.000	0	0.000	0	20.351	3.000
leprosum	rural_settlement	settlement	6.000	7.400	11.000	0	0.000	0	11.837	-3.000
leptidava	rural_settlement	settlement	3.000	2.400	5.000	0	0.000	0	6.714	-8.000
leptis_magna	rural_settlement	settlement	7.000	12.800	26.000	0	0.000	0	15.468	-3.000
leptis_minor	city	city	14.000	27.200	33.000	0	0.000	0	21.174	3.000
lepton	rural_settlement	settlement	5.000	5.400	3.000	0	0.000	0	9.863	-3.000
leros	rural_settlement	settlement	9.000	15.600	24.000	0	0.000	0	16.289	-3.000
lesa	rural_settlement	settlement	8.000	11.600	11.000	0	0.000	0	13.945	-3.000
lesbia	rural_settlement	settlement	6.000	7.200	9.000	0	0.000	0	11.571	-3.000
lesos	rural_settlement	settlement	5.000	5.000	8.000	0	0.000	0	9.877	-3.000
letocetum	rural_settlement	settlement	3.000	3.400	10.000	0	0.000	0	8.404	-3.000
letopolis	rural_settlement	settlement	13.000	15.200	33.000	0	0.000	0	16.792	-3.000
leucara	rural_settlement	settlement	1.000	0.800	0.000	0	0.000	0	3.056	-8.000
leucaristus	rural_settlement	settlement	1.000	0.800	0.000	0	0.000	0	3.056	-8.000
leucia	rural_settlement	settlement	6.000	6.000	9.000	0	0.000	0	10.749	-3.000
leucomagus	rural_settlement	settlement	6.000	7.600	13.000	0	0.000	0	12.099	-3.000
leukas	town	city	11.000	20.600	24.000	0	1.000	1	20.906	4.000
leuke_akte	town	city	7.000	14.800	29.000	0	1.000	1	19.630	3.000
leuke_akte_kyrenaike	rural_settlement	settlement	3.000	6.600	28.000	0	0.000	0	12.506	-3.000
leuke_kome	rural_settlement	settlement	4.000	5.400	17.000	0	0.000	0	10.843	-3.000
leukothea	rural_settlement	settlement	3.000	3.600	18.000	0	0.000	0	9.195	-3.000
leuktron	rural_settlement	settlement	4.000	6.800	22.000	0	0.000	0	12.221	-3.000
leulu	rural_settlement	settlement	3.000	2.400	5.000	0	0.000	0	6.714	-8.000
leuphana	rural_settlement	settlement	5.000	5.800	5.000	0	0.000	0	10.318	-3.000
leusaba	rural_settlement	settlement	5.000	5.200	8.000	0	0.000	0	10.048	-3.000
leusinium	rural_settlement	settlement	6.000	7.000	6.000	0	0.000	0	11.233	-3.000
levedi	rural_settlement	settlement	3.000	2.400	5.000	0	0.000	0	6.714	-8.000
levobrinta	rural_settlement	settlement	6.000	7.400	8.000	0	0.000	0	11.627	-3.000
lexoviorum	rural_settlement	settlement	5.000	5.000	11.000	0	0.000	0	10.087	-3.000
lhasa	town	city	26.000	40.000	13.000	0	0.000	0	21.721	5.000
lhayul	rural_settlement	settlement	2.000	1.600	8.000	0	0.000	0	5.529	-8.000
lhodrak	rural_settlement	settlement	2.000	2.600	6.000	0	0.000	0	7.081	-8.000
libarna	rural_settlement	settlement	9.000	13.400	8.000	0	0.000	0	14.430	-3.000
libida	rural_settlement	settlement	3.000	3.600	24.000	0	0.000	0	9.615	-3.000
libisonis	rural_settlement	settlement	4.000	4.600	28.000	0	0.000	0	10.918	-3.000
libisosa	rural_settlement	settlement	4.000	4.200	11.000	0	0.000	0	9.343	-3.000
libyssa	rural_settlement	settlement	5.000	7.800	26.000	2	0.000	0	14.337	-3.000
lilybaeum	rural_settlement	settlement	10.000	18.200	30.000	0	1.000	1	19.213	-3.000
liman	rural_settlement	settlement	4.000	3.800	29.000	0	0.000	0	10.187	-3.000
limia	rural_settlement	settlement	6.000	5.800	9.000	0	0.000	0	10.598	-3.000
limnaioi	rural_settlement	settlement	4.000	4.400	12.000	0	0.000	0	9.609	-3.000
limnorum	rural_settlement	settlement	1.000	0.800	0.000	0	0.000	0	3.056	-8.000
limonum	rural_settlement	settlement	8.000	11.800	11.000	0	0.000	0	14.027	-3.000
limusa	rural_settlement	settlement	7.000	9.800	11.000	0	0.000	0	13.144	-3.000
limyra	town	city	4.000	7.600	29.000	0	0.000	0	14.719	-4.000
lindinis	rural_settlement	settlement	3.000	3.400	11.000	0	1.000	1	10.222	-3.000
lindon	rural_settlement	settlement	2.000	1.600	8.000	0	0.000	0	5.529	-8.000
lindos	rural_settlement	settlement	12.000	20.200	24.000	0	0.000	0	17.561	-3.000
lindum	rural_settlement	settlement	3.000	3.400	10.000	0	0.000	0	8.404	-3.000
lingarajupalem	rural_settlement	settlement	13.000	18.200	9.000	0	0.000	0	15.996	-3.000
lingum	rural_settlement	settlement	3.000	2.400	3.000	0	1.000	1	8.321	-3.000
lintomagus	rural_settlement	settlement	4.000	4.400	11.000	0	0.000	0	9.539	-3.000
liparae	rural_settlement	settlement	2.000	2.600	24.000	0	0.000	0	8.341	-3.000
lishan	rural_settlement	settlement	3.000	6.000	6.000	0	0.000	0	10.539	-3.000
liska	rural_settlement	settlement	2.000	1.600	0.000	0	0.000	0	4.969	-8.000
lissos	rural_settlement	settlement	5.000	5.000	22.000	0	1.000	1	12.605	-3.000
litha	rural_settlement	settlement	4.000	4.200	12.000	0	1.000	1	11.161	-3.000
litta	rural_settlement	settlement	3.000	4.200	24.000	0	0.000	0	10.253	-3.000
livias	rural_settlement	settlement	4.000	7.000	25.000	0	0.000	0	12.563	-3.000
liwa	rural_settlement	settlement	4.000	3.600	7.000	0	0.000	0	8.425	-3.000
lixisis	rural_settlement	settlement	3.000	2.400	0.000	0	0.000	0	6.364	-8.000
lixus	town	city	5.000	7.000	24.000	0	0.000	0	13.993	-6.000
loacus_felicis	rural_settlement	settlement	6.000	8.600	9.000	0	0.000	0	12.391	-3.000
lobeton	rural_settlement	settlement	5.000	6.000	9.000	0	0.000	0	10.749	-3.000
lobrinia	rural_settlement	settlement	5.000	7.600	21.000	0	0.000	0	12.659	-3.000
locoritum	rural_settlement	settlement	2.000	1.600	0.000	0	0.000	0	4.969	-8.000
locri_0	town	city	6.000	10.000	29.000	0	1.000	1	17.747	-1.000
locri_1	rural_settlement	settlement	4.000	6.600	23.000	0	0.000	0	12.156	-3.000
logiya	rural_settlement	settlement	2.000	1.600	8.000	0	0.000	0	5.529	-8.000
loktyshi	rural_settlement	settlement	2.000	1.600	7.000	0	0.000	0	5.459	-8.000
lokyldak	rural_settlement	settlement	2.000	1.600	6.000	0	0.000	0	5.389	-8.000
lonavli	rural_settlement	settlement	12.000	19.400	9.000	0	0.000	0	16.311	-3.000
londinium	rural_settlement	settlement	9.000	11.000	13.000	0	1.000	1	15.579	-3.000
longaticum	rural_settlement	settlement	5.000	6.200	9.000	0	0.000	0	10.895	-3.000
longinopara	rural_settlement	settlement	3.000	5.000	10.000	0	0.000	0	10.017	-3.000
longones	rural_settlement	settlement	5.000	9.400	24.000	0	0.000	0	13.857	-3.000
longuntica	rural_settlement	settlement	6.000	6.000	10.000	0	1.000	1	12.566	-3.000
loodak	rural_settlement	settlement	3.000	3.400	5.000	0	0.000	0	8.054	-3.000
lopodunum	rural_settlement	settlement	9.000	11.800	0.000	0	0.000	0	13.257	-3.000
loricata	rural_settlement	settlement	3.000	3.400	0.000	0	0.000	0	7.704	-3.000
losa	rural_settlement	settlement	5.000	5.200	9.000	0	1.000	1	11.865	-3.000
losodica	rural_settlement	settlement	4.000	4.800	9.000	0	0.000	0	9.771	-3.000
lotin	rural_settlement	settlement	4.000	6.000	5.000	0	0.000	0	10.469	-3.000
lougia	rural_settlement	settlement	5.000	5.000	9.000	0	0.000	0	9.947	-3.000
lounda	rural_settlement	settlement	4.000	5.400	26.000	0	0.000	0	11.473	-3.000
loutia	rural_settlement	settlement	5.000	5.000	11.000	0	0.000	0	10.087	-3.000
luca	rural_settlement	settlement	7.000	10.800	9.000	0	0.000	0	13.464	-3.000
lucaniacum	rural_settlement	settlement	4.000	4.400	11.000	0	0.000	0	9.539	-3.000
luceria	rural_settlement	settlement	6.000	10.200	26.000	0	0.000	0	14.383	-3.000
lucia	rural_settlement	settlement	5.000	5.000	9.000	0	0.000	0	9.947	-3.000
lucu	rural_settlement	settlement	4.000	5.200	11.000	0	0.000	0	10.258	-3.000
lucurgentum	rural_settlement	settlement	7.000	8.600	19.000	0	0.000	0	13.091	-3.000
lucus	rural_settlement	settlement	10.000	12.600	9.000	0	0.000	0	14.202	-3.000
lucus_asturum	rural_settlement	settlement	5.000	5.000	9.000	0	0.000	0	9.947	-3.000
ludna	rural_settlement	settlement	5.000	5.000	11.000	0	0.000	0	10.087	-3.000
luena	rural_settlement	settlement	6.000	6.000	7.000	0	0.000	0	10.609	-3.000
lugadurum	rural_settlement	settlement	4.000	4.800	11.000	0	1.000	1	11.659	-3.000
lugdunum	rural_settlement	settlement	5.000	5.000	11.000	0	0.000	0	10.087	-3.000
lugdunum_convenarum	rural_settlement	settlement	8.000	11.600	11.000	0	0.000	0	13.945	-3.000
luggonia	rural_settlement	settlement	5.000	5.000	9.000	0	0.000	0	9.947	-3.000
lugidunum	rural_settlement	settlement	2.000	1.600	0.000	0	0.000	0	4.969	-8.000
lugii	rural_settlement	settlement	2.000	1.600	8.000	0	0.000	0	5.529	-8.000
lugio	rural_settlement	settlement	5.000	6.200	11.000	0	0.000	0	11.035	-3.000
luguido	rural_settlement	settlement	7.000	11.400	13.000	0	0.000	0	14.002	-3.000
luguvalium	rural_settlement	settlement	3.000	3.400	8.000	0	1.000	1	10.012	-3.000
lukomlskoye	rural_settlement	settlement	1.000	0.800	0.000	0	0.000	0	3.056	-8.000
lukow	rural_settlement	settlement	1.000	0.800	0.000	0	0.000	0	3.056	-8.000
lum	rural_settlement	settlement	4.000	3.600	6.000	0	0.000	0	8.355	-3.000
lumbini	rural_settlement	settlement	6.000	10.200	8.000	0	0.000	0	13.123	-3.000
luna	rural_settlement	settlement	9.000	15.000	26.000	0	0.000	0	16.237	-3.000
lunichno	rural_settlement	settlement	1.000	0.800	0.000	0	0.000	0	3.056	-8.000
lunna	rural_settlement	settlement	4.000	4.200	11.000	0	0.000	0	9.343	-3.000
lupenia	rural_settlement	settlement	4.000	6.000	1.000	0	0.000	0	10.189	-3.000
luphurdum	rural_settlement	settlement	2.000	1.800	0.000	0	0.000	0	5.354	-8.000
lupiae	rural_settlement	settlement	11.000	16.600	12.000	0	0.000	0	15.753	-3.000
luppia	rural_settlement	settlement	2.000	1.600	5.000	0	0.000	0	5.319	-8.000
lupsadak	rural_settlement	settlement	2.000	1.600	5.000	0	0.000	0	5.319	-8.000
lupuznya	rural_settlement	settlement	2.000	1.600	7.000	0	0.000	0	5.459	-8.000
luserium	rural_settlement	settlement	5.000	5.000	11.000	0	0.000	0	10.087	-3.000
lutetia	town	city	12.000	12.400	16.000	0	0.000	0	16.115	-3.000
luteva	rural_settlement	settlement	7.000	8.200	9.000	0	0.000	0	12.170	-3.000
lutudarum	rural_settlement	settlement	3.000	3.400	8.000	0	0.000	0	8.264	-3.000
luxia	rural_settlement	settlement	7.000	7.600	19.000	0	0.000	0	12.519	-3.000
lychidnos	rural_settlement	settlement	6.000	8.600	22.000	0	0.000	0	13.301	-3.000
lyctus	rural_settlement	settlement	16.000	26.200	24.000	0	0.000	0	18.857	-3.000
lydda	rural_settlement	settlement	4.000	6.200	25.000	0	0.000	0	12.015	-3.000
lygia	rural_settlement	settlement	3.000	2.600	0.000	0	0.000	0	6.661	-8.000
lykabettus_porphyrites	rural_settlement	settlement	4.000	4.400	29.000	0	0.000	0	10.799	-3.000
lykopolis	rural_settlement	settlement	5.000	7.600	31.000	0	0.000	0	13.359	-3.000
lysimacheia	city	city	49.000	81.000	37.000	0	1.000	1	28.753	14.000
lysobyki	rural_settlement	settlement	1.000	0.800	0.000	0	0.000	0	3.056	-8.000
lystra	rural_settlement	settlement	3.000	4.400	24.000	0	0.000	0	10.449	-3.000
lyubech	rural_settlement	settlement	2.000	1.600	7.000	0	0.000	0	5.459	-8.000
maatul	rural_settlement	settlement	1.000	0.800	5.000	0	0.000	0	3.406	-8.000
mabatorum	rural_settlement	settlement	2.000	1.600	0.000	0	0.000	0	4.969	-8.000
maca	rural_settlement	settlement	1.000	0.800	6.000	0	0.000	0	3.476	-8.000
macajilayn	rural_settlement	settlement	5.000	4.400	15.000	0	0.000	0	9.819	-3.000
maccua	rural_settlement	settlement	7.000	8.600	8.000	0	0.000	0	12.321	-3.000
machhindrapur	rural_settlement	settlement	10.000	16.400	24.000	0	0.000	0	16.534	-3.000
machiekkyt	rural_settlement	settlement	5.000	4.400	0.000	0	0.000	0	8.769	-3.000
maciejowice	rural_settlement	settlement	1.000	0.800	0.000	0	0.000	0	3.056	-8.000
macomades	rural_settlement	settlement	4.000	7.000	21.000	0	0.000	0	12.283	-3.000
macomades_minores	rural_settlement	settlement	5.000	7.000	28.000	0	0.000	0	12.773	-3.000
macri	rural_settlement	settlement	3.000	5.000	21.000	0	0.000	0	10.787	-3.000
mactaris	rural_settlement	settlement	9.000	10.400	19.000	0	0.000	0	13.985	-3.000
madaba	rural_settlement	settlement	4.000	4.600	25.000	0	0.000	0	10.708	-3.000
madana	rural_settlement	settlement	12.000	10.800	21.000	0	0.000	0	14.304	-3.000
madanpur	rural_settlement	settlement	9.000	17.600	24.000	0	0.000	0	16.880	-3.000
madauros	rural_settlement	settlement	6.000	7.000	21.000	0	0.000	0	12.283	-3.000
madhyamika	town	city	44.000	62.400	31.000	0	0.000	0	25.247	10.000
madiama	rural_settlement	settlement	6.000	10.400	18.000	0	0.000	0	13.915	-3.000
madiama_felix	rural_settlement	settlement	4.000	5.000	18.000	0	0.000	0	10.577	-3.000
madomastice	rural_settlement	settlement	5.000	7.600	28.000	0	0.000	0	13.149	-3.000
madra	city	city	16.000	19.600	33.000	2	0.000	0	20.750	3.000
madrakah	rural_settlement	settlement	2.000	1.800	5.000	0	0.000	0	5.704	-8.000
madrakara	rural_settlement	settlement	15.000	22.200	26.000	0	0.000	0	18.170	-3.000
madurai	town	city	44.000	74.400	28.000	0	0.000	0	25.939	11.000
maganan	rural_settlement	settlement	9.000	7.600	7.000	0	0.000	0	11.679	-3.000
magaris	rural_settlement	settlement	7.000	10.400	6.000	0	0.000	0	13.075	-3.000
magaris_kalinga	rural_settlement	settlement	5.000	7.800	18.000	0	0.000	0	12.569	-3.000
magarsa	rural_settlement	settlement	3.000	5.200	22.000	0	0.000	0	11.028	-3.000
magat	rural_settlement	settlement	1.000	0.800	6.000	0	0.000	0	3.476	-8.000
magdalu	rural_settlement	settlement	4.000	6.200	28.000	0	0.000	0	12.225	-3.000
magetobria	rural_settlement	settlement	6.000	6.000	9.000	0	0.000	0	10.749	-3.000
maggiaviensium	rural_settlement	settlement	7.000	6.600	11.000	0	0.000	0	11.316	-3.000
maghara	rural_settlement	settlement	6.000	7.200	28.000	0	0.000	0	12.901	-3.000
maghessel	rural_settlement	settlement	3.000	2.600	3.000	0	0.000	0	6.871	-8.000
magiovinium	rural_settlement	settlement	3.000	3.400	12.000	0	0.000	0	8.544	-3.000
magnana	rural_settlement	settlement	3.000	3.600	18.000	0	0.000	0	9.195	-3.000
magnesia_pros_maiandro	rural_settlement	settlement	4.000	6.000	26.000	3	0.000	0	13.464	-3.000
magnis	rural_settlement	settlement	6.000	6.800	8.000	0	0.000	0	11.241	-3.000
mago	rural_settlement	settlement	5.000	5.200	15.000	0	1.000	1	12.285	-3.000
magrab	rural_settlement	settlement	1.000	1.800	28.000	0	0.000	0	7.314	-8.000
magrai	rural_settlement	settlement	1.000	0.800	3.000	0	0.000	0	3.266	-8.000
magrane	rural_settlement	settlement	2.000	1.600	5.000	0	0.000	0	5.319	-8.000
magrur	rural_settlement	settlement	1.000	0.800	5.000	0	0.000	0	3.406	-8.000
mahagrama	rural_settlement	settlement	3.000	5.800	24.000	0	1.000	1	13.396	-3.000
mahalla	rural_settlement	settlement	1.000	0.800	15.000	0	0.000	0	4.106	-8.000
mahanala	rural_settlement	settlement	4.000	3.600	24.000	0	0.000	0	9.615	-3.000
mahaneit	rural_settlement	settlement	1.000	0.800	10.000	0	0.000	0	3.756	-8.000
maharatthalava	rural_settlement	settlement	19.000	27.200	18.000	0	0.000	0	18.624	-3.000
mahatittha	rural_settlement	settlement	7.000	10.400	23.000	0	1.000	1	16.012	-3.000
mahd_al_thahab	rural_settlement	settlement	4.000	3.400	9.000	0	0.000	0	8.334	-3.000
mahdnada	rural_settlement	settlement	5.000	8.400	18.000	0	0.000	0	12.912	-3.000
mahdood	rural_settlement	settlement	7.000	6.000	15.000	0	0.000	0	11.169	-3.000
mahisha	town	city	40.000	53.000	13.000	0	0.000	0	23.153	8.000
mahismati	city	city	44.000	68.200	33.000	0	0.000	0	25.842	11.000
mahiyanganaya	rural_settlement	settlement	9.000	12.800	17.000	0	0.000	0	14.838	-3.000
mahoba	rural_settlement	settlement	10.000	11.600	24.000	0	0.000	0	14.855	-3.000
mahruqah	rural_settlement	settlement	2.000	1.800	10.000	0	0.000	0	6.054	-8.000
mahur	rural_settlement	settlement	9.000	11.200	8.000	0	0.000	0	13.567	-3.000
mahzul	rural_settlement	settlement	2.000	1.600	5.000	0	0.000	0	5.319	-8.000
mai_adrasha	town	city	15.000	24.000	23.000	0	0.000	0	19.848	3.000
maiboza	rural_settlement	settlement	5.000	7.000	24.000	2	0.000	0	13.702	-3.000
maidanchach	rural_settlement	settlement	2.000	1.600	0.000	0	0.000	0	4.969	-8.000
maidankoga	rural_settlement	settlement	3.000	2.400	0.000	0	0.000	0	6.364	-8.000
maidankuyryk	rural_settlement	settlement	3.000	2.400	0.000	0	0.000	0	6.364	-8.000
maionia	rural_settlement	settlement	5.000	7.000	24.000	2	0.000	0	13.702	-3.000
maipha	rural_settlement	settlement	5.000	6.000	7.000	0	0.000	0	10.609	-3.000
maito	rural_settlement	settlement	3.000	2.400	5.000	0	0.000	0	6.714	-8.000
majdubiyah	rural_settlement	settlement	1.000	0.800	10.000	0	0.000	0	3.756	-8.000
majdul	rural_settlement	settlement	3.000	2.600	10.000	0	0.000	0	7.361	-8.000
makarabah	rural_settlement	settlement	9.000	14.400	13.000	0	0.000	0	15.129	-3.000
makash	rural_settlement	settlement	8.000	12.800	27.000	0	0.000	0	15.538	-3.000
makat	rural_settlement	settlement	3.000	2.400	6.000	0	0.000	0	6.784	-8.000
maked	rural_settlement	settlement	3.000	5.200	26.000	0	0.000	0	11.308	-3.000
makeda	rural_settlement	settlement	10.000	13.000	15.000	0	0.000	0	14.773	-3.000
makhram	rural_settlement	settlement	5.000	8.400	19.000	0	0.000	0	12.982	-3.000
makit	rural_settlement	settlement	3.000	2.600	12.000	0	0.000	0	7.501	-8.000
makkate	rural_settlement	settlement	1.000	0.800	0.000	0	0.000	0	3.056	-8.000
makna	rural_settlement	settlement	2.000	1.800	17.000	0	1.000	1	8.292	-3.000
makopsis	rural_settlement	settlement	7.000	11.000	11.000	0	0.000	0	13.692	-3.000
makso	rural_settlement	settlement	2.000	1.600	5.000	0	0.000	0	5.319	-8.000
maku	rural_settlement	settlement	5.000	5.600	16.000	0	0.000	0	10.933	-3.000
malaca	town	city	4.000	5.800	29.000	0	1.000	1	15.246	-3.000
malaios	rural_settlement	settlement	2.000	1.600	0.000	0	0.000	0	4.969	-8.000
malana	rural_settlement	settlement	5.000	4.200	19.000	0	0.000	0	9.903	-3.000
malandara	rural_settlement	settlement	3.000	3.600	18.000	0	0.000	0	9.195	-3.000
malao	town	city	12.000	18.200	21.000	0	1.000	1	20.083	3.000
malateca	rural_settlement	settlement	6.000	5.800	9.000	0	0.000	0	10.598	-3.000
malaver	rural_settlement	settlement	4.000	6.000	29.000	0	0.000	0	12.149	-3.000
malayana	town	city	27.000	48.400	28.000	0	0.000	0	23.740	8.000
malda	rural_settlement	settlement	19.000	20.800	28.000	0	0.000	0	17.986	-3.000
male	rural_settlement	settlement	6.000	8.800	7.000	0	1.000	1	14.106	-3.000
malejin	rural_settlement	settlement	3.000	5.200	18.000	0	0.000	0	10.748	-3.000
malia	rural_settlement	settlement	9.000	10.600	22.000	0	0.000	0	14.285	-3.000
malica	rural_settlement	settlement	3.000	3.600	0.000	0	0.000	0	7.935	-3.000
malini	town	city	17.000	30.800	29.000	2	0.000	0	22.728	6.000
mallabhum	rural_settlement	settlement	9.000	10.800	24.000	0	0.000	0	14.514	-3.000
mallava	rural_settlement	settlement	14.000	24.600	26.000	0	0.000	0	18.681	-3.000
mallayapalam	rural_settlement	settlement	6.000	10.200	9.000	0	0.000	0	13.193	-3.000
mallia_0	rural_settlement	settlement	7.000	10.800	11.000	0	0.000	0	13.604	-3.000
mallia_1	city	city	21.000	42.000	39.000	0	0.000	0	23.788	7.000
malliacus	rural_settlement	settlement	5.000	5.000	9.000	0	0.000	0	9.947	-3.000
mallites	rural_settlement	settlement	1.000	0.800	0.000	0	0.000	0	3.056	-8.000
mallo	rural_settlement	settlement	7.000	9.600	20.000	0	0.000	0	13.676	-3.000
mallos	city	city	8.000	13.400	35.000	2	1.000	1	20.776	3.000
malos	rural_settlement	settlement	3.000	3.600	18.000	2	0.000	0	10.404	-3.000
maltecoria	town	city	27.000	36.600	31.000	0	1.000	1	24.278	9.000
malvesia	rural_settlement	settlement	4.000	6.000	8.000	0	0.000	0	10.679	-3.000
malyts	rural_settlement	settlement	4.000	6.000	3.000	0	0.000	0	10.329	-3.000
mambil	rural_settlement	settlement	4.000	6.200	17.000	0	0.000	0	11.455	-3.000
mammica	rural_settlement	settlement	3.000	5.000	29.000	0	0.000	0	11.347	-3.000
mampsis	rural_settlement	settlement	5.000	5.400	18.000	0	0.000	0	10.913	-3.000
mamry	rural_settlement	settlement	1.000	0.800	0.000	0	0.000	0	3.056	-8.000
mamucium	rural_settlement	settlement	3.000	3.400	12.000	0	0.000	0	8.544	-3.000
manapia_australis	rural_settlement	settlement	3.000	2.400	0.000	0	0.000	0	6.364	-8.000
manapia_borealis	rural_settlement	settlement	2.000	1.600	0.000	0	0.000	0	4.969	-8.000
manapia_occidentalis	rural_settlement	settlement	2.000	1.600	0.000	0	0.000	0	4.969	-8.000
manaqil	rural_settlement	settlement	6.000	6.000	8.000	0	0.000	0	10.679	-3.000
manar	rural_settlement	settlement	6.000	5.200	2.000	0	0.000	0	9.628	-3.000
manaritum	rural_settlement	settlement	5.000	5.000	11.000	0	0.000	0	10.087	-3.000
manarmanis	rural_settlement	settlement	2.000	1.600	0.000	0	0.000	0	4.969	-8.000
manasa	rural_settlement	settlement	7.000	8.000	26.000	0	0.000	0	13.246	-3.000
manasa_kamata	rural_settlement	settlement	6.000	5.200	9.000	0	0.000	0	10.118	-3.000
manatum	rural_settlement	settlement	4.000	4.200	16.000	0	0.000	0	9.693	-3.000
manavia	rural_settlement	settlement	3.000	5.000	0.000	0	1.000	1	11.065	-3.000
manbhum	rural_settlement	settlement	11.000	19.000	24.000	0	0.000	0	17.258	-3.000
mandagara	rural_settlement	settlement	14.000	17.400	11.000	0	1.000	1	17.662	-3.000
mandali	rural_settlement	settlement	5.000	5.600	31.000	0	0.000	0	11.983	-3.000
mandapura	rural_settlement	settlement	7.000	8.800	23.000	0	0.000	0	13.478	-3.000
mandish	rural_settlement	settlement	2.000	1.600	28.000	0	0.000	0	6.929	-8.000
mandla	rural_settlement	settlement	1.000	0.800	8.000	0	0.000	0	3.616	-8.000
manduessedum	rural_settlement	settlement	3.000	3.400	10.000	0	0.000	0	8.404	-3.000
manfuchia	rural_settlement	settlement	1.000	0.800	10.000	0	0.000	0	3.756	-8.000
mangalavada	rural_settlement	settlement	7.000	10.600	11.000	0	0.000	0	13.515	-3.000
mangyl	rural_settlement	settlement	1.000	0.800	0.000	0	0.000	0	3.056	-8.000
manikyala	rural_settlement	settlement	9.000	13.000	24.000	0	0.000	0	15.403	-3.000
manimia	rural_settlement	settlement	4.000	5.400	5.000	0	0.000	0	10.003	-3.000
manites	rural_settlement	settlement	11.000	15.000	18.000	0	0.000	0	15.677	-3.000
mankal	rural_settlement	settlement	10.000	13.200	9.000	0	0.000	0	14.427	-3.000
manoia	rural_settlement	settlement	2.000	1.800	0.000	0	0.000	0	5.354	-8.000
mansoura	rural_settlement	settlement	3.000	2.400	5.000	0	0.000	0	6.714	-8.000
mansur	rural_settlement	settlement	4.000	3.200	5.000	0	0.000	0	7.812	-3.000
mantala	rural_settlement	settlement	2.000	1.800	7.000	0	0.000	0	5.844	-8.000
mantinea	rural_settlement	settlement	8.000	13.200	22.000	0	0.000	0	15.337	-3.000
mantora	rural_settlement	settlement	2.000	1.800	0.000	0	0.000	0	5.354	-8.000
mantua	rural_settlement	settlement	4.000	4.400	13.000	0	0.000	0	9.679	-3.000
mantua_carpetania	rural_settlement	settlement	7.000	6.800	11.000	0	0.000	0	11.451	-3.000
manyakheta	rural_settlement	settlement	12.000	18.000	11.000	0	0.000	0	16.081	-3.000
maon	rural_settlement	settlement	3.000	4.400	31.000	0	0.000	0	10.939	-3.000
mapam	rural_settlement	settlement	3.000	5.000	8.000	0	0.000	0	9.877	-3.000
maphoris	rural_settlement	settlement	4.000	4.400	16.000	0	0.000	0	9.889	-3.000
marad	rural_settlement	settlement	12.000	17.200	33.000	2	0.000	0	18.606	-3.000
maradah	rural_settlement	settlement	4.000	3.400	10.000	0	0.000	0	8.404	-3.000
marah	rural_settlement	settlement	2.000	3.200	28.000	0	0.000	0	9.422	-3.000
marakanda	town	city	8.000	13.800	24.000	0	0.000	0	17.192	-1.000
marakhai	rural_settlement	settlement	1.000	0.800	5.000	0	0.000	0	3.406	-8.000
maran	rural_settlement	settlement	3.000	3.600	8.000	0	0.000	0	8.495	-3.000
marandis	rural_settlement	settlement	4.000	7.000	18.000	0	0.000	0	12.073	-3.000
marane	rural_settlement	settlement	1.000	0.800	6.000	0	0.000	0	3.476	-8.000
maranot	rural_settlement	settlement	1.000	0.800	0.000	0	0.000	0	3.056	-8.000
maravan	rural_settlement	settlement	10.000	15.200	20.000	0	0.000	0	15.882	-3.000
marcelliago	rural_settlement	settlement	5.000	5.000	11.000	0	0.000	0	10.087	-3.000
marcimeni	rural_settlement	settlement	5.000	5.200	21.000	0	0.000	0	10.958	-3.000
marcodava	rural_settlement	settlement	9.000	11.000	12.000	0	0.000	0	13.762	-3.000
marcomagus	rural_settlement	settlement	5.000	5.000	11.000	0	0.000	0	10.087	-3.000
marcomannia	rural_settlement	settlement	5.000	6.600	0.000	0	0.000	0	10.546	-3.000
mardan	rural_settlement	settlement	10.000	11.200	9.000	2	0.000	0	14.846	-3.000
mardastan	rural_settlement	settlement	4.000	4.400	18.000	0	0.000	0	10.029	-3.000
marde	rural_settlement	settlement	4.000	5.400	29.000	3	0.000	0	13.208	-3.000
mareb	rural_settlement	settlement	2.000	1.600	8.000	0	0.000	0	5.529	-8.000
marehtidak	rural_settlement	settlement	4.000	4.400	5.000	0	0.000	0	9.119	-3.000
margineia	town	city	13.000	19.200	24.000	0	0.000	0	18.810	1.000
margum	rural_settlement	settlement	3.000	3.600	13.000	0	0.000	0	8.845	-3.000
mari	rural_settlement	settlement	6.000	7.600	19.000	0	0.000	0	12.519	-3.000
mariaba	town	city	24.000	51.000	25.000	0	0.000	0	23.796	8.000
mariana_baetica	rural_settlement	settlement	7.000	7.800	19.000	0	0.000	0	12.639	-3.000
mariana_lobetania	rural_settlement	settlement	4.000	4.200	10.000	0	0.000	0	9.273	-3.000
marianus_mons	rural_settlement	settlement	6.000	6.800	8.000	0	0.000	0	11.241	-3.000
marimatha	rural_settlement	settlement	4.000	7.600	7.000	0	0.000	0	11.679	-3.000
marinavas	rural_settlement	settlement	5.000	5.000	11.000	0	0.000	0	10.087	-3.000
marion	rural_settlement	settlement	3.000	5.200	24.000	0	1.000	1	12.915	-3.000
mariones	rural_settlement	settlement	3.000	2.600	1.000	0	1.000	1	8.479	-3.000
marionis	rural_settlement	settlement	2.000	1.600	5.000	0	1.000	1	7.066	-8.000
marisa	town	city	8.000	15.000	31.000	0	0.000	0	18.087	0.000
marisia	rural_settlement	settlement	3.000	3.400	0.000	0	0.000	0	7.704	-3.000
markash	town	city	10.000	17.200	25.000	0	0.000	0	18.337	0.000
marma	rural_settlement	settlement	6.000	7.800	10.000	0	0.000	0	12.009	-3.000
marna_vallis	rural_settlement	settlement	3.000	2.400	8.000	0	0.000	0	6.924	-8.000
marobudum	rural_settlement	settlement	4.000	5.000	0.000	0	0.000	0	9.317	-3.000
maroia	rural_settlement	settlement	5.000	5.800	5.000	0	0.000	0	10.318	-3.000
marone	rural_settlement	settlement	1.000	0.800	3.000	0	0.000	0	3.266	-8.000
maroneia	rural_settlement	settlement	5.000	7.600	28.000	0	0.000	0	13.149	-3.000
maronis	rural_settlement	settlement	3.000	3.400	0.000	0	0.000	0	7.704	-3.000
marot	rural_settlement	settlement	2.000	1.800	17.000	0	0.000	0	6.544	-8.000
marouka	rural_settlement	settlement	4.000	6.000	17.000	0	0.000	0	11.309	-3.000
marrakech	rural_settlement	settlement	4.000	3.400	5.000	0	0.000	0	8.054	-3.000
marrica	rural_settlement	settlement	3.000	2.400	0.000	0	0.000	0	6.364	-8.000
marru	rural_settlement	settlement	5.000	8.400	17.000	0	0.000	0	12.842	-3.000
marsacia	rural_settlement	settlement	3.000	3.400	7.000	0	0.000	0	8.194	-3.000
marsia	rural_settlement	settlement	3.000	2.600	0.000	0	0.000	0	6.661	-8.000
marsiana	rural_settlement	settlement	4.000	5.800	0.000	0	0.000	0	9.968	-3.000
marsignia	rural_settlement	settlement	4.000	4.400	0.000	0	0.000	0	8.769	-3.000
marsonia	rural_settlement	settlement	8.000	10.400	10.000	0	0.000	0	13.355	-3.000
martyropolis	rural_settlement	settlement	9.000	13.200	29.000	0	0.000	0	15.827	-3.000
maryanus	rural_settlement	settlement	4.000	6.400	5.000	0	0.000	0	10.758	-3.000
masada	rural_settlement	settlement	5.000	6.400	25.000	0	0.000	0	12.158	-3.000
masaitike	rural_settlement	settlement	3.000	3.600	18.000	0	0.000	0	9.195	-3.000
masalas	rural_settlement	settlement	1.000	0.800	21.000	0	0.000	0	4.526	-8.000
maschianae	rural_settlement	settlement	2.000	2.600	8.000	0	0.000	0	7.221	-8.000
masclinae	rural_settlement	settlement	5.000	5.200	24.000	0	0.000	0	11.168	-3.000
mascula_tiberia	rural_settlement	settlement	5.000	5.600	3.000	0	0.000	0	10.023	-3.000
masella	rural_settlement	settlement	7.000	8.000	10.000	0	0.000	0	12.126	-3.000
masina	rural_settlement	settlement	8.000	11.800	29.000	0	0.000	0	15.287	-3.000
maske	rural_settlement	settlement	1.000	0.800	0.000	0	0.000	0	3.056	-8.000
maski	rural_settlement	settlement	13.000	18.600	11.000	0	0.000	0	16.243	-3.000
maskin	rural_settlement	settlement	3.000	5.400	33.000	0	0.000	0	11.963	-3.000
massagetia	rural_settlement	settlement	13.000	16.200	23.000	0	0.000	0	16.404	-3.000
massaka	rural_settlement	settlement	6.000	7.800	7.000	0	0.000	0	11.799	-3.000
massalia	town	city	22.000	43.800	31.000	0	1.000	1	25.189	10.000
mastia	town	city	13.000	14.400	19.000	0	1.000	1	18.796	1.000
mastiacum	rural_settlement	settlement	8.000	10.000	7.000	0	0.000	0	12.959	-3.000
masticat	rural_settlement	settlement	2.000	1.600	0.000	0	0.000	0	4.969	-8.000
mastutah	rural_settlement	settlement	1.000	0.800	10.000	0	0.000	0	3.756	-8.000
matale	rural_settlement	settlement	4.000	3.400	18.000	0	0.000	0	8.964	-3.000
matamir	rural_settlement	settlement	5.000	4.000	10.000	0	0.000	0	9.069	-3.000
matar	rural_settlement	settlement	8.000	14.000	28.000	0	0.000	0	16.042	-3.000
matara	rural_settlement	settlement	5.000	8.000	16.000	0	0.000	0	12.546	-3.000
matavo	rural_settlement	settlement	8.000	12.600	9.000	0	0.000	0	14.202	-3.000
matay	rural_settlement	settlement	3.000	2.400	6.000	0	0.000	0	6.784	-8.000
mathura	city	city	39.000	62.400	33.000	0	0.000	0	25.387	10.000
matiania	rural_settlement	settlement	3.000	5.200	21.000	0	0.000	0	10.958	-3.000
matipura	rural_settlement	settlement	7.000	8.800	8.000	0	0.000	0	12.428	-3.000
matisco	rural_settlement	settlement	4.000	4.200	9.000	0	0.000	0	9.203	-3.000
matiscua	rural_settlement	settlement	5.000	5.800	0.000	0	0.000	0	9.968	-3.000
matouasko	rural_settlement	settlement	3.000	3.600	9.000	0	0.000	0	8.565	-3.000
matriniaca	rural_settlement	settlement	5.000	5.000	13.000	0	0.000	0	10.227	-3.000
matrinum	rural_settlement	settlement	12.000	18.600	16.000	0	0.000	0	16.593	-3.000
matsuarum	rural_settlement	settlement	6.000	7.400	11.000	0	0.000	0	11.837	-3.000
mattiacia	rural_settlement	settlement	4.000	3.200	0.000	0	0.000	0	7.462	-8.000
mattium	rural_settlement	settlement	3.000	2.400	0.000	0	0.000	0	6.364	-8.000
matuaspa	rural_settlement	settlement	5.000	7.800	17.000	0	0.000	0	12.499	-3.000
mau	rural_settlement	settlement	6.000	6.200	8.000	0	0.000	0	10.825	-3.000
mauka	rural_settlement	settlement	1.000	0.800	5.000	0	0.000	0	3.406	-8.000
mauranipur	rural_settlement	settlement	6.000	10.400	24.000	0	0.000	0	14.335	-3.000
maurienna	rural_settlement	settlement	2.000	1.800	7.000	0	0.000	0	5.844	-8.000
mavar	rural_settlement	settlement	1.000	0.800	0.000	0	0.000	0	3.056	-8.000
mavilankai	rural_settlement	settlement	8.000	12.400	21.000	0	1.000	1	16.713	-3.000
mawahi	rural_settlement	settlement	2.000	1.600	10.000	0	0.000	0	5.669	-8.000
mawlaik	rural_settlement	settlement	2.000	1.800	8.000	0	0.000	0	5.914	-8.000
mawqaq	rural_settlement	settlement	2.000	1.600	6.000	0	0.000	0	5.389	-8.000
mayo	rural_settlement	settlement	2.000	1.800	8.000	0	0.000	0	5.914	-8.000
mayurasattapattinam	town	city	38.000	65.800	26.000	0	1.000	1	26.917	11.000
mazaka	town	city	8.000	12.000	21.000	3	0.000	0	17.833	-1.000
mazgi	rural_settlement	settlement	2.000	1.800	6.000	0	0.000	0	5.774	-8.000
mazyr	rural_settlement	settlement	5.000	5.400	7.000	0	0.000	0	10.143	-3.000
mcif	rural_settlement	settlement	5.000	4.200	3.000	0	0.000	0	8.783	-3.000
mdakra	rural_settlement	settlement	4.000	3.400	5.000	0	0.000	0	8.054	-3.000
me_turnat	rural_settlement	settlement	2.000	1.800	31.000	2	0.000	0	8.732	-3.000
mebatunum	rural_settlement	settlement	2.000	1.600	0.000	0	0.000	0	4.969	-8.000
mechkeht	rural_settlement	settlement	5.000	4.000	3.000	0	0.000	0	8.579	-3.000
meda	rural_settlement	settlement	5.000	6.000	8.000	0	0.000	0	10.679	-3.000
media	rural_settlement	settlement	8.000	12.200	8.000	0	0.000	0	13.977	-3.000
mediana	town	city	9.000	11.400	26.000	0	0.000	0	16.412	-2.000
mediana_vendelicia	rural_settlement	settlement	4.000	3.200	9.000	0	0.000	0	8.092	-3.000
mediccera	rural_settlement	settlement	3.000	3.600	28.000	0	0.000	0	9.895	-3.000
mediolanicum	rural_settlement	settlement	5.000	5.000	9.000	0	0.000	0	9.947	-3.000
mediolanum_0	rural_settlement	settlement	3.000	3.400	10.000	0	0.000	0	8.404	-3.000
mediolanum_1	rural_settlement	settlement	10.000	8.800	9.000	0	0.000	0	12.498	-3.000
mediolanum_belgicum	rural_settlement	settlement	2.000	1.800	0.000	0	0.000	0	5.354	-8.000
mediolanum_santonum	rural_settlement	settlement	5.000	5.000	11.000	0	0.000	0	10.087	-3.000
mediomatricia	rural_settlement	settlement	6.000	6.000	11.000	0	0.000	0	10.889	-3.000
medioslanium	rural_settlement	settlement	3.000	2.400	0.000	0	0.000	0	6.364	-8.000
medja	rural_settlement	settlement	2.000	1.600	5.000	0	0.000	0	5.319	-8.000
medma	rural_settlement	settlement	4.000	4.400	15.000	0	0.000	0	9.819	-3.000
medovyi	rural_settlement	settlement	2.000	1.600	7.000	0	0.000	0	5.459	-8.000
medu	rural_settlement	settlement	2.000	1.800	6.000	0	0.000	0	5.774	-8.000
meduin	rural_settlement	settlement	2.000	1.800	10.000	0	0.000	0	6.054	-8.000
megalopolis	town	city	15.000	31.200	28.000	0	0.000	0	21.514	5.000
megara_0	city	city	17.000	34.600	37.000	0	1.000	1	24.414	8.000
megara_1	rural_settlement	settlement	4.000	5.400	26.000	0	0.000	0	11.473	-3.000
megaroi	rural_settlement	settlement	15.000	17.800	26.000	0	0.000	0	17.076	-3.000
mehdawal	rural_settlement	settlement	11.000	15.000	26.000	0	0.000	0	16.237	-3.000
mehdnapura	rural_settlement	settlement	11.000	18.000	11.000	0	0.000	0	16.081	-3.000
mehsana	town	city	18.000	16.800	31.000	0	0.000	0	18.642	1.000
meidob	town	city	9.000	7.200	11.000	0	0.000	0	13.211	-7.000
meiros	rural_settlement	settlement	5.000	5.400	26.000	0	0.000	0	11.473	-3.000
mejjat	rural_settlement	settlement	2.000	1.600	5.000	0	0.000	0	5.319	-8.000
melange	town	city	12.000	17.600	26.000	0	0.000	0	18.520	1.000
melghat	rural_settlement	settlement	10.000	17.000	8.000	0	0.000	0	15.590	-3.000
meliboia	rural_settlement	settlement	3.000	4.200	5.000	0	0.000	0	8.923	-3.000
meliodunum	rural_settlement	settlement	5.000	6.600	0.000	0	0.000	0	10.546	-3.000
melita	rural_settlement	settlement	3.000	5.200	23.000	0	0.000	0	11.098	-3.000
melitia	town	city	12.000	18.000	23.000	3	0.000	0	19.946	3.000
mellaria	rural_settlement	settlement	5.000	5.000	9.000	0	0.000	0	9.947	-3.000
mellodunum	rural_settlement	settlement	5.000	5.000	11.000	0	0.000	0	10.087	-3.000
melnya	rural_settlement	settlement	2.000	1.600	7.000	0	0.000	0	5.459	-8.000
melocabus	rural_settlement	settlement	2.000	1.800	0.000	0	0.000	0	5.354	-8.000
melocavus	rural_settlement	settlement	4.000	3.400	0.000	0	0.000	0	7.704	-3.000
melta	rural_settlement	settlement	7.000	9.600	10.000	0	0.000	0	12.976	-3.000
membressa	rural_settlement	settlement	8.000	11.000	24.000	0	0.000	0	14.602	-3.000
memnonia	rural_settlement	settlement	4.000	5.000	31.000	0	0.000	0	11.487	-3.000
memoriana	rural_settlement	settlement	4.000	4.200	9.000	0	0.000	0	9.203	-3.000
memphis	city	city	18.000	36.200	48.000	1	0.000	0	24.427	8.000
mena	rural_settlement	settlement	4.000	3.400	7.000	0	0.000	0	8.194	-3.000
menae	rural_settlement	settlement	4.000	4.600	24.000	0	0.000	0	10.638	-3.000
menapila	rural_settlement	settlement	7.000	8.800	21.000	0	0.000	0	13.338	-3.000
mendak	rural_settlement	settlement	3.000	2.400	5.000	0	0.000	0	6.714	-8.000
mendes	city	city	28.000	40.000	38.000	0	0.000	0	23.471	7.000
mendiculeia	rural_settlement	settlement	5.000	5.000	8.000	0	0.000	0	9.877	-3.000
mendrion	rural_settlement	settlement	3.000	4.600	18.000	0	0.000	0	10.218	-3.000
menegesum	rural_settlement	settlement	5.000	7.600	19.000	0	0.000	0	12.519	-3.000
menelaos	rural_settlement	settlement	3.000	4.200	28.000	0	1.000	1	12.281	-3.000
mennichak	rural_settlement	settlement	5.000	8.000	0.000	0	0.000	0	11.426	-3.000
meno	rural_settlement	settlement	1.000	0.800	0.000	0	0.000	0	3.056	-8.000
menova	rural_settlement	settlement	3.000	3.400	24.000	0	0.000	0	9.384	-3.000
mentesa	rural_settlement	settlement	5.000	5.000	10.000	0	0.000	0	10.017	-3.000
menturia	town	city	9.000	15.000	13.000	0	0.000	0	16.827	-2.000
meore	rural_settlement	settlement	3.000	2.400	3.000	0	0.000	0	6.574	-8.000
mephas	rural_settlement	settlement	3.000	2.600	18.000	0	0.000	0	7.921	-3.000
meragh	rural_settlement	settlement	5.000	6.200	10.000	0	0.000	0	10.965	-3.000
merania	rural_settlement	settlement	2.000	1.600	0.000	0	0.000	0	4.969	-8.000
merefa	rural_settlement	settlement	9.000	9.600	12.000	0	0.000	0	13.116	-3.000
mergablum	rural_settlement	settlement	3.000	4.400	26.000	0	0.000	0	10.589	-3.000
merla	rural_settlement	settlement	9.000	12.600	15.000	0	0.000	0	14.622	-3.000
meroe	town	city	9.000	15.000	25.000	0	0.000	0	17.667	-1.000
mersovium	rural_settlement	settlement	2.000	1.600	5.000	0	0.000	0	5.319	-8.000
merzouga	rural_settlement	settlement	2.000	1.600	3.000	0	0.000	0	5.179	-8.000
mesai	rural_settlement	settlement	7.000	8.200	23.000	0	0.000	0	13.150	-3.000
mesala	rural_settlement	settlement	4.000	5.400	10.000	0	0.000	0	10.353	-3.000
mesarietta	rural_settlement	settlement	4.000	5.200	3.000	0	0.000	0	9.698	-3.000
meschistha_harmozike	town	city	27.000	40.400	25.000	0	0.000	0	22.611	6.000
mesembria	city	city	7.000	8.600	33.000	0	0.000	0	15.571	-5.000
meskine	rural_settlement	settlement	2.000	1.600	5.000	0	0.000	0	5.319	-8.000
mesphe	rural_settlement	settlement	9.000	9.400	10.000	0	0.000	0	12.877	-3.000
messaad	rural_settlement	settlement	7.000	5.600	3.000	0	0.000	0	10.023	-3.000
messana	town	city	19.000	31.000	29.000	0	1.000	1	23.299	8.000
messene	city	city	26.000	54.000	35.000	0	1.000	1	26.536	12.000
messicia	rural_settlement	settlement	5.000	5.000	11.000	0	0.000	0	10.087	-3.000
mestrianis	rural_settlement	settlement	6.000	9.000	9.000	0	0.000	0	12.603	-3.000
mesuium	rural_settlement	settlement	3.000	2.600	5.000	0	0.000	0	7.011	-8.000
metallum_vipescense	rural_settlement	settlement	6.000	5.800	11.000	0	0.000	0	10.738	-3.000
metanastia	rural_settlement	settlement	4.000	4.200	0.000	0	0.000	0	8.573	-3.000
metanastiana	rural_settlement	settlement	3.000	2.600	0.000	0	0.000	0	6.661	-8.000
metapontum	town	city	13.000	27.000	29.000	0	0.000	0	20.857	4.000
metas	rural_settlement	settlement	6.000	7.200	8.000	0	0.000	0	11.501	-3.000
metellinum	rural_settlement	settlement	7.000	8.400	11.000	0	0.000	0	12.422	-3.000
metemmeh	rural_settlement	settlement	4.000	3.200	7.000	0	0.000	0	7.952	-3.000
meteon	rural_settlement	settlement	3.000	5.200	8.000	0	0.000	0	10.048	-3.000
methone	rural_settlement	settlement	11.000	16.400	26.000	0	0.000	0	16.674	-3.000
methymna	town	city	4.000	8.400	15.000	0	1.000	1	15.949	-3.000
metlili	rural_settlement	settlement	1.000	0.800	5.000	0	0.000	0	3.406	-8.000
metropolis	rural_settlement	settlement	7.000	11.000	26.000	2	0.000	0	15.950	-3.000
metropolis_phrygias	town	city	6.000	7.800	29.000	0	0.000	0	14.839	-4.000
metulum	rural_settlement	settlement	4.000	4.600	8.000	0	0.000	0	9.518	-3.000
mezber	town	city	19.000	29.400	23.000	0	0.000	0	20.865	4.000
mghair	rural_settlement	settlement	5.000	4.200	5.000	0	0.000	0	8.923	-3.000
mglin	rural_settlement	settlement	7.000	8.000	7.000	0	0.000	0	11.916	-3.000
mhai	rural_settlement	settlement	3.000	4.600	22.000	0	0.000	0	10.498	-3.000
mhrta	rural_settlement	settlement	4.000	5.200	7.000	0	0.000	0	9.978	-3.000
miaccum	rural_settlement	settlement	6.000	7.400	9.000	0	0.000	0	11.697	-3.000
miasena	rural_settlement	settlement	3.000	3.400	18.000	2	0.000	0	10.173	-3.000
micadae	rural_settlement	settlement	4.000	5.600	28.000	2	0.000	0	12.981	-3.000
micia	rural_settlement	settlement	5.000	5.000	8.000	0	0.000	0	9.877	-3.000
midaion	rural_settlement	settlement	5.000	6.200	24.000	0	0.000	0	11.945	-3.000
midar	rural_settlement	settlement	3.000	2.400	8.000	0	0.000	0	6.924	-8.000
midili	rural_settlement	settlement	5.000	6.800	3.000	0	0.000	0	10.891	-3.000
miena	rural_settlement	settlement	3.000	2.600	21.000	0	0.000	0	8.131	-3.000
migamuva	rural_settlement	settlement	3.000	3.600	19.000	0	0.000	0	9.265	-3.000
migayah	rural_settlement	settlement	3.000	5.200	8.000	0	0.000	0	10.048	-3.000
mihintale	town	city	16.000	28.600	24.000	0	0.000	0	20.796	4.000
mila	rural_settlement	settlement	8.000	9.200	29.000	0	0.000	0	14.106	-3.000
miletopolis	rural_settlement	settlement	5.000	7.800	22.000	2	0.000	0	14.057	-3.000
miletos	town	city	12.000	22.400	28.000	1	1.000	1	22.364	6.000
milevum	rural_settlement	settlement	2.000	2.800	19.000	0	0.000	0	8.272	-3.000
mille	rural_settlement	settlement	2.000	1.600	8.000	0	0.000	0	5.529	-8.000
millianum	rural_settlement	settlement	3.000	3.400	0.000	0	0.000	0	7.704	-3.000
millonia	rural_settlement	settlement	10.000	13.000	29.000	2	0.000	0	16.962	-3.000
milohrad	rural_settlement	settlement	8.000	11.000	7.000	0	1.000	1	15.159	-3.000
milos	rural_settlement	settlement	5.000	8.800	19.000	0	0.000	0	13.198	-3.000
milzigeris	rural_settlement	settlement	12.000	18.800	11.000	0	0.000	0	16.296	-3.000
mimrito	rural_settlement	settlement	2.000	1.600	5.000	0	0.000	0	5.319	-8.000
mimvam	rural_settlement	settlement	2.000	1.600	5.000	0	0.000	0	5.319	-8.000
min	rural_settlement	settlement	14.000	16.000	26.000	0	0.000	0	16.553	-3.000
mina	rural_settlement	settlement	4.000	5.600	11.000	0	0.000	0	10.583	-3.000
minagana	town	city	12.000	15.400	15.000	0	0.000	0	17.096	-1.000
minariacum	rural_settlement	settlement	6.000	5.800	11.000	0	0.000	0	10.738	-3.000
mindigale	rural_settlement	settlement	7.000	8.000	12.000	0	0.000	0	12.266	-3.000
mingechaur	rural_settlement	settlement	4.000	3.200	3.000	0	0.000	0	7.672	-3.000
minicoy	rural_settlement	settlement	2.000	2.600	7.000	0	0.000	0	7.151	-8.000
minija	rural_settlement	settlement	2.000	1.600	5.000	0	0.000	0	5.319	-8.000
minnagara	town	city	8.000	11.000	31.000	0	0.000	0	16.592	-2.000
minqar	rural_settlement	settlement	6.000	7.000	28.000	0	0.000	0	12.773	-3.000
minsk	rural_settlement	settlement	1.000	0.800	0.000	0	0.000	0	3.056	-8.000
mirikh	rural_settlement	settlement	3.000	2.400	10.000	0	0.000	0	7.064	-8.000
miriquidui	rural_settlement	settlement	3.000	2.400	3.000	0	0.000	0	6.574	-8.000
mirobigensia	rural_settlement	settlement	4.000	4.200	11.000	0	0.000	0	9.343	-3.000
mirobriga	rural_settlement	settlement	6.000	6.800	11.000	0	0.000	0	11.451	-3.000
mirobriga_couneia	rural_settlement	settlement	4.000	4.200	11.000	0	0.000	0	9.343	-3.000
mirobriga_lusitania	rural_settlement	settlement	5.000	5.000	11.000	0	0.000	0	10.087	-3.000
mirum	rural_settlement	settlement	3.000	5.000	3.000	0	0.000	0	9.527	-3.000
mish	rural_settlement	settlement	3.000	2.800	19.000	0	0.000	0	8.272	-3.000
mishkinshahr	rural_settlement	settlement	5.000	6.200	21.000	0	0.000	0	11.735	-3.000
misiche	rural_settlement	settlement	4.000	5.600	28.000	2	0.000	0	12.981	-3.000
misrar	rural_settlement	settlement	1.000	0.800	10.000	0	0.000	0	3.756	-8.000
missour	rural_settlement	settlement	2.000	1.600	3.000	0	0.000	0	5.179	-8.000
missua	city	city	15.000	27.600	33.000	0	1.000	1	22.995	6.000
misteia	rural_settlement	settlement	4.000	5.400	15.000	0	0.000	0	10.703	-3.000
mitabis	rural_settlement	settlement	2.000	1.600	0.000	0	0.000	0	4.969	-8.000
mithila	rural_settlement	settlement	6.000	8.000	8.000	0	0.000	0	11.986	-3.000
mittarium	rural_settlement	settlement	3.000	4.000	0.000	0	0.000	0	8.369	-3.000
mitteria	rural_settlement	settlement	1.000	0.800	0.000	0	0.000	0	3.056	-8.000
miyana	town	city	27.000	41.600	26.000	0	0.000	0	22.830	6.000
mizab	rural_settlement	settlement	3.000	3.400	5.000	0	0.000	0	8.054	-3.000
mizda	rural_settlement	settlement	2.000	1.600	10.000	0	0.000	0	5.669	-8.000
mizdaqahn	rural_settlement	settlement	7.000	8.000	5.000	0	0.000	0	11.776	-3.000
mnata	rural_settlement	settlement	4.000	4.200	0.000	0	0.000	0	8.573	-3.000
mnezos	rural_settlement	settlement	5.000	6.200	18.000	0	0.000	0	11.525	-3.000
mnoud_nekkour	rural_settlement	settlement	3.000	2.400	8.000	0	0.000	0	6.924	-8.000
mochi	rural_settlement	settlement	3.000	3.600	21.000	0	0.000	0	9.405	-3.000
mochoura	rural_settlement	settlement	5.000	4.400	17.000	0	0.000	0	9.959	-3.000
modgagiri	city	city	32.000	55.400	33.000	0	0.000	0	24.779	9.000
modiana	rural_settlement	settlement	3.000	2.400	17.000	0	0.000	0	7.554	-8.000
modinakhe	rural_settlement	settlement	4.000	6.000	16.000	0	0.000	0	11.239	-3.000
modoutou	rural_settlement	settlement	5.000	6.400	21.000	0	0.000	0	11.878	-3.000
modra	rural_settlement	settlement	3.000	3.600	3.000	0	0.000	0	8.145	-3.000
modulus	rural_settlement	settlement	6.000	6.000	9.000	0	0.000	0	10.749	-3.000
moenosgadia	rural_settlement	settlement	4.000	3.600	0.000	0	0.000	0	7.935	-3.000
moesiana	rural_settlement	settlement	4.000	7.400	11.000	0	0.000	0	11.837	-3.000
mogentiana	rural_settlement	settlement	5.000	6.200	9.000	0	0.000	0	10.895	-3.000
mogilev	rural_settlement	settlement	1.000	0.800	0.000	0	0.000	0	3.056	-8.000
mogontiacum	rural_settlement	settlement	6.000	8.400	0.000	0	1.000	1	13.399	-3.000
mohadavasaka	rural_settlement	settlement	9.000	8.600	24.000	0	0.000	0	13.441	-3.000
mohur	rural_settlement	settlement	15.000	20.200	18.000	0	0.000	0	17.141	-3.000
moktar	rural_settlement	settlement	3.000	2.600	5.000	0	0.000	0	7.011	-8.000
molchia	rural_settlement	settlement	4.000	4.200	18.000	0	0.000	0	9.833	-3.000
molla	rural_settlement	settlement	10.000	14.200	19.000	0	0.000	0	15.481	-3.000
molliuch	rural_settlement	settlement	2.000	1.800	5.000	0	0.000	0	5.704	-8.000
molon	rural_settlement	settlement	1.000	0.800	0.000	0	0.000	0	3.056	-8.000
momalle	rural_settlement	settlement	9.000	10.800	9.000	0	0.000	0	13.464	-3.000
mon_bumtang	rural_settlement	settlement	3.000	3.800	6.000	0	0.000	0	8.577	-3.000
mona	rural_settlement	settlement	3.000	3.400	6.000	0	0.000	0	8.124	-3.000
moncen	rural_settlement	settlement	2.000	1.600	5.000	0	0.000	0	5.319	-8.000
mongmit	rural_settlement	settlement	3.000	2.400	9.000	0	0.000	0	6.994	-8.000
monkanei	rural_settlement	settlement	4.000	6.200	31.000	0	0.000	0	12.435	-3.000
monki	rural_settlement	settlement	1.000	0.800	0.000	0	0.000	0	3.056	-8.000
monoglosson	rural_settlement	settlement	5.000	5.400	26.000	0	0.000	0	11.473	-3.000
monok	rural_settlement	settlement	10.000	8.600	0.000	0	0.000	0	11.761	-3.000
mons_alpinus	rural_settlement	settlement	4.000	4.400	7.000	0	0.000	0	9.259	-3.000
mons_ambulatis	rural_settlement	settlement	2.000	1.600	3.000	0	0.000	0	5.179	-8.000
mons_rubeum	rural_settlement	settlement	6.000	7.400	9.000	0	0.000	0	11.697	-3.000
mons_seleucus	rural_settlement	settlement	5.000	5.400	11.000	0	0.000	0	10.423	-3.000
mons_semita	rural_settlement	settlement	5.000	5.200	18.000	0	0.000	0	10.748	-3.000
montana	rural_settlement	settlement	3.000	3.400	8.000	0	0.000	0	8.264	-3.000
montanium	rural_settlement	settlement	2.000	1.600	0.000	0	0.000	0	4.969	-8.000
montargia	rural_settlement	settlement	5.000	5.000	11.000	0	0.000	0	10.087	-3.000
montibus	rural_settlement	settlement	1.000	0.800	8.000	0	0.000	0	3.616	-8.000
mopsouestia	city	city	8.000	12.000	33.000	3	1.000	1	20.420	2.000
mopth	rural_settlement	settlement	3.000	5.200	21.000	0	0.000	0	10.958	-3.000
moqor_yar	rural_settlement	settlement	2.000	1.600	7.000	0	0.000	0	5.459	-8.000
mordiaion	rural_settlement	settlement	4.000	6.000	24.000	2	0.000	0	13.007	-3.000
morginnum	rural_settlement	settlement	6.000	7.800	11.000	0	0.000	0	12.079	-3.000
moridunum	rural_settlement	settlement	4.000	5.200	8.000	0	1.000	1	11.795	-3.000
mornal	rural_settlement	settlement	2.000	1.800	0.000	0	0.000	0	5.354	-8.000
morontobara	rural_settlement	settlement	8.000	7.800	23.000	0	0.000	0	12.919	-3.000
morounda	rural_settlement	settlement	3.000	5.200	18.000	0	0.000	0	10.748	-3.000
morthoula	rural_settlement	settlement	4.000	4.600	18.000	0	0.000	0	10.218	-3.000
mosa	rural_settlement	settlement	5.000	5.000	11.000	0	0.000	0	10.087	-3.000
mosali	town	city	20.000	38.000	12.000	0	0.000	0	21.391	5.000
mosarna	rural_settlement	settlement	3.000	2.600	18.000	0	0.000	0	7.921	-3.000
mosconnum	rural_settlement	settlement	5.000	5.000	11.000	0	0.000	0	10.087	-3.000
mosellia	rural_settlement	settlement	5.000	5.000	9.000	0	0.000	0	9.947	-3.000
mosellia_minor	rural_settlement	settlement	5.000	5.000	9.000	0	0.000	0	9.947	-3.000
moshchenoe	rural_settlement	settlement	3.000	2.600	12.000	0	0.000	0	7.501	-8.000
mosomagus	rural_settlement	settlement	8.000	9.200	9.000	0	0.000	0	12.706	-3.000
mosylon	town	city	25.000	41.600	30.000	0	1.000	1	24.857	9.000
motene	town	city	6.000	9.600	27.000	0	0.000	0	15.666	-3.000
mothana	rural_settlement	settlement	3.000	5.800	26.000	0	0.000	0	11.788	-3.000
mothis	rural_settlement	settlement	5.000	6.800	28.000	0	0.000	0	12.641	-3.000
mothone	rural_settlement	settlement	4.000	6.200	24.000	0	0.000	0	11.945	-3.000
moudjebara	rural_settlement	settlement	3.000	2.400	3.000	0	0.000	0	6.574	-8.000
moundou	town	city	18.000	27.600	21.000	0	1.000	1	22.155	5.000
mousa	rural_settlement	settlement	2.000	1.600	5.000	0	0.000	0	5.319	-8.000
mousikanoi	rural_settlement	settlement	6.000	7.000	23.000	0	0.000	0	12.423	-3.000
mousopalle	town	city	11.000	16.400	14.000	0	1.000	1	19.081	1.000
mouza_emporion	rural_settlement	settlement	8.000	11.800	10.000	0	0.000	0	13.957	-3.000
mrara	rural_settlement	settlement	1.000	0.800	5.000	0	0.000	0	3.406	-8.000
mrauk_u	rural_settlement	settlement	4.000	4.400	10.000	0	0.000	0	9.469	-3.000
mritti_kavati	rural_settlement	settlement	9.000	11.400	26.000	0	0.000	0	14.912	-3.000
mroshika	rural_settlement	settlement	3.000	3.400	6.000	0	0.000	0	8.124	-3.000
muchera	rural_settlement	settlement	8.000	12.200	16.000	0	0.000	0	14.537	-3.000
mud	rural_settlement	settlement	2.000	1.600	5.000	0	0.000	0	5.319	-8.000
mudun	rural_settlement	settlement	6.000	8.000	15.000	0	0.000	0	12.476	-3.000
mughattah	rural_settlement	settlement	2.000	1.600	10.000	0	0.000	0	5.669	-8.000
mugilonia	rural_settlement	settlement	4.000	4.200	9.000	0	0.000	0	9.203	-3.000
muika	rural_settlement	settlement	1.000	0.800	0.000	0	0.000	0	3.056	-8.000
muiksita	rural_settlement	settlement	4.000	4.600	11.000	0	0.000	0	9.728	-3.000
mukhat	rural_settlement	settlement	3.000	2.600	6.000	0	0.000	0	7.081	-8.000
mukka	rural_settlement	settlement	3.000	2.400	5.000	0	0.000	0	6.714	-8.000
mukund	rural_settlement	settlement	8.000	11.000	26.000	0	0.000	0	14.742	-3.000
mukur	rural_settlement	settlement	3.000	2.400	6.000	0	0.000	0	6.784	-8.000
mulasthanapura	city	city	24.000	51.800	41.000	0	0.000	0	24.996	9.000
mulayjah	rural_settlement	settlement	5.000	4.000	5.000	0	0.000	0	8.719	-3.000
mulbek	rural_settlement	settlement	2.000	2.600	6.000	0	0.000	0	7.081	-8.000
mulon	rural_settlement	settlement	2.000	3.600	20.000	0	0.000	0	9.335	-3.000
mulug	rural_settlement	settlement	2.000	1.600	7.000	0	0.000	0	5.459	-8.000
mundigak	town	city	10.000	14.000	25.000	0	0.000	0	17.332	-1.000
mune	rural_settlement	settlement	2.000	1.800	6.000	0	0.000	0	5.774	-8.000
municipium	rural_settlement	settlement	4.000	6.800	10.000	0	0.000	0	11.381	-3.000
municipium_dardanorum	rural_settlement	settlement	3.000	5.200	12.000	0	0.000	0	10.328	-3.000
munigua	rural_settlement	settlement	7.000	8.600	19.000	0	0.000	0	13.091	-3.000
muqaddam	rural_settlement	settlement	2.000	2.600	7.000	0	0.000	0	7.151	-8.000
muqarqar	rural_settlement	settlement	2.000	1.600	5.000	0	0.000	0	5.319	-8.000
mura	rural_settlement	settlement	4.000	6.200	29.000	0	0.000	0	12.295	-3.000
muradava	rural_settlement	settlement	4.000	5.800	0.000	0	0.000	0	9.968	-3.000
murgantia	rural_settlement	settlement	8.000	10.800	24.000	0	0.000	0	14.514	-3.000
murgi	rural_settlement	settlement	4.000	4.200	24.000	0	0.000	0	10.253	-3.000
murissa	rural_settlement	settlement	6.000	6.000	9.000	0	0.000	0	10.749	-3.000
murkhan	rural_settlement	settlement	2.000	1.600	5.000	0	0.000	0	5.319	-8.000
murna	rural_settlement	settlement	5.000	5.000	2.000	0	0.000	0	9.457	-3.000
murrat	rural_settlement	settlement	3.000	2.600	7.000	0	0.000	0	7.151	-8.000
mursa	rural_settlement	settlement	4.000	4.200	13.000	0	0.000	0	9.483	-3.000
mursella	rural_settlement	settlement	3.000	2.400	11.000	0	0.000	0	7.134	-8.000
mursella_prima	rural_settlement	settlement	5.000	7.000	9.000	0	0.000	0	11.443	-3.000
murselliana	rural_settlement	settlement	7.000	7.800	9.000	0	0.000	0	11.939	-3.000
murta	rural_settlement	settlement	3.000	3.400	28.000	0	0.000	0	9.664	-3.000
murtadak	rural_settlement	settlement	7.000	12.400	5.000	0	0.000	0	13.845	-3.000
murzuq	rural_settlement	settlement	4.000	3.600	10.000	0	0.000	0	8.635	-3.000
musai	rural_settlement	settlement	6.000	6.200	19.000	0	0.000	0	11.595	-3.000
musarna	rural_settlement	settlement	5.000	4.600	17.000	0	0.000	0	10.148	-3.000
muslubium	rural_settlement	settlement	4.000	6.000	24.000	0	0.000	0	11.799	-3.000
mustajoki	rural_settlement	settlement	6.000	7.600	5.000	0	0.000	0	11.539	-3.000
mustiae_calmes	rural_settlement	settlement	7.000	11.000	7.000	0	0.000	0	13.412	-3.000
muteno	rural_settlement	settlement	6.000	7.000	9.000	0	0.000	0	11.443	-3.000
mutina	rural_settlement	settlement	4.000	5.000	9.000	0	0.000	0	9.947	-3.000
muzahmiya	rural_settlement	settlement	4.000	3.600	6.000	0	0.000	0	8.355	-3.000
muziris	town	city	20.000	20.200	24.000	0	1.000	1	20.808	4.000
muzuc	rural_settlement	settlement	5.000	9.800	24.000	0	0.000	0	14.054	-3.000
myanik	rural_settlement	settlement	2.000	1.600	0.000	0	0.000	0	4.969	-8.000
myitkyina	rural_settlement	settlement	2.000	1.600	5.000	0	0.000	0	5.319	-8.000
myitnge	rural_settlement	settlement	6.000	5.200	9.000	0	0.000	0	10.118	-3.000
mykon	rural_settlement	settlement	2.000	3.200	3.000	0	0.000	0	7.672	-3.000
mylasa	town	city	8.000	13.000	29.000	1	0.000	0	18.016	0.000
mylla	rural_settlement	settlement	3.000	2.400	0.000	0	0.000	0	6.364	-8.000
myloukome	rural_settlement	settlement	4.000	6.000	24.000	2	0.000	0	13.007	-3.000
myos_hormos	rural_settlement	settlement	5.000	9.400	31.000	0	1.000	1	16.095	-3.000
myous	rural_settlement	settlement	5.000	7.800	24.000	0	0.000	0	12.989	-3.000
myra	town	city	3.000	5.200	29.000	0	1.000	1	14.765	-4.000
myrhorod	rural_settlement	settlement	3.000	2.600	12.000	0	0.000	0	7.501	-8.000
myriandros	rural_settlement	settlement	4.000	6.000	36.000	2	1.000	1	15.595	-3.000
myrleia	rural_settlement	settlement	5.000	7.800	26.000	0	0.000	0	13.129	-3.000
myrtilis	rural_settlement	settlement	13.000	15.600	11.000	0	0.000	0	15.379	-3.000
mytilene	town	city	10.000	19.200	25.000	0	1.000	1	20.627	4.000
myttistraton	rural_settlement	settlement	5.000	6.200	24.000	0	0.000	0	11.945	-3.000
mzamza	rural_settlement	settlement	3.000	2.400	5.000	0	0.000	0	6.714	-8.000
mzetamze	rural_settlement	settlement	4.000	3.400	18.000	0	0.000	0	8.964	-3.000
naamen	rural_settlement	settlement	4.000	6.200	18.000	0	0.000	0	11.525	-3.000
naarda	rural_settlement	settlement	16.000	24.800	33.000	2	0.000	0	20.420	-3.000
nabada	rural_settlement	settlement	4.000	5.200	28.000	0	0.000	0	11.448	-3.000
nabadwipa	town	city	29.000	48.400	29.000	2	0.000	0	25.018	9.000
nabalat	rural_settlement	settlement	1.000	0.800	5.000	0	0.000	0	3.406	-8.000
nabartha	rural_settlement	settlement	7.000	8.400	24.000	0	0.000	0	13.332	-3.000
nabrissa	rural_settlement	settlement	6.000	7.200	17.000	0	0.000	0	12.131	-3.000
nachna_kuthara	rural_settlement	settlement	9.000	10.600	10.000	0	0.000	0	13.445	-3.000
naconda	rural_settlement	settlement	8.000	16.600	9.000	0	0.000	0	15.543	-3.000
nadhapura	rural_settlement	settlement	4.000	6.000	19.000	0	0.000	0	11.449	-3.000
nadikagama	city	city	18.000	28.800	33.000	0	0.000	0	21.461	4.000
nadvala	rural_settlement	settlement	11.000	13.800	23.000	0	0.000	0	15.622	-3.000
naein	rural_settlement	settlement	1.000	0.800	29.000	0	0.000	0	5.086	-8.000
naeva	rural_settlement	settlement	5.000	7.000	20.000	0	0.000	0	12.213	-3.000
naffatiyah	rural_settlement	settlement	5.000	5.400	15.000	0	0.000	0	10.703	-3.000
nafun	rural_settlement	settlement	1.000	0.800	5.000	0	0.000	0	3.406	-8.000
nagaa	town	city	8.000	14.600	21.000	0	0.000	0	17.256	-1.000
nagara	rural_settlement	settlement	13.000	19.600	18.000	0	0.000	0	16.992	-3.000
nagarahara	rural_settlement	settlement	5.000	5.600	11.000	2	0.000	0	11.791	-3.000
nagarjunikonda	town	city	16.000	25.600	14.000	0	0.000	0	19.541	2.000
nagarpur	rural_settlement	settlement	6.000	7.800	10.000	0	0.000	0	12.009	-3.000
nagdiyah	rural_settlement	settlement	2.000	1.600	10.000	0	0.000	0	5.669	-8.000
nagia	rural_settlement	settlement	6.000	8.400	7.000	0	0.000	0	12.142	-3.000
nagnatia_australis	rural_settlement	settlement	2.000	1.600	0.000	0	0.000	0	4.969	-8.000
nagnatia_occidentalis	rural_settlement	settlement	2.000	1.600	0.000	0	0.000	0	4.969	-8.000
nagnatia_orientalis	rural_settlement	settlement	2.000	1.600	0.000	0	0.000	0	4.969	-8.000
nahapana	rural_settlement	settlement	3.000	3.600	6.000	0	0.000	0	8.355	-3.000
naharvalorum	rural_settlement	settlement	2.000	1.800	3.000	0	0.000	0	5.564	-8.000
nahrawan	rural_settlement	settlement	5.000	10.800	33.000	2	0.000	0	16.353	-3.000
nakfa	rural_settlement	settlement	2.000	1.600	8.000	0	0.000	0	5.529	-8.000
nakhlah	rural_settlement	settlement	1.000	0.800	5.000	0	0.000	0	3.406	-8.000
nakoleia	rural_settlement	settlement	6.000	8.600	26.000	0	0.000	0	13.581	-3.000
nakorzan	rural_settlement	settlement	3.000	3.800	18.000	0	0.000	0	9.417	-3.000
naksho	rural_settlement	settlement	6.000	9.200	10.000	0	0.000	0	12.776	-3.000
naktis	rural_settlement	settlement	1.000	0.800	5.000	0	0.000	0	3.406	-8.000
nalanda	town	city	11.000	17.400	31.000	0	0.000	0	18.814	1.000
naliboki	rural_settlement	settlement	1.000	0.800	0.000	0	0.000	0	3.056	-8.000
nalja	rural_settlement	settlement	7.000	10.800	5.000	0	0.000	0	13.184	-3.000
namakan	rural_settlement	settlement	8.000	12.200	18.000	0	0.000	0	14.677	-3.000
namare	rural_settlement	settlement	5.000	5.400	9.000	0	0.000	0	10.283	-3.000
nambo	rural_settlement	settlement	3.000	2.800	8.000	0	0.000	0	7.502	-8.000
namnetum	rural_settlement	settlement	6.000	7.000	11.000	0	1.000	1	13.331	-3.000
nanagaina	rural_settlement	settlement	6.000	8.800	9.000	0	0.000	0	12.498	-3.000
nanaghat	rural_settlement	settlement	5.000	7.800	18.000	0	0.000	0	12.569	-3.000
nandagiri	rural_settlement	settlement	12.000	17.200	10.000	0	0.000	0	15.787	-3.000
nandi	rural_settlement	settlement	7.000	7.000	8.000	0	0.000	0	11.373	-3.000
nandipuri	town	city	31.000	40.600	29.000	0	0.000	0	22.916	6.000
napata	town	city	6.000	10.200	22.000	0	0.000	0	15.603	-3.000
napoca	rural_settlement	settlement	6.000	7.800	8.000	0	0.000	0	11.869	-3.000
napuca	rural_settlement	settlement	8.000	8.400	10.000	0	0.000	0	12.352	-3.000
naqah	rural_settlement	settlement	1.000	0.800	5.000	0	0.000	0	3.406	-8.000
naqb_jedid	rural_settlement	settlement	2.000	1.600	28.000	0	0.000	0	6.929	-8.000
naqqazah	rural_settlement	settlement	1.000	0.800	5.000	0	0.000	0	3.406	-8.000
nar_gyz	rural_settlement	settlement	2.000	1.600	5.000	0	0.000	0	5.319	-8.000
nara	rural_settlement	settlement	8.000	10.600	26.000	0	0.000	0	14.565	-3.000
nara_maxyesia	rural_settlement	settlement	5.000	5.400	21.000	0	0.000	0	11.123	-3.000
narachanski	rural_settlement	settlement	1.000	0.800	0.000	0	0.000	0	3.056	-8.000
narayana	rural_settlement	settlement	11.000	12.000	26.000	0	0.000	0	15.158	-3.000
narbata	rural_settlement	settlement	4.000	5.400	25.000	0	0.000	0	11.403	-3.000
narbo	rural_settlement	settlement	8.000	9.200	11.000	0	1.000	1	14.594	-3.000
narecha	rural_settlement	settlement	5.000	5.200	29.000	2	0.000	0	12.726	-3.000
narin	rural_settlement	settlement	4.000	5.200	16.000	0	0.000	0	10.608	-3.000
nariscia	rural_settlement	settlement	5.000	5.400	0.000	0	0.000	0	9.653	-3.000
narmadapuram	rural_settlement	settlement	8.000	11.600	24.000	0	0.000	0	14.855	-3.000
narnia	rural_settlement	settlement	12.000	17.400	9.000	0	0.000	0	15.774	-3.000
narona	rural_settlement	settlement	4.000	4.400	12.000	0	0.000	0	9.609	-3.000
nasagus	rural_settlement	settlement	6.000	5.800	9.000	0	0.000	0	10.598	-3.000
naserge	rural_settlement	settlement	7.000	10.400	31.000	0	0.000	0	14.825	-3.000
nashaq	rural_settlement	settlement	11.000	14.200	5.000	0	0.000	0	14.501	-3.000
nasikya	town	city	20.000	27.800	23.000	0	0.000	0	20.584	4.000
nasium	rural_settlement	settlement	5.000	5.000	9.000	0	0.000	0	9.947	-3.000
nassin	rural_settlement	settlement	1.000	0.800	0.000	0	0.000	0	3.056	-8.000
nastae	rural_settlement	settlement	3.000	4.200	18.000	0	0.000	0	9.833	-3.000
natiolum	rural_settlement	settlement	11.000	17.200	9.000	0	0.000	0	15.717	-3.000
nato	rural_settlement	settlement	2.000	1.600	5.000	0	0.000	0	5.319	-8.000
nattabutum	rural_settlement	settlement	8.000	12.400	21.000	0	0.000	0	14.965	-3.000
naukratis	city	city	33.000	65.600	38.000	0	0.000	0	25.993	12.000
naulibis	rural_settlement	settlement	5.000	4.800	27.000	0	0.000	0	11.031	-3.000
naupaktos	rural_settlement	settlement	6.000	9.600	24.000	0	1.000	1	15.704	-3.000
naura_0	town	city	24.000	29.400	26.000	0	0.000	0	21.075	4.000
naura_1	rural_settlement	settlement	11.000	14.800	9.000	0	0.000	0	14.982	-3.000
nausha	rural_settlement	settlement	3.000	2.600	6.000	0	0.000	0	7.081	-8.000
nautaka	rural_settlement	settlement	4.000	4.600	19.000	0	0.000	0	10.288	-3.000
navagramaka	rural_settlement	settlement	6.000	8.000	26.000	0	0.000	0	13.246	-3.000
navata	rural_settlement	settlement	5.000	5.800	0.000	0	0.000	0	9.968	-3.000
navelis	rural_settlement	settlement	3.000	5.200	10.000	0	0.000	0	10.188	-3.000
navicellis	rural_settlement	settlement	3.000	3.400	11.000	0	0.000	0	8.474	-3.000
navissos	rural_settlement	settlement	6.000	8.400	12.000	0	0.000	0	12.492	-3.000
navoa	rural_settlement	settlement	6.000	6.600	11.000	0	0.000	0	11.316	-3.000
nawas	rural_settlement	settlement	1.000	0.800	0.000	0	0.000	0	3.056	-8.000
naxos	town	city	18.000	27.800	24.000	0	1.000	1	22.402	6.000
naxouana	rural_settlement	settlement	3.000	3.600	18.000	0	0.000	0	9.195	-3.000
nayband	rural_settlement	settlement	4.000	4.400	28.000	0	0.000	0	10.729	-3.000
nazarkhan	rural_settlement	settlement	2.000	1.600	7.000	0	0.000	0	5.459	-8.000
nea_halos	rural_settlement	settlement	4.000	7.000	22.000	0	0.000	0	12.353	-3.000
nea_paphos	town	city	12.000	18.600	29.000	0	1.000	1	20.750	4.000
neapolis	city	city	8.000	12.800	37.000	0	1.000	1	19.486	1.000
neapolis_taurike	rural_settlement	settlement	7.000	9.400	23.000	0	0.000	0	13.787	-3.000
neapolis_thrake	rural_settlement	settlement	9.000	14.800	26.000	0	0.000	0	16.172	-3.000
neba	rural_settlement	settlement	1.000	0.800	0.000	0	0.000	0	3.056	-8.000
nechek	rural_settlement	settlement	1.000	0.800	0.000	0	0.000	0	3.056	-8.000
nechesia	rural_settlement	settlement	4.000	3.800	28.000	0	0.000	0	10.117	-3.000
nedryhailiv	rural_settlement	settlement	2.000	1.600	12.000	0	0.000	0	5.809	-8.000
negiacum	rural_settlement	settlement	5.000	5.200	11.000	0	0.000	0	10.258	-3.000
nehrawati	rural_settlement	settlement	9.000	13.200	26.000	0	0.000	0	15.617	-3.000
neiloupolis	city	city	37.000	57.400	36.000	0	0.000	0	25.170	9.000
neiti	rural_settlement	settlement	2.000	1.600	5.000	0	0.000	0	5.319	-8.000
nelcynda	rural_settlement	settlement	8.000	11.400	19.000	0	0.000	0	14.422	-3.000
nellore	rural_settlement	settlement	14.000	20.800	11.000	0	0.000	0	16.796	-3.000
nemausus	rural_settlement	settlement	9.000	11.400	11.000	0	0.000	0	13.862	-3.000
nemerah	rural_settlement	settlement	3.000	2.400	13.000	0	0.000	0	7.274	-8.000
nemetia	rural_settlement	settlement	8.000	10.000	9.000	0	0.000	0	13.099	-3.000
nemetobriga	rural_settlement	settlement	3.000	3.400	11.000	0	0.000	0	8.474	-3.000
nemetocenna	rural_settlement	settlement	5.000	5.000	9.000	0	0.000	0	9.947	-3.000
nemetodurum	rural_settlement	settlement	6.000	7.600	11.000	0	0.000	0	11.959	-3.000
neogilla	rural_settlement	settlement	8.000	10.000	5.000	0	0.000	0	12.819	-3.000
nepete	rural_settlement	settlement	10.000	12.600	24.000	0	0.000	0	15.252	-3.000
nepheris	rural_settlement	settlement	11.000	17.800	24.000	0	0.000	0	16.936	-3.000
nepista	rural_settlement	settlement	3.000	5.000	28.000	0	0.000	0	11.277	-3.000
nereai	rural_settlement	settlement	10.000	10.400	26.000	0	0.000	0	14.475	-3.000
nerkka	rural_settlement	settlement	2.000	1.600	5.000	0	0.000	0	5.319	-8.000
nervia_prima	rural_settlement	settlement	5.000	5.000	9.000	0	0.000	0	9.947	-3.000
nervia_secunda	rural_settlement	settlement	5.000	5.000	9.000	0	0.000	0	9.947	-3.000
nesar	rural_settlement	settlement	2.000	1.600	6.000	0	0.000	0	5.389	-8.000
nescania	rural_settlement	settlement	7.000	8.600	17.000	0	0.000	0	12.951	-3.000
nessana	rural_settlement	settlement	3.000	5.200	28.000	0	0.000	0	11.448	-3.000
nesus	rural_settlement	settlement	3.000	6.000	28.000	0	0.000	0	12.079	-3.000
netindava	rural_settlement	settlement	2.000	1.600	8.000	0	0.000	0	5.529	-8.000
nevaket	rural_settlement	settlement	3.000	2.600	9.000	0	0.000	0	7.291	-8.000
nevasa	town	city	11.000	16.600	16.000	0	0.000	0	17.533	-1.000
neviodunum	rural_settlement	settlement	6.000	7.000	6.000	0	0.000	0	11.233	-3.000
nghulmo_khar	rural_settlement	settlement	4.000	5.200	8.000	0	0.000	0	10.048	-3.000
ngoussa	rural_settlement	settlement	1.000	0.800	5.000	0	0.000	0	3.406	-8.000
nguot	rural_settlement	settlement	4.000	5.400	8.000	0	0.000	0	10.213	-3.000
nicaea	town	city	4.000	6.000	29.000	1	0.000	0	14.411	-5.000
nicivibus	rural_settlement	settlement	5.000	6.000	19.000	0	0.000	0	11.449	-3.000
nidum	rural_settlement	settlement	4.000	5.200	8.000	0	0.000	0	10.048	-3.000
niini	rural_settlement	settlement	4.000	4.400	5.000	0	0.000	0	9.119	-3.000
nikaia_lokron	rural_settlement	settlement	4.000	7.000	22.000	0	0.000	0	12.353	-3.000
nikaia_nialia	rural_settlement	settlement	9.000	11.800	27.000	0	0.000	0	15.147	-3.000
nikama	rural_settlement	settlement	15.000	25.200	23.000	0	1.000	1	20.340	-3.000
nikhshapaya	rural_settlement	settlement	2.000	1.800	21.000	0	0.000	0	6.824	-8.000
nikiou	rural_settlement	settlement	21.000	28.200	33.000	0	0.000	0	19.856	-3.000
nikonia	rural_settlement	settlement	6.000	8.600	22.000	0	1.000	1	15.049	-3.000
nikopolis	rural_settlement	settlement	4.000	4.200	8.000	0	0.000	0	9.133	-3.000
nili	rural_settlement	settlement	1.000	0.800	3.000	0	0.000	0	3.266	-8.000
nimisa	town	city	16.000	20.600	29.000	0	0.000	0	19.508	2.000
nina	rural_settlement	settlement	3.000	3.800	27.000	0	0.000	0	10.047	-3.000
nincildae	rural_settlement	settlement	5.000	5.800	28.000	0	0.000	0	11.928	-3.000
nineveh	city	city	11.000	17.800	38.000	2	0.000	0	20.625	3.000
ninika	rural_settlement	settlement	5.000	7.800	23.000	0	0.000	0	12.919	-3.000
nippur	city	city	19.000	31.000	38.000	2	0.000	0	23.390	7.000
niqirah	rural_settlement	settlement	3.000	2.400	5.000	0	0.000	0	6.714	-8.000
nisacus	rural_settlement	settlement	6.000	6.400	31.000	0	0.000	0	12.578	-3.000
nisaia	rural_settlement	settlement	6.000	7.600	5.000	0	0.000	0	11.539	-3.000
niserne	rural_settlement	settlement	3.000	5.200	29.000	0	0.000	0	11.518	-3.000
nisibis_0	city	city	9.000	14.200	38.000	2	0.000	0	19.519	1.000
nisibis_1	rural_settlement	settlement	5.000	6.200	29.000	0	0.000	0	12.295	-3.000
nisyros	rural_settlement	settlement	7.000	12.200	24.000	0	0.000	0	15.097	-3.000
nithavanta	rural_settlement	settlement	4.000	5.000	29.000	0	0.000	0	11.347	-3.000
nitodak	rural_settlement	settlement	2.000	1.600	5.000	0	0.000	0	5.319	-8.000
nitra	rural_settlement	settlement	12.000	10.800	9.000	0	0.000	0	13.464	-3.000
nivaria	rural_settlement	settlement	4.000	4.200	9.000	0	0.000	0	9.203	-3.000
nizamabad	rural_settlement	settlement	9.000	11.400	31.000	0	0.000	0	15.262	-3.000
noa	rural_settlement	settlement	6.000	11.000	20.000	0	0.000	0	14.322	-3.000
nobiodounos	rural_settlement	settlement	8.000	9.600	1.000	0	0.000	0	12.346	-3.000
nogeomagus	rural_settlement	settlement	7.000	6.600	11.000	0	0.000	0	11.316	-3.000
nokhar	town	city	23.000	38.200	27.000	0	0.000	0	22.467	6.000
nola	rural_settlement	settlement	5.000	8.600	24.000	0	0.000	0	13.441	-3.000
nomisterium	rural_settlement	settlement	4.000	4.200	0.000	0	0.000	0	8.573	-3.000
nonniacus	rural_settlement	settlement	5.000	5.000	11.000	0	0.000	0	10.087	-3.000
nooli	rural_settlement	settlement	3.000	3.400	5.000	0	0.000	0	8.054	-3.000
noouion	rural_settlement	settlement	5.000	5.000	11.000	0	1.000	1	11.835	-3.000
nora	rural_settlement	settlement	4.000	5.400	16.000	0	0.000	0	10.773	-3.000
norba_0	rural_settlement	settlement	5.000	7.200	24.000	0	0.000	0	12.621	-3.000
norba_1	rural_settlement	settlement	7.000	10.800	11.000	0	0.000	0	13.604	-3.000
noreia	rural_settlement	settlement	5.000	7.600	7.000	0	0.000	0	11.679	-3.000
norom	rural_settlement	settlement	4.000	4.200	0.000	0	0.000	0	8.573	-3.000
nossa	rural_settlement	settlement	6.000	8.400	8.000	0	0.000	0	12.212	-3.000
nostana	rural_settlement	settlement	4.000	3.800	28.000	0	0.000	0	10.117	-3.000
notghi	rural_settlement	settlement	1.000	0.800	0.000	0	0.000	0	3.056	-8.000
nouira	rural_settlement	settlement	7.000	9.600	9.000	0	1.000	1	14.654	-3.000
nousaripa	rural_settlement	settlement	12.000	19.200	20.000	0	0.000	0	17.030	-3.000
nova_augusta	rural_settlement	settlement	6.000	7.600	11.000	0	0.000	0	11.959	-3.000
novae	rural_settlement	settlement	4.000	5.800	8.000	0	0.000	0	10.528	-3.000
novaesium	rural_settlement	settlement	7.000	7.600	11.000	0	0.000	0	11.959	-3.000
novantae	rural_settlement	settlement	2.000	1.600	8.000	0	1.000	1	7.276	-8.000
novaria	rural_settlement	settlement	5.000	5.400	11.000	0	0.000	0	10.423	-3.000
noviliacum	rural_settlement	settlement	2.000	1.600	0.000	0	0.000	0	4.969	-8.000
noviliacus	rural_settlement	settlement	5.000	5.200	11.000	0	0.000	0	10.258	-3.000
noviodunum	rural_settlement	settlement	8.000	10.200	9.000	0	0.000	0	13.193	-3.000
noviomagus	rural_settlement	settlement	3.000	3.400	13.000	0	0.000	0	8.614	-3.000
noviomagus_aquitanum	rural_settlement	settlement	4.000	4.200	7.000	0	0.000	0	9.063	-3.000
noviomagus_durotrigiorum	rural_settlement	settlement	5.000	6.200	11.000	0	1.000	1	12.783	-3.000
novioregum_santonum	rural_settlement	settlement	7.000	8.400	11.000	0	0.000	0	12.422	-3.000
novum_hydreuma	rural_settlement	settlement	4.000	6.000	29.000	0	0.000	0	12.149	-3.000
novum_oppidum	rural_settlement	settlement	9.000	8.600	11.000	0	0.000	0	12.531	-3.000
novus_portus	rural_settlement	settlement	4.000	5.200	9.000	0	0.000	0	10.118	-3.000
nuarsak	rural_settlement	settlement	11.000	10.200	20.000	0	0.000	0	13.963	-3.000
nuba	rural_settlement	settlement	2.000	1.600	5.000	0	0.000	0	5.319	-8.000
nuceria	town	city	8.000	11.800	29.000	0	0.000	0	16.787	-2.000
nuithonia	rural_settlement	settlement	2.000	2.600	5.000	0	0.000	0	7.011	-8.000
nuktani	rural_settlement	settlement	4.000	6.000	19.000	0	0.000	0	11.449	-3.000
nullica	rural_settlement	settlement	2.000	1.800	3.000	0	0.000	0	5.564	-8.000
numantia	rural_settlement	settlement	8.000	9.200	11.000	0	0.000	0	12.846	-3.000
numluli	rural_settlement	settlement	12.000	17.000	24.000	0	0.000	0	16.710	-3.000
nura	city	city	15.000	26.800	34.000	0	0.000	0	21.170	3.000
nure	rural_settlement	settlement	4.000	6.200	28.000	0	0.000	0	12.225	-3.000
nuri	rural_settlement	settlement	4.000	7.600	17.000	0	0.000	0	12.379	-3.000
nuweiba	rural_settlement	settlement	2.000	1.800	17.000	0	0.000	0	6.544	-8.000
nuzi	rural_settlement	settlement	4.000	4.600	21.000	2	0.000	0	11.637	-3.000
nyang	rural_settlement	settlement	4.000	6.000	6.000	0	0.000	0	10.539	-3.000
nyaunggan	rural_settlement	settlement	6.000	7.400	10.000	0	0.000	0	11.767	-3.000
nyenchen	rural_settlement	settlement	4.000	6.000	6.000	0	0.000	0	10.539	-3.000
nyentse	rural_settlement	settlement	2.000	1.800	6.000	0	0.000	0	5.774	-8.000
nyetskor	rural_settlement	settlement	3.000	3.400	0.000	0	0.000	0	7.704	-3.000
nymphaeum	rural_settlement	settlement	4.000	4.400	18.000	0	0.000	0	10.029	-3.000
nymphaios	rural_settlement	settlement	6.000	8.000	18.000	2	0.000	0	13.894	-3.000
nynt	rural_settlement	settlement	6.000	6.400	0.000	0	0.000	0	10.408	-3.000
nysa_paropamisadarum	rural_settlement	settlement	5.000	4.600	27.000	0	0.000	0	10.848	-3.000
nyssa	rural_settlement	settlement	6.000	8.000	20.000	0	0.000	0	12.826	-3.000
nyudi	rural_settlement	settlement	5.000	5.200	3.000	0	0.000	0	9.698	-3.000
oarakta	rural_settlement	settlement	6.000	9.800	28.000	0	1.000	1	16.081	-3.000
obatis	rural_settlement	settlement	4.000	3.200	0.000	0	0.000	0	7.462	-8.000
obba	rural_settlement	settlement	5.000	5.000	19.000	0	0.000	0	10.647	-3.000
obilonna	rural_settlement	settlement	4.000	3.600	7.000	0	0.000	0	8.425	-3.000
obutora	rural_settlement	settlement	2.000	1.600	0.000	0	0.000	0	4.969	-8.000
ocara	rural_settlement	settlement	2.000	1.600	0.000	0	0.000	0	4.969	-8.000
occaraba	rural_settlement	settlement	4.000	6.400	26.000	0	0.000	0	12.228	-3.000
occasum	rural_settlement	settlement	4.000	6.000	24.000	0	0.000	0	11.799	-3.000
ocelia	rural_settlement	settlement	12.000	17.600	8.000	0	0.000	0	15.760	-3.000
ocelum	rural_settlement	settlement	5.000	5.000	9.000	0	0.000	0	9.947	-3.000
ocelum_duri	rural_settlement	settlement	4.000	4.200	11.000	0	0.000	0	9.343	-3.000
ocraent	rural_settlement	settlement	1.000	0.800	0.000	0	0.000	0	3.056	-8.000
octavum	rural_settlement	settlement	3.000	4.000	0.000	0	0.000	0	8.369	-3.000
octavus	rural_settlement	settlement	7.000	7.600	11.000	0	0.000	0	11.959	-3.000
octodurus	rural_settlement	settlement	4.000	4.400	7.000	0	0.000	0	9.259	-3.000
ocules	rural_settlement	settlement	5.000	5.000	11.000	0	0.000	0	10.087	-3.000
ocuri	rural_settlement	settlement	7.000	9.000	17.000	0	0.000	0	13.163	-3.000
odessus	town	city	12.000	18.000	31.000	0	1.000	1	20.729	4.000
odogra	rural_settlement	settlement	3.000	3.600	20.000	0	0.000	0	9.335	-3.000
odoka	rural_settlement	settlement	4.000	6.000	28.000	0	0.000	0	12.079	-3.000
odomagus	rural_settlement	settlement	5.000	5.000	9.000	0	0.000	0	9.947	-3.000
oea	town	city	16.000	33.400	31.000	0	1.000	1	23.816	8.000
oescus	rural_settlement	settlement	5.000	6.600	8.000	0	0.000	0	11.106	-3.000
ogenage	rural_settlement	settlement	1.000	0.800	6.000	0	0.000	0	3.476	-8.000
oggrunet	rural_settlement	settlement	3.000	2.600	0.000	0	0.000	0	6.661	-8.000
ogorodniki	rural_settlement	settlement	1.000	0.800	0.000	0	0.000	0	3.056	-8.000
ogron	rural_settlement	settlement	1.000	0.800	0.000	0	0.000	0	3.056	-8.000
ohut	rural_settlement	settlement	3.000	2.600	5.000	0	0.000	0	7.011	-8.000
oiasso	rural_settlement	settlement	5.000	5.000	11.000	0	1.000	1	11.835	-3.000
oichalia_aitolias	rural_settlement	settlement	5.000	8.600	22.000	0	0.000	0	13.301	-3.000
oichalia_euboias	rural_settlement	settlement	7.000	10.000	24.000	0	0.000	0	14.149	-3.000
oikeda	rural_settlement	settlement	2.000	1.600	5.000	0	0.000	0	5.319	-8.000
oiniadai	rural_settlement	settlement	6.000	11.800	28.000	0	0.000	0	15.217	-3.000
oiniandos	rural_settlement	settlement	7.000	9.600	28.000	3	0.000	0	15.761	-3.000
oinoanda	town	city	6.000	9.400	18.000	0	0.000	0	14.937	-4.000
oinoe_ikarias	rural_settlement	settlement	3.000	5.200	24.000	0	0.000	0	11.168	-3.000
oirpata	rural_settlement	settlement	2.000	1.600	5.000	0	0.000	0	5.319	-8.000
oitosyros	rural_settlement	settlement	2.000	1.600	5.000	0	0.000	0	5.319	-8.000
oka	rural_settlement	settlement	4.000	5.400	24.000	0	0.000	0	11.333	-3.000
okara	rural_settlement	settlement	16.000	30.400	26.000	0	0.000	0	19.743	-3.000
okelis	rural_settlement	settlement	11.000	15.800	10.000	0	1.000	1	17.119	-3.000
okenoi	rural_settlement	settlement	5.000	7.800	22.000	2	0.000	0	14.057	-3.000
okilis	rural_settlement	settlement	5.000	5.000	11.000	0	0.000	0	10.087	-3.000
oktapitaron_akron	rural_settlement	settlement	3.000	3.400	8.000	0	0.000	0	8.264	-3.000
olate	rural_settlement	settlement	1.000	0.800	0.000	0	0.000	0	3.056	-8.000
olbasa	rural_settlement	settlement	5.000	7.000	13.000	0	0.000	0	11.723	-3.000
olbe	city	city	6.000	8.800	33.000	0	0.000	0	15.678	-4.000
olbia	town	city	7.000	13.200	26.000	0	1.000	1	18.865	1.000
olbia_pamphylias	rural_settlement	settlement	7.000	10.600	26.000	0	0.000	0	14.565	-3.000
olconum	rural_settlement	settlement	6.000	7.600	13.000	0	0.000	0	12.099	-3.000
oleastrum	rural_settlement	settlement	5.000	5.000	8.000	0	0.000	0	9.877	-3.000
olene	rural_settlement	settlement	3.000	3.400	6.000	0	0.000	0	8.124	-3.000
olisipo	rural_settlement	settlement	7.000	9.200	11.000	0	1.000	1	14.594	-3.000
olitis	rural_settlement	settlement	3.000	2.400	5.000	0	0.000	0	6.714	-8.000
olkhovaya	rural_settlement	settlement	2.000	1.600	0.000	0	0.000	0	4.969	-8.000
ollo	rural_settlement	settlement	1.000	0.800	0.000	0	0.000	0	3.056	-8.000
olnish	rural_settlement	settlement	3.000	2.400	0.000	0	0.000	0	6.364	-8.000
olokhoira	rural_settlement	settlement	12.000	10.800	9.000	0	0.000	0	13.464	-3.000
olontigi	rural_settlement	settlement	5.000	6.000	20.000	0	0.000	0	11.519	-3.000
olooson	rural_settlement	settlement	5.000	8.600	26.000	0	0.000	0	13.581	-3.000
olotoedariza	rural_settlement	settlement	3.000	3.400	18.000	0	0.000	0	8.964	-3.000
oltus	rural_settlement	settlement	4.000	3.600	17.000	0	0.000	0	9.125	-3.000
olympia	rural_settlement	settlement	5.000	8.600	24.000	0	0.000	0	13.441	-3.000
olympos	rural_settlement	settlement	3.000	5.200	24.000	0	0.000	0	11.168	-3.000
omana	town	city	31.000	50.400	15.000	0	1.000	1	24.784	9.000
omania	rural_settlement	settlement	3.000	2.600	3.000	0	0.000	0	6.871	-8.000
omboi	rural_settlement	settlement	7.000	10.400	31.000	0	0.000	0	14.825	-3.000
omkareshwar	rural_settlement	settlement	10.000	11.800	28.000	0	0.000	0	15.217	-3.000
omphalion	rural_settlement	settlement	11.000	17.400	22.000	0	0.000	0	16.684	-3.000
onagrinum	rural_settlement	settlement	5.000	5.200	0.000	0	0.000	0	9.488	-3.000
oneuatha	rural_settlement	settlement	4.000	5.600	24.000	0	0.000	0	11.493	-3.000
onia	rural_settlement	settlement	5.000	5.200	11.000	0	0.000	0	10.258	-3.000
onoba	rural_settlement	settlement	5.000	7.600	19.000	0	0.000	0	12.519	-3.000
onogouris	rural_settlement	settlement	5.000	6.800	18.000	0	0.000	0	11.941	-3.000
onouphis_ano	rural_settlement	settlement	9.000	12.000	33.000	0	0.000	0	15.648	-3.000
onskoet	rural_settlement	settlement	1.000	0.800	0.000	0	0.000	0	3.056	-8.000
ophis	rural_settlement	settlement	5.000	8.400	18.000	0	0.000	0	12.912	-3.000
opis	city	city	26.000	36.200	38.000	3	0.000	0	24.490	8.000
opitergium	rural_settlement	settlement	11.000	15.800	8.000	0	0.000	0	15.231	-3.000
opoin	rural_settlement	settlement	2.000	1.600	5.000	0	0.000	0	5.319	-8.000
opone	town	city	22.000	35.600	30.000	0	1.000	1	24.068	9.000
opous	rural_settlement	settlement	7.000	12.200	24.000	0	0.000	0	15.097	-3.000
oppidum_definum	rural_settlement	settlement	4.000	4.200	11.000	0	0.000	0	9.343	-3.000
oppidum_novum	rural_settlement	settlement	4.000	6.000	18.000	0	0.000	0	11.379	-3.000
opta	rural_settlement	settlement	5.000	5.000	11.000	0	0.000	0	10.087	-3.000
optatiana	rural_settlement	settlement	4.000	5.800	8.000	0	0.000	0	10.528	-3.000
ora	rural_settlement	settlement	13.000	13.600	7.000	0	0.000	0	14.431	-3.000
oraca	rural_settlement	settlement	2.000	1.600	5.000	0	0.000	0	5.319	-8.000
orai	rural_settlement	settlement	8.000	9.800	24.000	0	0.000	0	14.054	-3.000
oraion	rural_settlement	settlement	6.000	10.200	24.000	0	0.000	0	14.243	-3.000
orazbay	rural_settlement	settlement	2.000	1.600	6.000	0	0.000	0	5.389	-8.000
orbana	rural_settlement	settlement	5.000	5.400	26.000	0	0.000	0	11.473	-3.000
orcades	rural_settlement	settlement	2.000	1.600	0.000	0	0.000	0	4.969	-8.000
orchomenos	rural_settlement	settlement	4.000	5.600	24.000	0	0.000	0	11.493	-3.000
ordessia	rural_settlement	settlement	4.000	5.000	8.000	0	0.000	0	9.877	-3.000
oreine	rural_settlement	settlement	7.000	10.800	17.000	0	0.000	0	14.024	-3.000
oreinia	rural_settlement	settlement	4.000	4.200	0.000	0	0.000	0	8.573	-3.000
orentia	rural_settlement	settlement	1.000	0.800	0.000	0	0.000	0	3.056	-8.000
oretum	rural_settlement	settlement	6.000	5.800	10.000	0	0.000	0	10.668	-3.000
oreus	town	city	6.000	9.000	28.000	0	1.000	1	17.181	-1.000
orgia	rural_settlement	settlement	7.000	6.600	6.000	0	0.000	0	10.966	-3.000
oridava	rural_settlement	settlement	3.000	2.400	0.000	0	0.000	0	6.364	-8.000
orija	rural_settlement	settlement	1.000	0.800	0.000	0	0.000	0	3.056	-8.000
orikos	rural_settlement	settlement	3.000	5.200	24.000	0	0.000	0	11.168	-3.000
orippo	rural_settlement	settlement	8.000	11.000	17.000	0	0.000	0	14.112	-3.000
oriza	rural_settlement	settlement	4.000	4.200	23.000	0	0.000	0	10.183	-3.000
orjane	rural_settlement	settlement	1.000	0.800	3.000	0	0.000	0	3.266	-8.000
orkistos	rural_settlement	settlement	6.000	7.400	26.000	0	0.000	0	12.887	-3.000
orko	rural_settlement	settlement	7.000	12.400	5.000	0	0.000	0	13.845	-3.000
orlik_0	rural_settlement	settlement	2.000	1.600	7.000	0	0.000	0	5.459	-8.000
orlik_1	rural_settlement	settlement	3.000	2.400	6.000	0	0.000	0	6.784	-8.000
ormi	rural_settlement	settlement	5.000	5.200	21.000	0	0.000	0	10.958	-3.000
ormogang	rural_settlement	settlement	4.000	7.400	8.000	0	0.000	0	11.627	-3.000
ornoi	rural_settlement	settlement	5.000	9.400	28.000	0	0.000	0	14.137	-3.000
orolaunum	rural_settlement	settlement	5.000	5.000	11.000	0	0.000	0	10.087	-3.000
orona	rural_settlement	settlement	1.000	0.800	0.000	0	0.000	0	3.056	-8.000
orontes	rural_settlement	settlement	5.000	6.800	19.000	0	0.000	0	12.011	-3.000
orontessos	town	city	20.000	38.600	31.000	2	0.000	0	24.008	8.000
oropos	rural_settlement	settlement	14.000	18.400	17.000	0	0.000	0	16.609	-3.000
orsum	rural_settlement	settlement	7.000	10.400	17.000	0	0.000	0	13.845	-3.000
ortespane	rural_settlement	settlement	3.000	3.600	27.000	0	0.000	0	9.825	-3.000
ortopla	rural_settlement	settlement	6.000	9.400	8.000	0	0.000	0	12.737	-3.000
orubicaria	rural_settlement	settlement	3.000	4.400	28.000	0	0.000	0	10.729	-3.000
orugallu	rural_settlement	settlement	6.000	9.200	9.000	0	0.000	0	12.706	-3.000
osca	rural_settlement	settlement	4.000	4.200	11.000	0	0.000	0	9.343	-3.000
oscana	rural_settlement	settlement	4.000	4.600	17.000	0	0.000	0	10.148	-3.000
oscanidati	rural_settlement	settlement	4.000	5.800	17.000	0	0.000	0	11.158	-3.000
oschka	rural_settlement	settlement	2.000	1.600	0.000	0	0.000	0	4.969	-8.000
osdara	rural_settlement	settlement	5.000	6.200	18.000	2	0.000	0	12.734	-3.000
osh	rural_settlement	settlement	5.000	6.200	16.000	0	0.000	0	11.385	-3.000
oshin	rural_settlement	settlement	6.000	7.400	2.000	0	0.000	0	11.207	-3.000
osht	rural_settlement	settlement	1.000	0.800	0.000	0	0.000	0	3.056	-8.000
osinion	rural_settlement	settlement	5.000	5.400	8.000	0	0.000	0	10.213	-3.000
osioi	rural_settlement	settlement	14.000	19.200	32.000	0	0.000	0	17.870	-3.000
osismetum	rural_settlement	settlement	5.000	5.000	11.000	0	0.000	0	10.087	-3.000
oskil	rural_settlement	settlement	3.000	2.400	7.000	0	0.000	0	6.854	-8.000
oskobara	city	city	13.000	19.200	34.000	0	0.000	0	19.510	1.000
osset	rural_settlement	settlement	5.000	7.000	19.000	0	0.000	0	12.143	-3.000
ossioia	rural_settlement	settlement	3.000	2.400	0.000	0	0.000	0	6.364	-8.000
ossioia_occidentalis	rural_settlement	settlement	2.000	1.600	5.000	0	0.000	0	5.319	-8.000
ossioia_orientalis	rural_settlement	settlement	2.000	1.600	0.000	0	0.000	0	4.969	-8.000
ossonoba	rural_settlement	settlement	10.000	12.200	11.000	0	1.000	1	15.935	-3.000
ostama	rural_settlement	settlement	3.000	2.600	17.000	0	0.000	0	7.851	-3.000
ostana	rural_settlement	settlement	6.000	9.200	28.000	0	0.000	0	14.036	-3.000
ostia	city	city	11.000	17.200	33.000	1	2.000	1	22.137	5.000
ostny	rural_settlement	settlement	2.000	1.600	5.000	0	0.000	0	5.319	-8.000
ostrakine	rural_settlement	settlement	6.000	8.800	28.000	2	0.000	0	15.037	-3.000
otadini	rural_settlement	settlement	2.000	1.600	10.000	0	0.000	0	5.669	-8.000
othoca	rural_settlement	settlement	5.000	6.800	26.000	0	0.000	0	12.501	-3.000
otobesa	rural_settlement	settlement	9.000	10.200	10.000	0	0.000	0	13.263	-3.000
otrar	rural_settlement	settlement	6.000	5.200	0.000	0	0.000	0	9.488	-3.000
otroia	rural_settlement	settlement	4.000	5.400	24.000	0	0.000	0	11.333	-3.000
otthara	rural_settlement	settlement	3.000	5.200	23.000	0	0.000	0	11.098	-3.000
ouabelli	rural_settlement	settlement	1.000	0.800	5.000	0	0.000	0	3.406	-8.000
ouagon	rural_settlement	settlement	8.000	12.400	24.000	0	0.000	0	15.175	-3.000
ouardigha	rural_settlement	settlement	3.000	2.400	5.000	0	0.000	0	6.714	-8.000
ouargla	rural_settlement	settlement	5.000	4.200	5.000	0	0.000	0	8.923	-3.000
ouarsapa	rural_settlement	settlement	4.000	4.400	18.000	0	0.000	0	10.029	-3.000
ouarzazate	rural_settlement	settlement	3.000	2.600	3.000	0	0.000	0	6.871	-8.000
ouasada	town	city	8.000	10.400	20.000	0	0.000	0	15.555	-3.000
ouassay	rural_settlement	settlement	2.000	1.600	5.000	0	0.000	0	5.319	-8.000
oued	rural_settlement	settlement	6.000	5.200	5.000	0	0.000	0	9.838	-3.000
ouenasa	town	city	6.000	9.400	30.000	0	0.000	0	15.777	-3.000
ouensa	rural_settlement	settlement	2.000	1.600	5.000	0	0.000	0	5.319	-8.000
ouerisa	rural_settlement	settlement	6.000	7.200	9.000	0	0.000	0	11.571	-3.000
ouetissos	rural_settlement	settlement	2.000	2.600	26.000	0	0.000	0	8.481	-3.000
oufriden	rural_settlement	settlement	3.000	2.600	3.000	0	0.000	0	6.871	-8.000
ouidane	rural_settlement	settlement	3.000	2.600	3.000	0	0.000	0	6.871	-8.000
ouirouedroum_akron	rural_settlement	settlement	2.000	1.600	0.000	0	0.000	0	4.969	-8.000
ouisontion	rural_settlement	settlement	5.000	5.000	11.000	0	0.000	0	10.087	-3.000
oulippada	rural_settlement	settlement	2.000	3.200	24.000	0	0.000	0	9.142	-3.000
oulnia	rural_settlement	settlement	5.000	7.000	18.000	0	0.000	0	12.073	-3.000
oumbrai	rural_settlement	settlement	9.000	8.600	26.000	0	0.000	0	13.581	-3.000
ouxama_barka	rural_settlement	settlement	5.000	5.000	9.000	0	0.000	0	9.947	-3.000
ouzerg	rural_settlement	settlement	1.000	0.800	5.000	0	0.000	0	3.406	-8.000
ouzina	rural_settlement	settlement	1.000	0.800	3.000	0	0.000	0	3.266	-8.000
ovilava	rural_settlement	settlement	2.000	1.800	9.000	0	0.000	0	5.984	-8.000
oviscae	rural_settlement	settlement	6.000	9.400	24.000	0	0.000	0	13.857	-3.000
oxeiana	rural_settlement	settlement	6.000	9.200	21.000	0	0.000	0	13.546	-3.000
oxyrhynchus	rural_settlement	settlement	15.000	18.800	31.000	0	0.000	0	17.696	-3.000
oykets	rural_settlement	settlement	1.000	0.800	0.000	0	0.000	0	3.056	-8.000
pachora	town	city	6.000	7.800	25.000	0	0.000	0	14.559	-5.000
padmavati	rural_settlement	settlement	9.000	12.200	24.000	0	0.000	0	15.097	-3.000
padri	rural_settlement	settlement	3.000	2.400	0.000	0	0.000	0	6.364	-8.000
paesi	rural_settlement	settlement	2.000	1.800	29.000	0	0.000	0	7.384	-8.000
paesicia	rural_settlement	settlement	5.000	5.000	9.000	0	0.000	0	9.947	-3.000
paestum	town	city	18.000	21.600	14.000	0	0.000	0	18.693	1.000
paezeriai	rural_settlement	settlement	1.000	0.800	0.000	0	0.000	0	3.056	-8.000
pagala	rural_settlement	settlement	10.000	9.400	23.000	0	1.000	1	15.535	-3.000
pagasai	rural_settlement	settlement	5.000	9.400	24.000	0	1.000	1	15.605	-3.000
pago	rural_settlement	settlement	5.000	8.600	20.000	0	0.000	0	13.161	-3.000
pagramancio	rural_settlement	settlement	1.000	0.800	0.000	0	0.000	0	3.056	-8.000
pagros	rural_settlement	settlement	3.000	2.400	28.000	0	0.000	0	8.324	-3.000
pagus_malarensium	rural_settlement	settlement	4.000	4.400	19.000	0	0.000	0	10.099	-3.000
pahost	rural_settlement	settlement	2.000	1.600	7.000	0	0.000	0	5.459	-8.000
pai	rural_settlement	settlement	3.000	2.600	8.000	0	0.000	0	7.221	-8.000
paikuli	rural_settlement	settlement	1.000	0.800	29.000	0	0.000	0	5.086	-8.000
pakhnemounis	rural_settlement	settlement	12.000	15.600	27.000	0	0.000	0	16.499	-3.000
palaeopolis	rural_settlement	settlement	6.000	10.400	24.000	0	1.000	1	16.082	-3.000
palaia_achaia	rural_settlement	settlement	2.000	1.800	8.000	0	0.000	0	5.914	-8.000
palaiogonoi	town	city	10.000	15.600	23.000	0	0.000	0	17.719	-1.000
palaipatmai	town	city	17.000	25.400	14.000	0	0.000	0	19.501	2.000
palakka	rural_settlement	settlement	10.000	9.000	9.000	0	0.000	0	12.603	-3.000
palantia	rural_settlement	settlement	7.000	8.200	11.000	0	0.000	0	12.310	-3.000
pali	town	city	20.000	31.400	13.000	0	0.000	0	20.496	4.000
paliene	rural_settlement	settlement	1.000	0.800	0.000	0	0.000	0	3.056	-8.000
palimek	rural_settlement	settlement	5.000	6.000	2.000	0	0.000	0	10.259	-3.000
palios	rural_settlement	settlement	3.000	2.600	18.000	0	0.000	0	7.921	-3.000
paliouros	town	city	16.000	30.000	26.000	0	1.000	1	22.924	7.000
palisha	rural_settlement	settlement	2.000	1.800	0.000	0	0.000	0	5.354	-8.000
palitas	rural_settlement	settlement	2.000	1.600	28.000	0	0.000	0	6.929	-8.000
palkigunda	rural_settlement	settlement	12.000	10.800	11.000	0	0.000	0	13.604	-3.000
pallontion	rural_settlement	settlement	5.000	5.000	9.000	0	0.000	0	9.947	-3.000
palma	rural_settlement	settlement	5.000	5.000	14.000	0	0.000	0	10.297	-3.000
palmatis	rural_settlement	settlement	6.000	8.400	8.000	0	0.000	0	12.212	-3.000
palmyra	town	city	22.000	37.200	29.000	0	0.000	0	22.473	6.000
paloura	rural_settlement	settlement	5.000	7.200	19.000	0	0.000	0	12.271	-3.000
pamir	rural_settlement	settlement	3.000	3.400	21.000	0	0.000	0	9.174	-3.000
pampligua	rural_settlement	settlement	5.000	5.000	11.000	0	0.000	0	10.087	-3.000
panapala	rural_settlement	settlement	11.000	20.200	9.000	0	0.000	0	16.511	-3.000
panarachthis	rural_settlement	settlement	12.000	21.400	33.000	0	0.000	0	18.477	-3.000
pancapura	rural_settlement	settlement	16.000	27.000	26.000	0	0.000	0	19.147	-3.000
pandaprata	rural_settlement	settlement	10.000	13.800	9.000	0	0.000	0	14.642	-3.000
pandavleni	rural_settlement	settlement	3.000	4.200	9.000	0	0.000	0	9.203	-3.000
pandhurna	rural_settlement	settlement	12.000	17.400	8.000	0	0.000	0	15.704	-3.000
pandokheion	rural_settlement	settlement	4.000	4.800	17.000	0	0.000	0	10.331	-3.000
paniardis	rural_settlement	settlement	3.000	2.800	8.000	0	0.000	0	7.502	-8.000
panisus	rural_settlement	settlement	5.000	4.200	8.000	0	0.000	0	9.133	-3.000
pannorum	rural_settlement	settlement	5.000	5.000	9.000	0	0.000	0	9.947	-3.000
pano	rural_settlement	settlement	6.000	10.400	15.000	0	0.000	0	13.705	-3.000
panopolis	rural_settlement	settlement	5.000	7.800	31.000	0	0.000	0	13.479	-3.000
panorumus	town	city	15.000	26.000	29.000	0	1.000	1	22.416	6.000
pantikapaion	town	city	10.000	13.800	26.000	0	1.000	1	19.080	1.000
pantyene	rural_settlement	settlement	3.000	3.800	28.000	0	0.000	0	10.117	-3.000
paoi	rural_settlement	settlement	2.000	1.600	5.000	0	0.000	0	5.319	-8.000
pappa	rural_settlement	settlement	6.000	7.200	26.000	2	0.000	0	13.970	-3.000
paracata	rural_settlement	settlement	3.000	3.600	18.000	0	0.000	0	9.195	-3.000
parachoatras	rural_settlement	settlement	12.000	15.000	23.000	0	0.000	0	16.027	-3.000
paradana	rural_settlement	settlement	6.000	7.800	29.000	0	0.000	0	13.339	-3.000
paraetecene	rural_settlement	settlement	12.000	13.600	29.000	2	0.000	0	17.180	-3.000
paraetonium	city	city	5.000	8.600	33.000	0	1.000	1	17.319	-3.000
parakan	rural_settlement	settlement	3.000	3.600	18.000	0	0.000	0	9.195	-3.000
parambole	rural_settlement	settlement	1.000	0.800	22.000	0	0.000	0	4.596	-8.000
parammon	rural_settlement	settlement	6.000	9.400	31.000	0	0.000	0	14.347	-3.000
paravipura	rural_settlement	settlement	11.000	13.800	10.000	0	0.000	0	14.712	-3.000
pardabathra	rural_settlement	settlement	12.000	12.800	23.000	0	0.000	0	15.258	-3.000
pardiae	rural_settlement	settlement	4.000	4.400	17.000	0	0.000	0	9.959	-3.000
parentium	rural_settlement	settlement	5.000	6.800	12.000	0	0.000	0	11.521	-3.000
parhe	rural_settlement	settlement	5.000	5.200	28.000	0	0.000	0	11.448	-3.000
parietinae	rural_settlement	settlement	5.000	5.000	11.000	0	0.000	0	10.087	-3.000
parira	rural_settlement	settlement	3.000	4.400	31.000	2	0.000	0	12.148	-3.000
parium	town	city	16.000	28.000	25.000	2	1.000	1	23.716	8.000
parma	rural_settlement	settlement	5.000	7.800	9.000	0	0.000	0	11.939	-3.000
parmacampia	rural_settlement	settlement	4.000	7.400	0.000	0	0.000	0	11.067	-3.000
parna	rural_settlement	settlement	3.000	2.600	5.000	0	0.000	0	7.011	-8.000
parnassos	rural_settlement	settlement	3.000	3.600	20.000	2	0.000	0	10.544	-3.000
paro_kerchu	rural_settlement	settlement	4.000	4.200	6.000	0	0.000	0	8.993	-3.000
paroa	rural_settlement	settlement	4.000	5.200	20.000	0	0.000	0	10.888	-3.000
paroikopolis	rural_settlement	settlement	7.000	7.600	18.000	0	0.000	0	12.449	-3.000
paropamisia	rural_settlement	settlement	7.000	7.200	29.000	0	0.000	0	12.971	-3.000
paros	rural_settlement	settlement	4.000	7.000	19.000	0	0.000	0	12.143	-3.000
paros_paropamisadorum	rural_settlement	settlement	7.000	6.600	27.000	0	0.000	0	12.436	-3.000
parrodunum	rural_settlement	settlement	3.000	3.400	11.000	0	0.000	0	8.474	-3.000
parsakank	rural_settlement	settlement	3.000	3.600	18.000	0	0.000	0	9.195	-3.000
parsia	rural_settlement	settlement	3.000	4.400	28.000	0	0.000	0	10.729	-3.000
parsicia	rural_settlement	settlement	3.000	4.400	29.000	0	0.000	0	10.799	-3.000
parsk	rural_settlement	settlement	3.000	5.200	20.000	0	0.000	0	10.888	-3.000
parsni	rural_settlement	settlement	4.000	5.200	7.000	0	0.000	0	9.978	-3.000
parsodih	rural_settlement	settlement	4.000	5.200	8.000	0	0.000	0	10.048	-3.000
partaw	rural_settlement	settlement	4.000	4.400	3.000	0	0.000	0	8.979	-3.000
parthenia	rural_settlement	settlement	4.000	4.400	3.000	0	0.000	0	8.979	-3.000
parthenion	rural_settlement	settlement	8.000	13.600	20.000	0	0.000	0	15.341	-3.000
parthenopolis	rural_settlement	settlement	6.000	8.200	10.000	0	0.000	0	12.240	-3.000
parthinia	rural_settlement	settlement	3.000	5.200	11.000	0	0.000	0	10.258	-3.000
parthos	rural_settlement	settlement	7.000	12.000	16.000	0	0.000	0	14.458	-3.000
partiskon	rural_settlement	settlement	6.000	6.800	0.000	0	0.000	0	10.681	-3.000
partu	rural_settlement	settlement	2.000	1.600	5.000	0	0.000	0	5.319	-8.000
parva	rural_settlement	settlement	4.000	3.600	28.000	0	0.000	0	9.895	-3.000
parvand	rural_settlement	settlement	5.000	8.400	17.000	0	0.000	0	12.842	-3.000
parvata	rural_settlement	settlement	6.000	9.400	8.000	0	0.000	0	12.737	-3.000
pasa	rural_settlement	settlement	6.000	8.600	29.000	0	0.000	0	13.791	-3.000
pasacartia	rural_settlement	settlement	9.000	14.600	29.000	0	0.000	0	16.316	-3.000
pasargadai	city	city	17.000	24.400	34.000	2	0.000	0	21.909	4.000
passaron	town	city	31.000	55.600	31.000	0	0.000	0	24.657	9.000
patala	town	city	15.000	18.600	31.000	0	1.000	1	20.890	4.000
pataliputra	city	city_metropolis	74.000	145.800	33.000	2	1.000	1	34.009	18.000
patan	rural_settlement	settlement	8.000	7.800	24.000	0	0.000	0	12.989	-3.000
patan_minara	rural_settlement	settlement	9.000	16.000	23.000	0	0.000	0	16.343	-3.000
patara	town	city	4.000	7.600	29.000	0	1.000	1	16.467	-2.000
pataroue	rural_settlement	settlement	5.000	7.000	21.000	0	0.000	0	12.283	-3.000
patavium	town	city	10.000	17.200	10.000	0	0.000	0	17.287	-1.000
pathyris	rural_settlement	settlement	4.000	5.000	31.000	0	0.000	0	11.487	-3.000
patigga	town	city	4.000	6.000	25.000	0	0.000	0	13.369	-7.000
patigrabana	town	city	24.000	42.000	23.000	0	0.000	0	22.668	6.000
patinasana	rural_settlement	settlement	2.000	1.600	5.000	0	0.000	0	5.319	-8.000
patrai	rural_settlement	settlement	8.000	16.000	24.000	0	0.000	0	16.413	-3.000
patridava	rural_settlement	settlement	1.000	0.800	0.000	0	0.000	0	3.056	-8.000
pattithana	town	city	15.000	26.200	16.000	0	0.000	0	19.797	3.000
patulus_portus	rural_settlement	settlement	5.000	5.000	11.000	0	1.000	1	11.835	-3.000
pauka	rural_settlement	settlement	6.000	11.000	0.000	0	0.000	0	12.922	-3.000
paunar	rural_settlement	settlement	6.000	7.200	18.000	0	0.000	0	12.201	-3.000
pautalia	rural_settlement	settlement	3.000	3.600	8.000	0	0.000	0	8.495	-3.000
pax_iulia	rural_settlement	settlement	10.000	12.600	11.000	0	0.000	0	14.342	-3.000
paytakaran	rural_settlement	settlement	4.000	6.000	5.000	0	0.000	0	10.469	-3.000
pderme	rural_settlement	settlement	4.000	8.400	20.000	0	0.000	0	13.052	-3.000
pecina	rural_settlement	settlement	9.000	10.600	6.000	0	0.000	0	13.165	-3.000
pedachthoe	rural_settlement	settlement	3.000	3.600	9.000	0	0.000	0	8.565	-3.000
pednelissos	town	city	7.000	9.600	18.000	0	0.000	0	15.036	-4.000
pedonia	rural_settlement	settlement	2.000	2.800	28.000	0	0.000	0	8.902	-3.000
peion	rural_settlement	settlement	4.000	5.400	24.000	0	0.000	0	11.333	-3.000
pelagonia	rural_settlement	settlement	13.000	18.400	24.000	0	0.000	0	17.099	-3.000
pelendava	rural_settlement	settlement	6.000	8.000	8.000	0	0.000	0	11.986	-3.000
pelinna	rural_settlement	settlement	6.000	11.800	26.000	0	0.000	0	15.077	-3.000
pella_0	city	city	41.000	72.000	47.000	0	2.000	1	29.578	14.000
pella_1	town	city	2.000	4.200	31.000	0	0.000	0	12.243	-9.000
pellene	rural_settlement	settlement	7.000	12.200	24.000	0	0.000	0	15.097	-3.000
pelsodis_0	rural_settlement	settlement	7.000	7.800	9.000	0	0.000	0	11.939	-3.000
peltai	rural_settlement	settlement	5.000	6.200	24.000	2	0.000	0	13.154	-3.000
peltuinum	rural_settlement	settlement	6.000	9.400	24.000	0	0.000	0	13.857	-3.000
pelusium	city	city	16.000	20.600	32.000	2	1.000	1	22.674	6.000
pelva	rural_settlement	settlement	4.000	4.400	8.000	0	0.000	0	9.329	-3.000
pentale	rural_settlement	settlement	5.000	5.000	11.000	0	0.000	0	10.087	-3.000
penugonda	rural_settlement	settlement	11.000	18.400	11.000	0	0.000	0	16.189	-3.000
peparethos	rural_settlement	settlement	4.000	7.000	24.000	0	0.000	0	12.493	-3.000
pepouza	rural_settlement	settlement	3.000	3.600	26.000	0	0.000	0	9.755	-3.000
perceiana	rural_settlement	settlement	9.000	10.000	11.000	0	0.000	0	13.239	-3.000
pergamon	town	city	7.000	12.600	29.000	2	0.000	0	18.311	0.000
pergantion	rural_settlement	settlement	7.000	8.600	24.000	0	0.000	0	13.441	-3.000
perge	town	city	5.000	6.800	31.000	2	0.000	0	15.560	-3.000
pericharaxis	rural_settlement	settlement	5.000	5.200	24.000	0	0.000	0	11.168	-3.000
perinkari	rural_settlement	settlement	8.000	13.000	23.000	0	0.000	0	15.333	-3.000
perinthos	rural_settlement	settlement	5.000	6.600	24.000	0	0.000	0	12.226	-3.000
perrhe	rural_settlement	settlement	4.000	6.000	18.000	2	0.000	0	12.587	-3.000
perseos_skope	rural_settlement	settlement	9.000	13.400	27.000	0	0.000	0	15.760	-3.000
persepolis	city	city	13.000	23.000	46.000	3	0.000	0	22.771	6.000
persides	rural_settlement	settlement	8.000	13.800	27.000	2	0.000	0	17.111	-3.000
persou	rural_settlement	settlement	4.000	4.200	29.000	0	0.000	0	10.603	-3.000
perta	rural_settlement	settlement	4.000	6.000	26.000	3	0.000	0	13.464	-3.000
perusekh	rural_settlement	settlement	2.000	1.600	28.000	0	0.000	0	6.929	-8.000
perusia	town	city	19.000	31.600	24.000	0	0.000	0	21.298	5.000
pessinous	rural_settlement	settlement	7.000	10.400	28.000	2	0.000	0	15.823	-3.000
petelia	rural_settlement	settlement	12.000	15.600	13.000	0	0.000	0	15.519	-3.000
petemout	rural_settlement	settlement	4.000	3.600	31.000	0	0.000	0	10.105	-3.000
petinesca	rural_settlement	settlement	6.000	6.600	9.000	0	0.000	0	11.176	-3.000
petra	town	city	20.000	34.400	23.000	0	0.000	0	21.657	5.000
petra_arimazou	rural_settlement	settlement	5.000	8.400	17.000	0	0.000	0	12.842	-3.000
petra_chorienou	rural_settlement	settlement	5.000	8.400	17.000	0	0.000	0	12.842	-3.000
petra_sisimithrou	rural_settlement	settlement	6.000	8.600	19.000	0	0.000	0	13.091	-3.000
petras_mikros	rural_settlement	settlement	2.000	3.400	18.000	0	0.000	0	8.964	-3.000
petrensibus	rural_settlement	settlement	5.000	7.000	11.000	0	0.000	0	11.583	-3.000
petris	rural_settlement	settlement	6.000	10.000	8.000	0	0.000	0	13.029	-3.000
petrodava	rural_settlement	settlement	3.000	4.000	0.000	0	0.000	0	8.369	-3.000
petta	rural_settlement	settlement	3.000	4.400	22.000	0	0.000	0	10.309	-3.000
pettavonium	rural_settlement	settlement	4.000	4.200	11.000	0	0.000	0	9.343	-3.000
petuaria	rural_settlement	settlement	3.000	3.400	10.000	0	0.000	0	8.404	-3.000
peus	rural_settlement	settlement	2.000	1.600	5.000	0	0.000	0	5.319	-8.000
phakoussai	rural_settlement	settlement	13.000	20.000	33.000	2	0.000	0	19.350	-3.000
phanagoria	town	city	4.000	6.000	23.000	0	1.000	1	14.976	-4.000
pharan	rural_settlement	settlement	3.000	3.600	29.000	0	0.000	0	9.965	-3.000
pharangion	rural_settlement	settlement	3.000	3.600	18.000	0	0.000	0	9.195	-3.000
pharazana	rural_settlement	settlement	5.000	5.400	19.000	0	0.000	0	10.983	-3.000
pharbaithos	rural_settlement	settlement	10.000	16.600	33.000	0	0.000	0	17.223	-3.000
phargisatus	rural_settlement	settlement	2.000	2.600	0.000	0	0.000	0	6.661	-8.000
pharnake	town	city	5.000	8.600	29.000	2	0.000	0	16.500	-2.000
pharodenia	rural_settlement	settlement	4.000	4.200	5.000	0	1.000	1	10.671	-3.000
pharos	rural_settlement	settlement	8.000	11.400	24.000	0	1.000	1	16.520	-3.000
pharsaga	rural_settlement	settlement	4.000	3.600	17.000	0	0.000	0	9.125	-3.000
pharsalos	city	city	30.000	50.200	40.000	0	0.000	0	24.766	9.000
pharsana	town	city	9.000	12.600	28.000	0	0.000	0	17.032	-1.000
phaselis	town	city	4.000	6.000	29.000	0	1.000	1	15.396	-3.000
phasis	town	city	6.000	8.800	31.000	0	1.000	1	17.286	-1.000
phausiane	rural_settlement	settlement	9.000	12.400	24.000	0	1.000	1	16.923	-3.000
phazemon	rural_settlement	settlement	3.000	3.600	9.000	0	0.000	0	8.565	-3.000
phegas	rural_settlement	settlement	8.000	10.200	28.000	2	0.000	0	15.731	-3.000
pherai	city	city	10.000	17.400	37.000	0	0.000	0	19.234	0.000
pheugarum	rural_settlement	settlement	5.000	5.000	0.000	0	0.000	0	9.317	-3.000
phiara	rural_settlement	settlement	3.000	3.600	9.000	0	0.000	0	8.565	-3.000
phikaria	rural_settlement	settlement	7.000	11.400	0.000	0	1.000	1	14.840	-3.000
philia	rural_settlement	settlement	5.000	8.000	24.000	0	1.000	1	14.853	-3.000
philippoi	city	city	9.000	14.600	40.000	0	0.000	0	18.586	0.000
philippopolis	rural_settlement	settlement	7.000	10.400	22.000	0	0.000	0	14.195	-3.000
philoteria	rural_settlement	settlement	4.000	5.600	26.000	0	0.000	0	11.633	-3.000
philoteris	rural_settlement	settlement	2.000	2.600	31.000	0	0.000	0	8.831	-3.000
phlaouia_lambris	rural_settlement	settlement	5.000	5.000	11.000	0	1.000	1	11.835	-3.000
phoda	rural_settlement	settlement	6.000	4.800	7.000	0	0.000	0	9.631	-3.000
phoinike	rural_settlement	settlement	6.000	9.600	24.000	0	0.000	0	13.956	-3.000
phoinikon	rural_settlement	settlement	2.000	1.800	28.000	0	0.000	0	7.314	-8.000
phoinikon_kome	rural_settlement	settlement	3.000	4.200	17.000	0	0.000	0	9.763	-3.000
phoklis	rural_settlement	settlement	6.000	6.200	17.000	0	0.000	0	11.455	-3.000
phorana	rural_settlement	settlement	3.000	4.200	28.000	0	0.000	0	10.533	-3.000
phoraua	rural_settlement	settlement	5.000	8.600	29.000	0	0.000	0	13.791	-3.000
phornakis	rural_settlement	settlement	9.000	9.600	11.000	0	0.000	0	13.046	-3.000
phouphagena	rural_settlement	settlement	3.000	3.600	16.000	0	0.000	0	9.055	-3.000
phraaspa	rural_settlement	settlement	3.000	5.200	19.000	0	0.000	0	10.818	-3.000
phrada	rural_settlement	settlement	6.000	8.200	39.000	0	0.000	0	14.270	-3.000
phratroua	rural_settlement	settlement	5.000	5.600	19.000	0	0.000	0	11.143	-3.000
phruraesius_mons	rural_settlement	settlement	1.000	1.800	8.000	0	0.000	0	5.914	-8.000
phykous	rural_settlement	settlement	3.000	5.200	21.000	0	0.000	0	10.958	-3.000
physkos	rural_settlement	settlement	6.000	7.800	24.000	0	0.000	0	12.989	-3.000
pialeia	rural_settlement	settlement	7.000	12.000	38.000	0	0.000	0	15.998	-3.000
piao	rural_settlement	settlement	4.000	3.600	8.000	0	0.000	0	8.495	-3.000
picentino	rural_settlement	settlement	6.000	6.800	13.000	0	0.000	0	11.591	-3.000
picenum	town	city	13.000	19.800	21.000	0	0.000	0	18.752	1.000
pichvnari	rural_settlement	settlement	4.000	6.000	18.000	0	0.000	0	11.379	-3.000
pictavia_australis	rural_settlement	settlement	3.000	3.400	9.000	0	0.000	0	8.334	-3.000
pictavia_borealis	rural_settlement	settlement	6.000	6.800	9.000	0	0.000	0	11.311	-3.000
pictonia	rural_settlement	settlement	5.000	5.000	9.000	0	0.000	0	9.947	-3.000
piephigia	rural_settlement	settlement	2.000	1.600	8.000	0	0.000	0	5.529	-8.000
piephigiana	rural_settlement	settlement	3.000	2.400	12.000	0	0.000	0	7.204	-8.000
pihti	rural_settlement	settlement	4.000	5.800	5.000	0	0.000	0	10.318	-3.000
piktonion_akron	rural_settlement	settlement	5.000	6.000	11.000	0	0.000	0	10.889	-3.000
pilge	rural_settlement	settlement	3.000	2.400	5.000	0	0.000	0	6.714	-8.000
pilibhit	rural_settlement	settlement	12.000	17.000	24.000	0	0.000	0	16.710	-3.000
pilonicoria	rural_settlement	settlement	5.000	5.000	11.000	0	0.000	0	10.087	-3.000
pimna	rural_settlement	settlement	1.000	0.800	6.000	0	0.000	0	3.476	-8.000
pimolisa	rural_settlement	settlement	6.000	7.200	9.000	0	0.000	0	11.571	-3.000
pinaka	town	city	5.000	9.200	29.000	0	0.000	0	15.606	-3.000
pindenissa	rural_settlement	settlement	7.000	8.400	3.000	0	0.000	0	11.862	-3.000
pinion	rural_settlement	settlement	1.000	0.800	8.000	0	0.000	0	3.616	-8.000
pinnata_castra	rural_settlement	settlement	2.000	1.600	0.000	0	0.000	0	4.969	-8.000
pintia	rural_settlement	settlement	5.000	5.000	11.000	0	0.000	0	10.087	-3.000
pioniai	rural_settlement	settlement	6.000	8.800	24.000	0	0.000	0	13.548	-3.000
pipphalivana	rural_settlement	settlement	8.000	12.000	26.000	0	0.000	0	15.158	-3.000
piquentum	rural_settlement	settlement	6.000	9.200	8.000	0	0.000	0	12.636	-3.000
pira	rural_settlement	settlement	10.000	13.800	9.000	0	0.000	0	14.642	-3.000
piretis	rural_settlement	settlement	7.000	8.200	11.000	0	0.000	0	12.310	-3.000
pirhirci	rural_settlement	settlement	12.000	13.800	7.000	0	1.000	1	16.250	-3.000
piri	rural_settlement	settlement	6.000	9.200	19.000	0	0.000	0	13.406	-3.000
piroboridava	rural_settlement	settlement	5.000	6.000	8.000	0	0.000	0	10.679	-3.000
pirra	rural_settlement	settlement	7.000	8.400	31.000	0	0.000	0	13.822	-3.000
pirum	rural_settlement	settlement	4.000	3.200	8.000	0	0.000	0	8.022	-3.000
pisae	city	city	16.000	25.000	33.000	0	1.000	1	22.500	5.000
pisauta	rural_settlement	settlement	6.000	10.200	9.000	0	1.000	1	14.940	-3.000
pisavi	rural_settlement	settlement	8.000	14.200	11.000	0	0.000	0	14.921	-3.000
pishan	rural_settlement	settlement	13.000	11.400	17.000	0	0.000	0	14.282	-3.000
pisida	rural_settlement	settlement	5.000	8.400	23.000	0	0.000	0	13.262	-3.000
pisingara	rural_settlement	settlement	4.000	5.000	18.000	0	0.000	0	10.577	-3.000
pistiros	rural_settlement	settlement	5.000	8.000	18.000	0	0.000	0	12.686	-3.000
pistoriae	rural_settlement	settlement	10.000	13.600	9.000	0	0.000	0	14.571	-3.000
pitangalva	rural_settlement	settlement	7.000	10.400	9.000	0	0.000	0	13.285	-3.000
pitoura	rural_settlement	settlement	5.000	7.000	9.000	0	0.000	0	11.443	-3.000
pityous	rural_settlement	settlement	6.000	10.800	18.000	0	1.000	1	15.842	-3.000
pizos	rural_settlement	settlement	1.000	0.800	22.000	0	0.000	0	4.596	-8.000
placentia	rural_settlement	settlement	6.000	9.200	9.000	0	0.000	0	12.706	-3.000
plaenium	rural_settlement	settlement	6.000	6.800	8.000	0	0.000	0	11.241	-3.000
plagira	rural_settlement	settlement	14.000	18.800	24.000	0	0.000	0	17.206	-3.000
platanus	rural_settlement	settlement	5.000	5.000	9.000	0	0.000	0	9.947	-3.000
plestia	town	city	35.000	53.000	29.000	0	0.000	0	24.273	9.000
pleuramis	rural_settlement	settlement	3.000	3.600	9.000	0	0.000	0	8.565	-3.000
plissa	rural_settlement	settlement	1.000	0.800	0.000	0	0.000	0	3.056	-8.000
plumbia	rural_settlement	settlement	9.000	13.200	9.000	0	0.000	0	14.427	-3.000
pnigeus	rural_settlement	settlement	2.000	4.200	28.000	0	0.000	0	10.533	-3.000
pocrinnium	rural_settlement	settlement	5.000	5.200	11.000	0	0.000	0	10.258	-3.000
podalia	rural_settlement	settlement	5.000	6.200	13.000	0	0.000	0	11.175	-3.000
podandus	rural_settlement	settlement	5.000	7.000	24.000	2	0.000	0	13.702	-3.000
podoperoura	rural_settlement	settlement	9.000	9.400	18.000	0	0.000	0	13.437	-3.000
poedicum	rural_settlement	settlement	6.000	8.600	7.000	0	0.000	0	12.251	-3.000
poetovio	rural_settlement	settlement	8.000	11.000	8.000	0	0.000	0	13.482	-3.000
pogla	town	city	5.000	7.000	29.000	2	0.000	0	15.552	-3.000
poharshchyna	rural_settlement	settlement	3.000	2.600	12.000	0	0.000	0	7.501	-8.000
pohe	rural_settlement	settlement	1.000	0.800	28.000	0	0.000	0	5.016	-8.000
poka	rural_settlement	settlement	4.000	3.600	28.000	0	0.000	0	9.895	-3.000
pokis	rural_settlement	settlement	7.000	9.800	31.000	0	0.000	0	14.544	-3.000
pola	rural_settlement	settlement	4.000	7.400	12.000	0	1.000	1	13.654	-3.000
polibedenses	rural_settlement	settlement	5.000	5.000	11.000	0	0.000	0	10.087	-3.000
polipoula	rural_settlement	settlement	6.000	9.600	20.000	0	0.000	0	13.676	-3.000
pollentia_0	rural_settlement	settlement	5.000	6.600	13.000	0	0.000	0	11.456	-3.000
pollentia_1	rural_settlement	settlement	6.000	8.800	13.000	0	0.000	0	12.778	-3.000
pollicum	rural_settlement	settlement	5.000	5.000	11.000	0	0.000	0	10.087	-3.000
polo	rural_settlement	settlement	2.000	1.600	5.000	0	0.000	0	5.319	-8.000
polondava	rural_settlement	settlement	9.000	11.000	10.000	0	0.000	0	13.622	-3.000
polonnaruwa	rural_settlement	settlement	2.000	1.800	20.000	0	0.000	0	6.754	-8.000
polybiane	rural_settlement	settlement	6.000	10.800	31.000	0	0.000	0	15.004	-3.000
polymedion	town	city	5.000	6.800	30.000	2	1.000	1	17.238	-1.000
polyrrenia	town	city	17.000	32.800	29.000	0	1.000	1	23.584	8.000
pomaria	rural_settlement	settlement	6.000	7.600	11.000	0	0.000	0	11.959	-3.000
pompegiaco	rural_settlement	settlement	5.000	5.000	11.000	0	0.000	0	10.087	-3.000
pompeii	rural_settlement	settlement	5.000	8.600	26.000	0	1.000	1	15.329	-3.000
pompelo	rural_settlement	settlement	7.000	7.600	9.000	0	0.000	0	11.819	-3.000
pons_aluti	rural_settlement	settlement	9.000	13.000	6.000	0	0.000	0	14.143	-3.000
pons_ariola	rural_settlement	settlement	5.000	5.000	9.000	0	0.000	0	9.947	-3.000
pons_rugio	rural_settlement	settlement	7.000	6.600	11.000	0	0.000	0	11.316	-3.000
pontes	rural_settlement	settlement	3.000	3.400	7.000	0	0.000	0	8.194	-3.000
pontiniacum	rural_settlement	settlement	5.000	5.000	9.000	0	0.000	0	9.947	-3.000
populi	rural_settlement	settlement	8.000	12.600	12.000	0	0.000	0	14.412	-3.000
populonia	city	city	14.000	21.000	33.000	0	2.000	1	22.361	5.000
porach	rural_settlement	settlement	2.000	1.600	0.000	0	0.000	0	4.969	-8.000
porolissum	rural_settlement	settlement	6.000	7.600	8.000	0	0.000	0	11.749	-3.000
porricum	rural_settlement	settlement	5.000	5.000	9.000	0	0.000	0	9.947	-3.000
pors	rural_settlement	settlement	2.000	1.600	5.000	0	0.000	0	5.319	-8.000
porsha	rural_settlement	settlement	6.000	9.000	28.000	0	0.000	0	13.933	-3.000
porsula	rural_settlement	settlement	6.000	10.200	24.000	0	0.000	0	14.243	-3.000
portippa	rural_settlement	settlement	8.000	11.200	29.000	0	0.000	0	15.037	-3.000
portospana	rural_settlement	settlement	9.000	12.600	28.000	0	0.000	0	15.532	-3.000
portus	rural_settlement	settlement	5.000	5.000	9.000	0	0.000	0	9.947	-3.000
portus_albucinus	rural_settlement	settlement	5.000	5.000	9.000	0	0.000	0	9.947	-3.000
portus_cibilis	rural_settlement	settlement	5.000	5.000	9.000	0	0.000	0	9.947	-3.000
portus_divinus	rural_settlement	settlement	4.000	4.400	26.000	0	1.000	1	12.337	-3.000
portus_itius	rural_settlement	settlement	4.000	4.200	9.000	0	0.000	0	9.203	-3.000
portus_liquentiae	rural_settlement	settlement	4.000	6.000	10.000	0	1.000	1	12.566	-3.000
portus_magnus	rural_settlement	settlement	3.000	6.600	26.000	0	1.000	1	14.114	-3.000
portus_magulus	rural_settlement	settlement	3.000	5.200	11.000	0	1.000	1	12.005	-3.000
portus_setantiorum	rural_settlement	settlement	3.000	3.400	8.000	0	1.000	1	10.012	-3.000
portus_sucronis	rural_settlement	settlement	6.000	7.600	26.000	0	1.000	1	14.757	-3.000
portus_veneris	town	city	12.000	17.400	15.000	0	1.000	1	19.442	2.000
posdala	rural_settlement	settlement	4.000	5.400	18.000	0	0.000	0	10.913	-3.000
poseidion	rural_settlement	settlement	11.000	18.400	24.000	0	1.000	1	18.847	-3.000
poshkar	rural_settlement	settlement	2.000	1.600	0.000	0	0.000	0	4.969	-8.000
posideion	rural_settlement	settlement	4.000	6.200	24.000	0	0.000	0	11.945	-3.000
potaissa	rural_settlement	settlement	8.000	11.200	8.000	0	0.000	0	13.567	-3.000
potana	rural_settlement	settlement	10.000	12.600	11.000	0	0.000	0	14.342	-3.000
poteidaia	town	city	32.000	60.200	31.000	0	0.000	0	25.064	10.000
potentia	rural_settlement	settlement	12.000	20.200	24.000	0	0.000	0	17.561	-3.000
potulatensia	rural_settlement	settlement	1.000	0.800	0.000	0	0.000	0	3.056	-8.000
potulatensiana	rural_settlement	settlement	1.000	0.800	0.000	0	0.000	0	3.056	-8.000
prabhasa	town	city	13.000	22.000	31.000	0	1.000	1	21.722	5.000
praemiacum	rural_settlement	settlement	6.000	6.000	9.000	0	0.000	0	10.749	-3.000
praesidium_0	town	city	9.000	16.600	25.000	0	1.000	1	19.911	3.000
praesidium_1	rural_settlement	settlement	2.000	1.600	10.000	0	0.000	0	5.669	-8.000
praesidium_illyricum	rural_settlement	settlement	3.000	5.200	11.000	0	0.000	0	10.258	-3.000
praesos	rural_settlement	settlement	12.000	18.400	24.000	0	0.000	0	17.099	-3.000
pragjyotishpura	rural_settlement	settlement	11.000	12.000	9.000	0	0.000	0	13.968	-3.000
pratapgarh	rural_settlement	settlement	9.000	9.600	26.000	0	0.000	0	14.096	-3.000
praterion	rural_settlement	settlement	5.000	5.000	11.000	0	0.000	0	10.087	-3.000
pravarapura	town	city	8.000	11.200	14.000	0	0.000	0	15.487	-3.000
prayaga	city	city	16.000	26.200	33.000	1	0.000	0	21.749	4.000
precariton	rural_settlement	settlement	1.000	0.800	28.000	0	0.000	0	5.016	-8.000
premis	rural_settlement	settlement	4.000	4.400	25.000	0	0.000	0	10.519	-3.000
presuina	rural_settlement	settlement	6.000	6.800	10.000	0	0.000	0	11.381	-3.000
priene	town	city	8.000	11.400	25.000	1	1.000	1	18.852	1.000
pripyat	rural_settlement	settlement	5.000	4.600	7.000	0	0.000	0	9.448	-3.000
prista	rural_settlement	settlement	7.000	10.000	8.000	0	0.000	0	13.029	-3.000
prostanna	rural_settlement	settlement	4.000	5.400	13.000	0	0.000	0	10.563	-3.000
prummu	rural_settlement	settlement	7.000	12.000	20.000	0	0.000	0	14.738	-3.000
prymnessos	rural_settlement	settlement	9.000	13.800	24.000	2	0.000	0	16.901	-3.000
psel	rural_settlement	settlement	5.000	4.200	7.000	0	0.000	0	9.063	-3.000
pselkis	town	city	9.000	14.800	30.000	0	0.000	0	17.952	-1.000
psenemphaia	rural_settlement	settlement	16.000	29.400	33.000	0	0.000	0	20.065	-3.000
pseneros	rural_settlement	settlement	1.000	0.800	28.000	0	0.000	0	5.016	-8.000
pseudostomos	rural_settlement	settlement	8.000	12.400	19.000	0	0.000	0	14.825	-3.000
pteria	town	city	6.000	10.200	25.000	0	0.000	0	15.813	-3.000
pteria_pontias	rural_settlement	settlement	4.000	4.600	9.000	0	0.000	0	9.588	-3.000
ptolemais	rural_settlement	settlement	6.000	11.800	18.000	0	1.000	1	16.265	-3.000
ptolemais_hermeiou	rural_settlement	settlement	4.000	8.000	31.000	0	0.000	0	13.596	-3.000
ptolemais_theron	rural_settlement	settlement	4.000	5.200	10.000	0	1.000	1	11.935	-3.000
pu	rural_settlement	settlement	1.000	0.800	7.000	0	0.000	0	3.546	-8.000
pulong	rural_settlement	settlement	6.000	7.800	8.000	0	0.000	0	11.869	-3.000
pumaring	rural_settlement	settlement	3.000	4.200	6.000	0	0.000	0	8.993	-3.000
pundra	city	city	11.000	13.400	33.000	0	0.000	0	17.680	-2.000
pupput	rural_settlement	settlement	9.000	12.600	28.000	0	0.000	0	15.532	-3.000
pura	town	city	11.000	14.600	29.000	1	0.000	0	18.578	1.000
puranadisthana	rural_settlement	settlement	14.000	17.000	8.000	0	0.000	0	15.590	-3.000
purdak	rural_settlement	settlement	2.000	1.600	5.000	0	0.000	0	5.319	-8.000
purgine	rural_settlement	settlement	2.000	1.600	5.000	0	0.000	0	5.319	-8.000
purnaya	rural_settlement	settlement	12.000	18.600	18.000	0	0.000	0	16.733	-3.000
purnia	rural_settlement	settlement	4.000	4.600	28.000	0	0.000	0	10.918	-3.000
purulia	rural_settlement	settlement	9.000	12.600	24.000	0	0.000	0	15.252	-3.000
purushapura	town	city	23.000	38.200	14.000	2	0.000	0	22.766	6.000
pushkalavati	town	city	23.000	33.000	12.000	2	0.000	0	21.886	5.000
pushkara	rural_settlement	settlement	3.000	6.000	23.000	0	0.000	0	11.729	-3.000
puskarna	rural_settlement	settlement	5.000	6.400	18.000	0	0.000	0	11.668	-3.000
putea	rural_settlement	settlement	6.000	5.200	8.000	0	0.000	0	10.048	-3.000
putea_pallene	rural_settlement	settlement	4.000	6.800	26.000	0	0.000	0	12.501	-3.000
puthia	rural_settlement	settlement	18.000	20.000	28.000	0	0.000	0	17.792	-3.000
pyctis	rural_settlement	settlement	6.000	8.800	28.000	0	0.000	0	13.828	-3.000
pydna	city	city	10.000	17.400	33.000	0	1.000	1	20.702	3.000
pylai_kelishinias	rural_settlement	settlement	3.000	5.200	17.000	0	0.000	0	10.678	-3.000
pylai_parthias	rural_settlement	settlement	2.000	1.600	1.000	0	0.000	0	5.039	-8.000
pylai_sousianes	rural_settlement	settlement	4.000	4.800	27.000	2	0.000	0	12.239	-3.000
pyrgi	town	city	14.000	23.400	26.000	0	2.000	1	22.409	6.000
pyrri	rural_settlement	settlement	7.000	9.200	8.000	0	0.000	0	12.636	-3.000
pyryatyn	rural_settlement	settlement	4.000	3.600	7.000	0	0.000	0	8.425	-3.000
pythopolis	rural_settlement	settlement	8.000	12.800	24.000	0	0.000	0	15.328	-3.000
qadarif	rural_settlement	settlement	10.000	8.600	12.000	0	0.000	0	12.601	-3.000
qadissiyya	rural_settlement	settlement	4.000	4.800	28.000	0	0.000	0	11.101	-3.000
qala	rural_settlement	settlement	2.000	1.600	0.000	0	0.000	0	4.969	-8.000
qalb_bair	rural_settlement	settlement	1.000	0.800	5.000	0	0.000	0	3.406	-8.000
qalbi	rural_settlement	settlement	3.000	2.400	10.000	0	0.000	0	7.064	-8.000
qalmaqqyrgan	rural_settlement	settlement	2.000	1.600	6.000	0	0.000	0	5.389	-8.000
qamra	rural_settlement	settlement	2.000	1.800	6.000	0	0.000	0	5.774	-8.000
qamysty	rural_settlement	settlement	3.000	2.400	6.000	0	0.000	0	6.784	-8.000
qana	rural_settlement	settlement	7.000	8.200	15.000	0	0.000	0	12.590	-3.000
qandala	town	city	10.000	14.200	17.000	0	1.000	1	18.588	1.000
qandar	rural_settlement	settlement	5.000	6.800	11.000	0	0.000	0	11.451	-3.000
qanga	rural_settlement	settlement	5.000	6.000	5.000	0	0.000	0	10.469	-3.000
qara_sheshen	rural_settlement	settlement	3.000	5.200	21.000	0	0.000	0	10.958	-3.000
qarakol	rural_settlement	settlement	1.000	0.800	5.000	0	0.000	0	3.406	-8.000
qaram	rural_settlement	settlement	3.000	2.400	3.000	0	0.000	0	6.574	-8.000
qarassas	rural_settlement	settlement	4.000	5.400	31.000	0	0.000	0	11.823	-3.000
qarinah	rural_settlement	settlement	1.000	0.800	10.000	0	0.000	0	3.756	-8.000
qarxis	rural_settlement	settlement	2.000	1.600	7.000	0	0.000	0	5.459	-8.000
qasawa	rural_settlement	settlement	1.000	0.800	5.000	0	0.000	0	3.406	-8.000
qatabia	rural_settlement	settlement	12.000	16.600	8.000	0	0.000	0	15.473	-3.000
qatnu	rural_settlement	settlement	2.000	3.600	28.000	0	0.000	0	9.895	-3.000
qatre	rural_settlement	settlement	5.000	6.800	29.000	2	0.000	0	13.920	-3.000
qatrun	rural_settlement	settlement	2.000	1.600	10.000	0	0.000	0	5.669	-8.000
qigi	rural_settlement	settlement	2.000	1.600	10.000	0	0.000	0	5.669	-8.000
qirah	rural_settlement	settlement	1.000	0.800	6.000	0	0.000	0	3.476	-8.000
qishan	rural_settlement	settlement	8.000	9.200	7.000	0	0.000	0	12.566	-3.000
qiz_chakhlu	rural_settlement	settlement	5.000	5.200	18.000	0	0.000	0	10.748	-3.000
qohaito	town	city	9.000	13.000	16.000	0	0.000	0	16.343	-2.000
qoide	rural_settlement	settlement	2.000	2.800	6.000	0	0.000	0	7.362	-8.000
qom	city	city	20.000	26.200	36.000	0	0.000	0	21.197	4.000
qoqay	rural_settlement	settlement	2.000	1.800	10.000	0	0.000	0	6.054	-8.000
qoridheere	rural_settlement	settlement	2.000	1.600	7.000	0	0.000	0	5.459	-8.000
qosbulaq	rural_settlement	settlement	3.000	2.400	6.000	0	0.000	0	6.784	-8.000
qoyqirilgan	town	city	7.000	10.800	17.000	0	0.000	0	15.524	-3.000
quadia	rural_settlement	settlement	4.000	5.800	3.000	0	0.000	0	10.178	-3.000
quadrata	rural_settlement	settlement	5.000	7.000	9.000	0	0.000	0	11.443	-3.000
quadriburgium	rural_settlement	settlement	8.000	11.200	9.000	0	0.000	0	13.637	-3.000
quei	rural_settlement	settlement	2.000	1.600	28.000	0	0.000	0	6.929	-8.000
quiza_xenitana	rural_settlement	settlement	5.000	6.800	11.000	0	0.000	0	11.451	-3.000
quqyq	rural_settlement	settlement	3.000	2.400	6.000	0	0.000	0	6.784	-8.000
quseima	rural_settlement	settlement	3.000	4.000	18.000	0	0.000	0	9.629	-3.000
quva	rural_settlement	settlement	8.000	13.400	18.000	0	0.000	0	15.130	-3.000
quwayrah	rural_settlement	settlement	1.000	0.800	5.000	0	0.000	0	3.406	-8.000
raas_xoor	rural_settlement	settlement	2.000	1.600	7.000	0	0.000	0	5.459	-8.000
rabak	rural_settlement	settlement	11.000	14.800	10.000	0	0.000	0	15.052	-3.000
rabbat_ammon	town	city	10.000	18.600	31.000	0	0.000	0	19.143	2.000
rabigh	rural_settlement	settlement	11.000	14.600	15.000	0	0.000	0	15.336	-3.000
rabten	rural_settlement	settlement	9.000	10.400	10.000	0	0.000	0	13.355	-3.000
rabun	rural_settlement	settlement	5.000	4.400	7.000	0	0.000	0	9.259	-3.000
rabzhi_senge_dzong	rural_settlement	settlement	2.000	2.000	6.000	0	0.000	0	6.133	-8.000
radcha	rural_settlement	settlement	4.000	3.800	7.000	0	0.000	0	8.647	-3.000
raebareli	rural_settlement	settlement	11.000	12.000	28.000	0	0.000	0	15.298	-3.000
raetia_occidentalis	rural_settlement	settlement	4.000	4.800	11.000	0	0.000	0	9.911	-3.000
raetia_orientalis	rural_settlement	settlement	5.000	4.200	11.000	0	0.000	0	9.343	-3.000
raetinium	rural_settlement	settlement	4.000	4.400	8.000	0	0.000	0	9.329	-3.000
ragas	rural_settlement	settlement	2.000	1.600	5.000	0	0.000	0	5.319	-8.000
ragau	rural_settlement	settlement	6.000	9.200	18.000	2	0.000	0	14.545	-3.000
ragnaricia	rural_settlement	settlement	3.000	2.400	3.000	0	0.000	0	6.574	-8.000
rahib	rural_settlement	settlement	1.000	0.800	5.000	0	0.000	0	3.406	-8.000
raichur	town	city	31.000	45.800	16.000	0	0.000	0	22.619	6.000
raida	rural_settlement	settlement	8.000	10.400	5.000	0	0.000	0	13.005	-3.000
raipur	rural_settlement	settlement	8.000	13.400	10.000	0	0.000	0	14.570	-3.000
raiwant	rural_settlement	settlement	2.000	1.600	5.000	0	0.000	0	5.319	-8.000
rajagagriha	town	city	26.000	42.200	29.000	0	0.000	0	23.112	7.000
rajagrha	rural_settlement	settlement	11.000	14.000	24.000	0	0.000	0	15.762	-3.000
rajasayana	rural_settlement	settlement	12.000	13.200	26.000	0	0.000	0	15.617	-3.000
rajgangpur	rural_settlement	settlement	5.000	7.200	15.000	0	0.000	0	11.991	-3.000
rajsamand	rural_settlement	settlement	10.000	10.600	26.000	0	0.000	0	14.565	-3.000
rajula	rural_settlement	settlement	13.000	18.200	11.000	0	0.000	0	16.136	-3.000
rajyapura	rural_settlement	settlement	12.000	18.000	24.000	0	0.000	0	16.991	-3.000
rakan	rural_settlement	settlement	5.000	4.400	0.000	0	0.000	0	8.769	-3.000
ramagiri	town	city	14.000	22.800	13.000	0	0.000	0	18.892	1.000
ramagrama	rural_settlement	settlement	6.000	7.800	8.000	0	0.000	0	11.869	-3.000
ramgarh	rural_settlement	settlement	7.000	8.600	24.000	0	0.000	0	13.441	-3.000
ramgati	rural_settlement	settlement	10.000	13.400	6.000	0	0.000	0	14.290	-3.000
ramidava	rural_settlement	settlement	4.000	3.200	8.000	0	0.000	0	8.022	-3.000
ramlia	rural_settlement	settlement	1.000	0.800	5.000	0	0.000	0	3.406	-8.000
rampurwa	rural_settlement	settlement	15.000	17.600	8.000	0	0.000	0	15.760	-3.000
rana	rural_settlement	settlement	5.000	5.400	27.000	0	0.000	0	11.543	-3.000
ranasthambapura	rural_settlement	settlement	11.000	15.000	24.000	0	0.000	0	16.097	-3.000
rane	rural_settlement	settlement	3.000	2.400	0.000	0	0.000	0	6.364	-8.000
rania	rural_settlement	settlement	3.000	2.400	3.000	0	0.000	0	6.574	-8.000
ranka	rural_settlement	settlement	2.000	1.600	5.000	0	0.000	0	5.319	-8.000
rapete	rural_settlement	settlement	3.000	4.200	2.000	0	0.000	0	8.713	-3.000
raphaneia	rural_settlement	settlement	4.000	6.200	24.000	0	0.000	0	11.945	-3.000
raphia	rural_settlement	settlement	5.000	8.400	31.000	2	0.000	0	15.030	-3.000
raphon	town	city	4.000	7.000	31.000	0	0.000	0	14.483	-5.000
rapidum	rural_settlement	settlement	2.000	1.800	8.000	0	0.000	0	5.914	-8.000
rapis	rural_settlement	settlement	6.000	6.800	11.000	0	0.000	0	11.451	-3.000
rappana	rural_settlement	settlement	4.000	5.200	5.000	0	0.000	0	9.838	-3.000
rapsakpur	rural_settlement	settlement	11.000	12.600	8.000	0	0.000	0	14.132	-3.000
rapur	rural_settlement	settlement	7.000	8.200	19.000	0	0.000	0	12.870	-3.000
raqeta	rural_settlement	settlement	5.000	5.200	12.000	0	1.000	1	12.075	-3.000
ras_andada	rural_settlement	settlement	1.000	0.800	7.000	0	0.000	0	3.546	-8.000
rast	rural_settlement	settlement	2.000	1.600	6.000	0	0.000	0	5.389	-8.000
ratae	rural_settlement	settlement	4.000	4.200	10.000	0	0.000	0	9.273	-3.000
ratiaria	rural_settlement	settlement	4.000	4.200	10.000	0	0.000	0	9.273	-3.000
ratiatum	rural_settlement	settlement	9.000	13.600	11.000	0	0.000	0	14.711	-3.000
ratikgot	rural_settlement	settlement	2.000	2.600	0.000	0	0.000	0	6.661	-8.000
rauda	rural_settlement	settlement	5.000	5.000	11.000	0	0.000	0	10.087	-3.000
raumariki	rural_settlement	settlement	3.000	4.000	3.000	0	0.000	0	8.579	-3.000
raunathou_kome	rural_settlement	settlement	5.000	5.800	17.000	0	1.000	1	12.906	-3.000
rauracia	rural_settlement	settlement	5.000	5.000	9.000	0	0.000	0	9.947	-3.000
rauranum	rural_settlement	settlement	7.000	6.600	9.000	0	0.000	0	11.176	-3.000
ravar	rural_settlement	settlement	8.000	12.000	29.000	0	0.000	0	15.368	-3.000
ravenna	town	city	9.000	12.200	16.000	0	1.000	1	17.785	-1.000
rayachoti	rural_settlement	settlement	12.000	18.600	19.000	0	0.000	0	16.803	-3.000
rayagada	town	city	20.000	34.600	23.000	0	0.000	0	21.686	5.000
rayyis	rural_settlement	settlement	3.000	2.600	12.000	0	0.000	0	7.501	-8.000
reama	rural_settlement	settlement	3.000	2.400	0.000	0	0.000	0	6.364	-8.000
recheb	rural_settlement	settlement	4.000	4.600	15.000	0	0.000	0	10.008	-3.000
rechitsa	rural_settlement	settlement	5.000	4.400	7.000	0	0.000	0	9.259	-3.000
recrassia	rural_settlement	settlement	3.000	2.400	1.000	0	0.000	0	6.434	-8.000
redintuinum	rural_settlement	settlement	4.000	3.400	0.000	0	0.000	0	7.704	-3.000
reganus	rural_settlement	settlement	3.000	2.600	0.000	0	0.000	0	6.661	-8.000
regiae	rural_settlement	settlement	3.000	4.400	11.000	0	0.000	0	9.539	-3.000
regina	rural_settlement	settlement	5.000	6.000	9.000	0	0.000	0	10.749	-3.000
reginca	rural_settlement	settlement	7.000	8.400	11.000	0	0.000	0	12.422	-3.000
regium_lepidum	rural_settlement	settlement	4.000	4.400	9.000	0	0.000	0	9.399	-3.000
regna	rural_settlement	settlement	8.000	9.800	8.000	0	0.000	0	12.934	-3.000
regnia_prima	rural_settlement	settlement	2.000	1.600	0.000	0	0.000	0	4.969	-8.000
regnia_secunda	rural_settlement	settlement	3.000	4.000	0.000	0	0.000	0	8.369	-3.000
reguiba	rural_settlement	settlement	1.000	0.800	5.000	0	0.000	0	3.406	-8.000
rekarne	rural_settlement	settlement	3.000	2.400	3.000	0	0.000	0	6.574	-8.000
relicta	rural_settlement	settlement	3.000	4.400	17.000	0	0.000	0	9.959	-3.000
relicta_asturia	rural_settlement	settlement	5.000	5.000	9.000	0	0.000	0	9.947	-3.000
remesiana	rural_settlement	settlement	7.000	11.000	8.000	0	0.000	0	13.482	-3.000
remia	rural_settlement	settlement	5.000	5.000	9.000	0	0.000	0	9.947	-3.000
resafa	rural_settlement	settlement	4.000	4.200	23.000	0	0.000	0	10.183	-3.000
resaina	rural_settlement	settlement	8.000	17.200	31.000	0	0.000	0	17.257	-3.000
resculum	rural_settlement	settlement	5.000	4.000	8.000	0	0.000	0	8.929	-3.000
ret	rural_settlement	settlement	2.000	1.600	7.000	0	0.000	0	5.459	-8.000
reudingia_maior	rural_settlement	settlement	2.000	1.600	5.000	0	0.000	0	5.319	-8.000
reudingia_minor	rural_settlement	settlement	3.000	3.600	5.000	0	0.000	0	8.285	-3.000
reunia	rural_settlement	settlement	5.000	7.000	8.000	0	0.000	0	11.373	-3.000
revacia	rural_settlement	settlement	1.000	0.800	0.000	0	0.000	0	3.056	-8.000
rhabaine	rural_settlement	settlement	4.000	6.000	23.000	0	0.000	0	11.729	-3.000
rhacatia	rural_settlement	settlement	3.000	2.400	0.000	0	0.000	0	6.364	-8.000
rhagai	city	city	23.000	35.800	36.000	2	0.000	0	23.977	7.000
rhaithou	rural_settlement	settlement	3.000	3.800	28.000	0	0.000	0	10.117	-3.000
rhamidava	rural_settlement	settlement	9.000	13.400	8.000	0	0.000	0	14.430	-3.000
rhammanitai	rural_settlement	settlement	2.000	1.600	15.000	0	0.000	0	6.019	-8.000
rhamna	rural_settlement	settlement	5.000	5.200	17.000	0	0.000	0	10.678	-3.000
rhamnous	rural_settlement	settlement	11.000	14.000	19.000	0	0.000	0	15.412	-3.000
rhandeia	rural_settlement	settlement	4.000	7.000	34.000	0	0.000	0	13.193	-3.000
rhapsa	rural_settlement	settlement	9.000	12.200	27.000	2	0.000	0	16.516	-3.000
rhapses	rural_settlement	settlement	8.000	11.200	29.000	0	0.000	0	15.037	-3.000
rhebas	rural_settlement	settlement	7.000	11.000	26.000	0	1.000	1	16.489	-3.000
rhegium	town	city	5.000	9.200	25.000	0	1.000	1	17.074	-1.000
rhithymna	rural_settlement	settlement	9.000	14.600	19.000	0	0.000	0	15.616	-3.000
rhizaion	rural_settlement	settlement	8.000	13.600	22.000	0	1.000	1	17.229	-3.000
rhizon	rural_settlement	settlement	2.000	2.800	8.000	0	0.000	0	7.502	-8.000
rhoda	town	city	14.000	25.000	31.000	0	1.000	1	22.360	6.000
rhodanousia	rural_settlement	settlement	8.000	10.200	11.000	0	0.000	0	13.333	-3.000
rhodope	rural_settlement	settlement	6.000	7.000	24.000	0	0.000	0	12.493	-3.000
rhodopolis	town	city	7.000	12.600	24.000	0	0.000	0	16.752	-2.000
rhodos	city	city	7.000	14.400	33.000	0	1.000	1	19.776	2.000
rhopikon	rural_settlement	settlement	7.000	11.600	0.000	0	0.000	0	13.175	-3.000
rhoubra	rural_settlement	settlement	7.000	12.600	26.000	0	0.000	0	15.392	-3.000
rhugium	rural_settlement	settlement	1.000	0.800	5.000	0	0.000	0	3.406	-8.000
rhuticlia_helveconia	rural_settlement	settlement	5.000	4.400	5.000	0	0.000	0	9.119	-3.000
ricavatta	rural_settlement	settlement	11.000	10.200	18.000	0	0.000	0	13.823	-3.000
ricciacum	rural_settlement	settlement	5.000	5.000	11.000	0	0.000	0	10.087	-3.000
ricomagus	rural_settlement	settlement	19.000	16.400	16.000	0	0.000	0	15.974	-3.000
rigodounon	rural_settlement	settlement	4.000	4.400	6.000	0	0.000	0	9.189	-3.000
rigomagus_0	rural_settlement	settlement	7.000	10.000	9.000	0	0.000	0	13.099	-3.000
rigomagus_1	rural_settlement	settlement	3.000	3.400	11.000	0	0.000	0	8.474	-3.000
rimoniana	rural_settlement	settlement	3.000	2.600	10.000	0	0.000	0	7.361	-8.000
rinokoloura	city	city	6.000	7.400	33.000	2	0.000	0	16.085	-3.000
riobe	rural_settlement	settlement	5.000	5.000	13.000	0	0.000	0	10.227	-3.000
riparum	rural_settlement	settlement	3.000	4.000	0.000	0	0.000	0	8.369	-3.000
risetia	rural_settlement	settlement	7.000	9.200	8.000	0	0.000	0	12.636	-3.000
riskephas	rural_settlement	settlement	5.000	8.400	31.000	0	0.000	0	13.822	-3.000
ritang	rural_settlement	settlement	2.000	2.600	6.000	0	0.000	0	7.081	-8.000
ritumagus	rural_settlement	settlement	5.000	5.000	11.000	0	0.000	0	10.087	-3.000
riusiava	rural_settlement	settlement	4.000	4.200	9.000	0	0.000	0	9.203	-3.000
rivash	rural_settlement	settlement	6.000	7.800	18.000	0	0.000	0	12.569	-3.000
rivilganj	rural_settlement	settlement	6.000	7.800	28.000	0	0.000	0	13.269	-3.000
riza	rural_settlement	settlement	3.000	3.400	6.000	0	0.000	0	8.124	-3.000
rjim_maatoug	rural_settlement	settlement	3.000	2.400	15.000	0	0.000	0	7.414	-8.000
rmel	rural_settlement	settlement	2.000	1.600	5.000	0	0.000	0	5.319	-8.000
roba	rural_settlement	settlement	3.000	2.400	5.000	0	0.000	0	6.714	-8.000
robogdia_occidentalis	rural_settlement	settlement	2.000	1.600	8.000	0	0.000	0	5.529	-8.000
robogdia_orientalis	rural_settlement	settlement	2.000	1.600	8.000	0	0.000	0	5.529	-8.000
robrica	rural_settlement	settlement	5.000	5.200	11.000	0	0.000	0	10.258	-3.000
roburum	rural_settlement	settlement	7.000	6.600	8.000	0	0.000	0	11.106	-3.000
rocat	rural_settlement	settlement	2.000	2.600	17.000	0	0.000	0	7.851	-3.000
rodumna	rural_settlement	settlement	5.000	5.200	11.000	0	0.000	0	10.258	-3.000
rogoy	rural_settlement	settlement	2.000	2.600	8.000	0	0.000	0	7.221	-8.000
roha	rural_settlement	settlement	8.000	14.600	21.000	0	0.000	0	15.756	-3.000
rohanada	rural_settlement	settlement	3.000	5.800	24.000	0	0.000	0	11.648	-3.000
rohtak	city	city	40.000	49.400	33.000	0	0.000	0	24.194	8.000
rohtas	rural_settlement	settlement	12.000	17.600	8.000	0	0.000	0	15.760	-3.000
rojhanwali	rural_settlement	settlement	4.000	6.000	20.000	0	0.000	0	11.519	-3.000
roma	city	city	19.000	32.400	44.000	2	0.000	0	24.033	8.000
romula	rural_settlement	settlement	2.000	2.800	8.000	0	0.000	0	7.502	-8.000
romula_saldensica	rural_settlement	settlement	5.000	6.000	8.000	0	0.000	0	10.679	-3.000
romuliana	rural_settlement	settlement	4.000	5.200	8.000	0	0.000	0	10.048	-3.000
ronglu	rural_settlement	settlement	8.000	9.000	14.000	0	0.000	0	12.953	-3.000
ronglung	rural_settlement	settlement	4.000	7.200	8.000	0	0.000	0	11.501	-3.000
roruka	town	city	38.000	42.000	31.000	0	1.000	1	24.976	9.000
ros	rural_settlement	settlement	4.000	3.800	7.000	0	0.000	0	8.647	-3.000
rostrum_nemaviae	rural_settlement	settlement	5.000	6.600	11.000	0	0.000	0	11.316	-3.000
rotila	rural_settlement	settlement	2.000	1.600	0.000	0	0.000	0	4.969	-8.000
rotomagus	rural_settlement	settlement	5.000	5.000	11.000	0	0.000	0	10.087	-3.000
rouphiniana	rural_settlement	settlement	6.000	6.000	11.000	0	0.000	0	10.889	-3.000
rourkela	rural_settlement	settlement	4.000	5.400	15.000	0	0.000	0	10.703	-3.000
rovenki	rural_settlement	settlement	2.000	1.600	0.000	0	0.000	0	4.969	-8.000
roza	rural_settlement	settlement	2.000	1.600	16.000	0	0.000	0	6.089	-8.000
rubiacum	rural_settlement	settlement	9.000	8.600	9.000	0	0.000	0	12.391	-3.000
rubium	rural_settlement	settlement	5.000	5.000	10.000	0	0.000	0	10.017	-3.000
rubonia	rural_settlement	settlement	1.000	0.800	3.000	0	0.000	0	3.266	-8.000
rubonia_occidentalis	rural_settlement	settlement	2.000	1.600	0.000	0	0.000	0	4.969	-8.000
rubra	rural_settlement	settlement	8.000	10.400	6.000	0	0.000	0	13.075	-3.000
rubricatum	rural_settlement	settlement	5.000	5.000	10.000	0	0.000	0	10.017	-3.000
rucuma	rural_settlement	settlement	6.000	12.400	24.000	0	0.000	0	15.175	-3.000
rucya	rural_settlement	settlement	4.000	5.400	18.000	0	0.000	0	10.913	-3.000
rudera	rural_settlement	settlement	10.000	14.400	24.000	0	0.000	0	15.899	-3.000
rufaya	rural_settlement	settlement	4.000	3.200	6.000	0	0.000	0	7.882	-3.000
rugia	rural_settlement	settlement	1.000	0.800	3.000	0	1.000	1	5.014	-8.000
rukmammapeta	rural_settlement	settlement	9.000	14.800	9.000	0	0.000	0	14.982	-3.000
rumailah	town	city	6.000	7.600	14.000	0	0.000	0	13.669	-6.000
rumaylah	rural_settlement	settlement	2.000	1.600	10.000	0	0.000	0	5.669	-8.000
rungo	rural_settlement	settlement	2.000	1.600	5.000	0	0.000	0	5.319	-8.000
rupar	rural_settlement	settlement	14.000	17.400	8.000	0	0.000	0	15.704	-3.000
rusaddir	town	city	4.000	5.800	29.000	0	1.000	1	15.246	-3.000
rusakhinili	rural_settlement	settlement	3.000	5.200	18.000	0	0.000	0	10.748	-3.000
rusazus	rural_settlement	settlement	3.000	2.600	24.000	0	0.000	0	8.341	-3.000
ruscino	rural_settlement	settlement	7.000	9.400	10.000	0	0.000	0	12.877	-3.000
rusellae	town	city	18.000	30.000	26.000	0	0.000	0	21.177	5.000
rusguniae	rural_settlement	settlement	4.000	4.400	26.000	0	0.000	0	10.589	-3.000
rusia	rural_settlement	settlement	7.000	8.000	26.000	0	0.000	0	13.246	-3.000
rusicade	town	city	16.000	29.000	31.000	0	1.000	1	23.104	7.000
rusidava	rural_settlement	settlement	5.000	7.000	6.000	0	0.000	0	11.233	-3.000
rusippisir	rural_settlement	settlement	4.000	4.800	24.000	0	0.000	0	10.821	-3.000
rusuccuru	town	city	15.000	17.600	29.000	0	1.000	1	20.478	3.000
ruta	rural_settlement	settlement	2.000	1.600	0.000	0	0.000	0	4.969	-8.000
ruti	rural_settlement	settlement	4.000	4.400	13.000	0	0.000	0	9.679	-3.000
ruticlia	rural_settlement	settlement	3.000	2.400	5.000	0	0.000	0	6.714	-8.000
rutok	rural_settlement	settlement	2.000	3.200	6.000	0	0.000	0	7.882	-3.000
rutubis	rural_settlement	settlement	2.000	3.200	18.000	0	1.000	1	10.470	-3.000
ruwaybah	rural_settlement	settlement	1.000	0.800	5.000	0	0.000	0	3.406	-8.000
ryasna	rural_settlement	settlement	1.000	0.800	0.000	0	0.000	0	3.056	-8.000
rybnitsa	rural_settlement	settlement	3.000	2.600	7.000	0	0.000	0	7.151	-8.000
rynek	rural_settlement	settlement	3.000	2.600	6.000	0	0.000	0	7.081	-8.000
saavakineh	rural_settlement	settlement	7.000	9.800	29.000	0	0.000	0	14.404	-3.000
sabalgarh	rural_settlement	settlement	6.000	7.800	24.000	0	0.000	0	12.989	-3.000
sabandan	rural_settlement	settlement	6.000	8.600	27.000	0	0.000	0	13.651	-3.000
sabaria	rural_settlement	settlement	4.000	3.200	9.000	0	0.000	0	8.092	-3.000
sabaste	rural_settlement	settlement	2.000	2.600	7.000	0	0.000	0	7.151	-8.000
sabata	town	city	26.000	43.800	20.000	0	0.000	0	22.671	6.000
sabatia	rural_settlement	settlement	5.000	4.000	7.000	0	0.000	0	8.859	-3.000
sabatika	rural_settlement	settlement	6.000	9.400	27.000	0	0.000	0	14.067	-3.000
sabatinca	rural_settlement	settlement	5.000	5.800	7.000	0	0.000	0	10.458	-3.000
sabbalo	rural_settlement	settlement	4.000	3.400	8.000	0	0.000	0	8.264	-3.000
sabetanum	rural_settlement	settlement	9.000	10.200	19.000	0	0.000	0	13.893	-3.000
sabha	rural_settlement	settlement	4.000	3.400	10.000	0	0.000	0	8.404	-3.000
sabiranum	rural_settlement	settlement	4.000	6.000	11.000	0	0.000	0	10.889	-3.000
sabiyah	rural_settlement	settlement	7.000	7.600	8.000	0	0.000	0	11.749	-3.000
sabkah	rural_settlement	settlement	3.000	3.400	20.000	0	0.000	0	9.104	-3.000
sabos	rural_settlement	settlement	3.000	3.600	18.000	0	0.000	0	9.195	-3.000
sabraiton	rural_settlement	settlement	3.000	2.600	7.000	0	0.000	0	7.151	-8.000
sabratha	rural_settlement	settlement	5.000	7.800	26.000	0	0.000	0	13.129	-3.000
sabzevaran	rural_settlement	settlement	4.000	4.400	29.000	0	0.000	0	10.799	-3.000
sacasteniana	rural_settlement	settlement	4.000	6.400	28.000	0	0.000	0	12.368	-3.000
sacidava	rural_settlement	settlement	5.000	6.600	8.000	0	0.000	0	11.106	-3.000
sadiya	rural_settlement	settlement	9.000	8.400	9.000	0	0.000	0	12.282	-3.000
safim	rural_settlement	settlement	3.000	5.000	24.000	0	1.000	1	12.745	-3.000
sagalassos	town	city	6.000	8.800	18.000	0	0.000	0	14.628	-4.000
sagapeni	rural_settlement	settlement	3.000	5.200	19.000	0	0.000	0	10.818	-3.000
sagarejo	rural_settlement	settlement	7.000	9.600	18.000	0	0.000	0	13.536	-3.000
sagiz	rural_settlement	settlement	3.000	2.400	6.000	0	0.000	0	6.784	-8.000
saguntum	town	city	11.000	14.600	20.000	0	1.000	1	18.933	1.000
sahabi	rural_settlement	settlement	5.000	5.200	10.000	0	0.000	0	10.188	-3.000
sahane	rural_settlement	settlement	1.000	0.800	5.000	0	0.000	0	3.406	-8.000
saharsa	city	city	28.000	45.400	33.000	0	0.000	0	23.764	7.000
sahlala	rural_settlement	settlement	6.000	7.600	24.000	0	0.000	0	12.869	-3.000
saicen	rural_settlement	settlement	2.000	1.600	5.000	0	0.000	0	5.319	-8.000
saioi	rural_settlement	settlement	4.000	5.800	5.000	0	0.000	0	10.318	-3.000
sais	city	city	34.000	53.800	38.000	0	1.000	1	26.727	12.000
sajahati	rural_settlement	settlement	10.000	14.600	8.000	1	0.000	0	15.608	-3.000
sakaka	rural_settlement	settlement	6.000	5.200	5.000	0	0.000	0	9.838	-3.000
sakala	town	city	19.000	29.600	28.000	2	0.000	0	22.458	6.000
sakoena	rural_settlement	settlement	6.000	7.800	20.000	2	0.000	0	13.917	-3.000
sakolche	rural_settlement	settlement	4.000	5.400	20.000	0	0.000	0	11.053	-3.000
sakorsa	rural_settlement	settlement	5.000	6.200	18.000	0	0.000	0	11.525	-3.000
saksaul	rural_settlement	settlement	3.000	2.400	6.000	0	0.000	0	6.784	-8.000
sala	rural_settlement	settlement	5.000	6.800	24.000	0	1.000	1	14.109	-3.000
salacia	rural_settlement	settlement	11.000	15.000	11.000	0	0.000	0	15.187	-3.000
salacia_aebocosia	rural_settlement	settlement	8.000	7.400	9.000	0	0.000	0	11.697	-3.000
salagishsha	rural_settlement	settlement	15.000	22.200	26.000	0	0.000	0	18.170	-3.000
salak	rural_settlement	settlement	7.000	11.000	18.000	0	0.000	0	14.182	-3.000
salamas	rural_settlement	settlement	3.000	2.600	20.000	0	0.000	0	8.061	-3.000
salambriai	rural_settlement	settlement	3.000	5.000	24.000	2	0.000	0	12.206	-3.000
salamis	rural_settlement	settlement	12.000	21.000	24.000	0	1.000	1	19.501	-3.000
salamis_kyprias	town	city	21.000	36.800	31.000	0	1.000	1	24.306	9.000
salaria	rural_settlement	settlement	5.000	5.000	13.000	0	0.000	0	10.227	-3.000
salariga	rural_settlement	settlement	3.000	2.800	8.000	0	0.000	0	7.502	-8.000
salarus	rural_settlement	settlement	3.000	3.600	29.000	0	0.000	0	9.965	-3.000
salassia	rural_settlement	settlement	9.000	12.600	7.000	0	0.000	0	14.062	-3.000
salata	rural_settlement	settlement	2.000	1.600	0.000	0	0.000	0	4.969	-8.000
salavy	rural_settlement	settlement	3.000	3.600	8.000	0	0.000	0	8.495	-3.000
salcia	rural_settlement	settlement	3.000	5.000	6.000	0	0.000	0	9.737	-3.000
saldae	rural_settlement	settlement	5.000	6.600	26.000	0	1.000	1	14.114	-3.000
saldia	rural_settlement	settlement	4.000	5.400	10.000	0	0.000	0	10.353	-3.000
salduba	rural_settlement	settlement	5.000	5.000	11.000	0	0.000	0	10.087	-3.000
saleia_salbakes	rural_settlement	settlement	5.000	7.000	24.000	0	0.000	0	12.493	-3.000
salem	rural_settlement	settlement	4.000	6.200	25.000	0	0.000	0	12.015	-3.000
salerna	rural_settlement	settlement	9.000	17.800	26.000	0	0.000	0	17.076	-3.000
saletio	rural_settlement	settlement	5.000	5.000	9.000	0	0.000	0	9.947	-3.000
salia	rural_settlement	settlement	4.000	6.400	8.000	0	0.000	0	10.968	-3.000
salia_chamavia	rural_settlement	settlement	2.000	3.200	0.000	0	0.000	0	7.462	-8.000
salia_chasuaria	rural_settlement	settlement	2.000	1.600	0.000	0	0.000	0	4.969	-8.000
saliah	rural_settlement	settlement	8.000	8.800	6.000	0	0.000	0	12.288	-3.000
salica	rural_settlement	settlement	5.000	5.200	13.000	0	0.000	0	10.398	-3.000
salihorsk	rural_settlement	settlement	3.000	2.600	7.000	0	0.000	0	7.151	-8.000
salika	rural_settlement	settlement	5.000	5.000	10.000	0	0.000	0	10.017	-3.000
salikhaprava	rural_settlement	settlement	3.000	3.600	24.000	0	0.000	0	9.615	-3.000
salin	rural_settlement	settlement	7.000	6.000	8.000	0	0.000	0	10.679	-3.000
salinae	rural_settlement	settlement	5.000	8.400	8.000	0	0.000	0	12.212	-3.000
salinae_chattuariorum	rural_settlement	settlement	2.000	1.600	0.000	0	0.000	0	4.969	-8.000
salinae_cornoviorum	rural_settlement	settlement	3.000	3.400	12.000	0	0.000	0	8.544	-3.000
salinae_porolissenses	rural_settlement	settlement	5.000	5.800	8.000	0	0.000	0	10.528	-3.000
salioclita	rural_settlement	settlement	5.000	5.000	11.000	0	0.000	0	10.087	-3.000
salionka	rural_settlement	settlement	4.000	4.200	11.000	0	0.000	0	9.343	-3.000
salipetake	rural_settlement	settlement	7.000	10.000	18.000	0	0.000	0	13.729	-3.000
salla	rural_settlement	settlement	4.000	5.400	8.000	0	0.000	0	10.213	-3.000
salmantica	rural_settlement	settlement	5.000	5.000	9.000	0	0.000	0	9.947	-3.000
salmydessos	rural_settlement	settlement	7.000	8.800	24.000	0	0.000	0	13.548	-3.000
salodurum	rural_settlement	settlement	6.000	6.200	9.000	0	0.000	0	10.895	-3.000
saloia	rural_settlement	settlement	3.000	2.400	5.000	0	0.000	0	6.714	-8.000
salon	rural_settlement	settlement	6.000	8.800	3.000	0	0.000	0	12.078	-3.000
salona	rural_settlement	settlement	4.000	6.000	8.000	0	0.000	0	10.679	-3.000
salos	rural_settlement	settlement	5.000	7.600	2.000	0	0.000	0	11.329	-3.000
salthua	rural_settlement	settlement	3.000	3.400	8.000	0	0.000	0	8.264	-3.000
saltigi	rural_settlement	settlement	6.000	5.800	10.000	0	0.000	0	10.668	-3.000
saltus_sorothensis	rural_settlement	settlement	3.000	3.600	21.000	0	0.000	0	9.405	-3.000
salumnis	rural_settlement	settlement	1.000	0.800	0.000	0	0.000	0	3.056	-8.000
salurnis	rural_settlement	settlement	10.000	12.600	9.000	0	0.000	0	14.202	-3.000
salus	rural_settlement	settlement	7.000	9.000	29.000	0	0.000	0	14.003	-3.000
salutara	rural_settlement	settlement	6.000	7.800	22.000	0	0.000	0	12.849	-3.000
salviacum	rural_settlement	settlement	11.000	14.200	11.000	0	0.000	0	14.921	-3.000
salvium	rural_settlement	settlement	6.000	7.000	8.000	0	0.000	0	11.373	-3.000
salweyn	rural_settlement	settlement	5.000	7.800	17.000	0	0.000	0	12.499	-3.000
salyan	rural_settlement	settlement	3.000	3.600	5.000	0	0.000	0	8.285	-3.000
samad	rural_settlement	settlement	12.000	14.200	14.000	0	0.000	0	15.131	-3.000
samangan	rural_settlement	settlement	3.000	5.200	29.000	0	0.000	0	11.518	-3.000
samapa	town	city	15.000	23.800	23.000	0	0.000	0	19.806	3.000
samarabriai	rural_settlement	settlement	11.000	10.200	26.000	0	0.000	0	14.383	-3.000
samarabriva	rural_settlement	settlement	8.000	9.000	23.000	0	0.000	0	13.583	-3.000
samaria	rural_settlement	settlement	6.000	10.400	25.000	0	0.000	0	14.405	-3.000
samarobriva	rural_settlement	settlement	5.000	5.200	11.000	0	0.000	0	10.258	-3.000
samarra	rural_settlement	settlement	8.000	12.800	31.000	2	0.000	0	17.027	-3.000
samas	rural_settlement	settlement	5.000	8.000	28.000	0	0.000	0	13.386	-3.000
samastipur	rural_settlement	settlement	5.000	6.400	28.000	0	0.000	0	12.368	-3.000
sambalhagrama	rural_settlement	settlement	8.000	14.400	26.000	0	0.000	0	16.039	-3.000
samharam	rural_settlement	settlement	10.000	13.000	9.000	0	1.000	1	16.101	-3.000
samlaji	rural_settlement	settlement	9.000	11.400	24.000	0	0.000	0	14.772	-3.000
samnu	rural_settlement	settlement	2.000	1.800	10.000	0	0.000	0	6.054	-8.000
samos	town	city	8.000	12.600	25.000	0	1.000	1	18.570	1.000
samosata	town	city	6.000	12.600	20.000	2	0.000	0	17.681	-1.000
samothrake	rural_settlement	settlement	4.000	6.000	24.000	0	0.000	0	11.799	-3.000
samra	rural_settlement	settlement	2.000	2.600	7.000	0	0.000	0	7.151	-8.000
samshvilde	rural_settlement	settlement	3.000	4.200	18.000	0	0.000	0	9.833	-3.000
samtarru	rural_settlement	settlement	2.000	1.600	8.000	0	0.000	0	5.529	-8.000
samti	town	city	6.000	10.200	28.000	0	0.000	0	16.023	-3.000
samukh	rural_settlement	settlement	4.000	3.400	18.000	0	0.000	0	8.964	-3.000
samum	rural_settlement	settlement	10.000	12.200	8.000	0	0.000	0	13.977	-3.000
samydae	rural_settlement	settlement	4.000	5.400	28.000	0	0.000	0	11.613	-3.000
samye	rural_settlement	settlement	6.000	9.000	6.000	0	0.000	0	12.393	-3.000
sana	rural_settlement	settlement	5.000	5.400	26.000	0	0.000	0	11.473	-3.000
sanaa	rural_settlement	settlement	10.000	12.800	5.000	0	0.000	0	13.998	-3.000
sanaos_0	rural_settlement	settlement	4.000	6.000	26.000	2	0.000	0	13.147	-3.000
sanaphar	city	city	14.000	28.200	33.000	0	1.000	1	23.103	6.000
sandava	rural_settlement	settlement	7.000	7.600	8.000	0	0.000	0	11.749	-3.000
sangama	rural_settlement	settlement	9.000	9.200	23.000	0	0.000	0	13.686	-3.000
sangar	rural_settlement	settlement	4.000	3.600	27.000	0	0.000	0	9.825	-3.000
sangast	rural_settlement	settlement	5.000	5.200	18.000	0	0.000	0	10.748	-3.000
sangibut	rural_settlement	settlement	5.000	5.400	20.000	0	0.000	0	11.053	-3.000
sangya	rural_settlement	settlement	4.000	5.400	8.000	0	0.000	0	10.213	-3.000
sanitium	rural_settlement	settlement	5.000	10.000	9.000	0	0.000	0	13.099	-3.000
sankaram	rural_settlement	settlement	6.000	7.800	20.000	0	0.000	0	12.709	-3.000
sankole	rural_settlement	settlement	3.000	5.600	17.000	0	0.000	0	11.003	-3.000
sannathi	rural_settlement	settlement	13.000	18.200	11.000	0	0.000	0	16.136	-3.000
santah	rural_settlement	settlement	2.000	1.600	8.000	0	0.000	0	5.529	-8.000
sanus	rural_settlement	settlement	1.000	0.800	28.000	0	0.000	0	5.016	-8.000
saone	rural_settlement	settlement	7.000	11.000	0.000	0	0.000	0	12.922	-3.000
sapak	rural_settlement	settlement	3.000	2.400	6.000	0	0.000	0	6.784	-8.000
sapargali	rural_settlement	settlement	3.000	2.400	6.000	0	0.000	0	6.784	-8.000
sapham	rural_settlement	settlement	8.000	14.000	18.000	0	0.000	0	15.342	-3.000
sapibulak	rural_settlement	settlement	6.000	7.800	7.000	0	0.000	0	11.799	-3.000
saraka	rural_settlement	settlement	7.000	10.800	8.000	0	0.000	0	13.394	-3.000
saralos	rural_settlement	settlement	4.000	5.400	18.000	2	0.000	0	12.121	-3.000
saran	rural_settlement	settlement	8.000	10.400	26.000	0	0.000	0	14.475	-3.000
sarangpur	rural_settlement	settlement	19.000	23.200	28.000	0	0.000	0	18.529	-3.000
sarapanis	rural_settlement	settlement	4.000	4.600	19.000	0	0.000	0	10.288	-3.000
sarapis	rural_settlement	settlement	4.000	3.400	7.000	0	1.000	1	9.942	-3.000
saraswata	rural_settlement	settlement	4.000	4.200	23.000	0	0.000	0	10.183	-3.000
sarcapos	rural_settlement	settlement	8.000	13.600	24.000	0	0.000	0	15.621	-3.000
sardalas	rural_settlement	settlement	2.000	1.600	5.000	0	0.000	0	5.319	-8.000
sarden	rural_settlement	settlement	5.000	4.200	0.000	0	0.000	0	8.573	-3.000
sardeoua	rural_settlement	settlement	5.000	7.000	31.000	2	0.000	0	14.192	-3.000
sardis	city	city	6.000	10.000	37.000	4	0.000	0	18.329	-1.000
sardonia	rural_settlement	settlement	1.000	0.800	5.000	0	0.000	0	3.406	-8.000
sarepta	rural_settlement	settlement	3.000	3.800	26.000	0	0.000	0	9.977	-3.000
saringiy	city	city	32.000	52.200	38.000	2	0.000	0	26.034	12.000
saripha	rural_settlement	settlement	8.000	11.000	29.000	0	0.000	0	14.952	-3.000
sariq	rural_settlement	settlement	7.000	9.000	2.000	0	0.000	0	12.113	-3.000
sarkoi	rural_settlement	settlement	5.000	4.400	17.000	0	0.000	0	9.959	-3.000
sarkotyle	rural_settlement	settlement	3.000	3.600	24.000	0	0.000	0	9.615	-3.000
sarmagana	rural_settlement	settlement	8.000	13.600	18.000	0	0.000	0	15.201	-3.000
sarmalios	rural_settlement	settlement	4.000	5.400	20.000	2	0.000	0	12.261	-3.000
sarmapolis	rural_settlement	settlement	5.000	6.800	9.000	0	0.000	0	11.311	-3.000
sarmizegetusa	rural_settlement	settlement	5.000	6.000	8.000	0	0.000	0	10.679	-3.000
sarnali	rural_settlement	settlement	6.000	7.600	11.000	0	0.000	0	11.959	-3.000
sarophages	rural_settlement	settlement	4.000	5.200	23.000	0	0.000	0	11.098	-3.000
sarouon	rural_settlement	settlement	3.000	2.400	7.000	0	0.000	0	6.854	-8.000
sarro	rural_settlement	settlement	1.000	0.800	0.000	0	0.000	0	3.056	-8.000
sarrum	rural_settlement	settlement	5.000	5.000	11.000	0	0.000	0	10.087	-3.000
sarsina	rural_settlement	settlement	6.000	9.200	24.000	0	0.000	0	13.756	-3.000
sartu	rural_settlement	settlement	1.000	0.800	0.000	0	0.000	0	3.056	-8.000
saruq	rural_settlement	settlement	3.000	3.600	7.000	0	0.000	0	8.425	-3.000
sarvamanapura	rural_settlement	settlement	19.000	22.800	28.000	2	0.000	0	19.651	-3.000
sarvia	rural_settlement	settlement	7.000	8.400	8.000	0	0.000	0	12.212	-3.000
sarviana	rural_settlement	settlement	7.000	8.600	10.000	0	0.000	0	12.461	-3.000
sary_su	rural_settlement	settlement	5.000	6.800	6.000	0	0.000	0	11.101	-3.000
sary_tepe	rural_settlement	settlement	4.000	6.000	18.000	0	0.000	0	11.379	-3.000
saryapan	rural_settlement	settlement	2.000	2.600	6.000	0	0.000	0	7.081	-8.000
sarymay	rural_settlement	settlement	2.000	1.600	5.000	0	0.000	0	5.319	-8.000
sasan	rural_settlement	settlement	3.000	2.600	6.000	0	0.000	0	7.081	-8.000
sasaram	rural_settlement	settlement	7.000	8.400	26.000	0	0.000	0	13.472	-3.000
sasima	rural_settlement	settlement	5.000	7.000	18.000	2	0.000	0	13.282	-3.000
sasyktau	rural_settlement	settlement	3.000	2.400	6.000	0	0.000	0	6.784	-8.000
satadru	rural_settlement	settlement	14.000	18.200	26.000	2	0.000	0	18.394	-3.000
satafis	rural_settlement	settlement	7.000	9.800	19.000	0	0.000	0	13.704	-3.000
satala	rural_settlement	settlement	3.000	3.600	16.000	0	0.000	0	9.055	-3.000
satalka	rural_settlement	settlement	7.000	11.800	29.000	0	0.000	0	15.287	-3.000
satella	rural_settlement	settlement	5.000	5.000	11.000	0	0.000	0	10.087	-3.000
sathis	rural_settlement	settlement	4.000	7.400	20.000	0	0.000	0	12.467	-3.000
saticula	rural_settlement	settlement	5.000	7.200	28.000	1	0.000	0	13.664	-3.000
satrunavha	rural_settlement	settlement	8.000	8.800	26.000	0	1.000	1	15.436	-3.000
sattalicia	rural_settlement	settlement	9.000	12.000	11.000	0	0.000	0	14.108	-3.000
satticha	rural_settlement	settlement	4.000	5.400	5.000	0	0.000	0	10.003	-3.000
satyapura	rural_settlement	settlement	8.000	7.400	23.000	0	0.000	0	12.677	-3.000
satyiyani	rural_settlement	settlement	10.000	15.400	9.000	0	0.000	0	15.176	-3.000
sau	rural_settlement	settlement	4.000	5.400	7.000	0	0.000	0	10.143	-3.000
sauriciacum	rural_settlement	settlement	4.000	4.200	9.000	0	0.000	0	9.203	-3.000
sauronisena	rural_settlement	settlement	4.000	4.400	9.000	0	0.000	0	9.399	-3.000
sausas	rural_settlement	settlement	2.000	1.600	5.000	0	0.000	0	5.319	-8.000
savan	rural_settlement	settlement	1.000	0.800	6.000	0	0.000	0	3.476	-8.000
savatthi	rural_settlement	settlement	10.000	15.200	24.000	0	0.000	0	16.162	-3.000
save	rural_settlement	settlement	3.000	4.400	8.000	0	0.000	0	9.329	-3.000
savia	rural_settlement	settlement	6.000	7.400	10.000	0	0.000	0	11.767	-3.000
savicum	rural_settlement	settlement	3.000	3.400	10.000	0	0.000	0	8.404	-3.000
saviniago	rural_settlement	settlement	6.000	7.400	11.000	0	0.000	0	11.837	-3.000
savo	rural_settlement	settlement	7.000	8.000	8.000	0	0.000	0	11.986	-3.000
savu	rural_settlement	settlement	2.000	1.600	6.000	0	0.000	0	5.389	-8.000
sawtayr	rural_settlement	settlement	1.000	0.800	5.000	0	0.000	0	3.406	-8.000
saxetanum	rural_settlement	settlement	4.000	4.400	24.000	0	0.000	0	10.449	-3.000
saxonnia	rural_settlement	settlement	3.000	5.200	1.000	0	0.000	0	9.558	-3.000
saye	rural_settlement	settlement	6.000	8.800	17.000	0	0.000	0	13.058	-3.000
saykhin	rural_settlement	settlement	3.000	2.600	7.000	0	0.000	0	7.151	-8.000
sayyidab	rural_settlement	settlement	4.000	3.400	10.000	0	0.000	0	8.404	-3.000
sazila	rural_settlement	settlement	4.000	4.600	18.000	0	0.000	0	10.218	-3.000
scallabis	rural_settlement	settlement	8.000	9.000	11.000	0	0.000	0	12.743	-3.000
scammos	rural_settlement	settlement	4.000	7.000	17.000	0	0.000	0	12.003	-3.000
scaptopara	rural_settlement	settlement	8.000	8.600	18.000	0	0.000	0	13.021	-3.000
scarbantia	rural_settlement	settlement	6.000	8.800	9.000	0	0.000	0	12.498	-3.000
scarponna	rural_settlement	settlement	5.000	5.000	11.000	0	0.000	0	10.087	-3.000
scedeua	rural_settlement	settlement	2.000	1.600	10.000	0	0.000	0	5.669	-8.000
scemech	rural_settlement	settlement	2.000	1.600	10.000	0	0.000	0	5.669	-8.000
schech	rural_settlement	settlement	1.000	0.800	0.000	0	0.000	0	3.056	-8.000
schelats	rural_settlement	settlement	1.000	0.800	0.000	0	0.000	0	3.056	-8.000
schelera	rural_settlement	settlement	5.000	5.400	0.000	0	0.000	0	9.653	-3.000
schiueref	rural_settlement	settlement	2.000	1.600	10.000	0	0.000	0	5.669	-8.000
scingomagus	rural_settlement	settlement	4.000	7.600	7.000	0	0.000	0	11.679	-3.000
sciria	rural_settlement	settlement	4.000	5.000	5.000	0	0.000	0	9.667	-3.000
sciria_rugia	rural_settlement	settlement	1.000	0.800	3.000	0	0.000	0	3.266	-8.000
scitis	rural_settlement	settlement	2.000	1.600	8.000	0	0.000	0	5.529	-8.000
scretisca	rural_settlement	settlement	5.000	5.400	8.000	0	0.000	0	10.213	-3.000
scupi	rural_settlement	settlement	3.000	5.200	12.000	0	0.000	0	10.328	-3.000
scyra	rural_settlement	settlement	6.000	7.000	0.000	0	0.000	0	10.813	-3.000
scythopolis	town	city	8.000	16.600	31.000	0	0.000	0	18.583	1.000
scytte	rural_settlement	settlement	2.000	1.600	0.000	0	0.000	0	4.969	-8.000
sdada	rural_settlement	settlement	6.000	5.200	10.000	0	0.000	0	10.188	-3.000
sebatum	rural_settlement	settlement	6.000	6.000	7.000	0	0.000	0	10.609	-3.000
sebelaci	rural_settlement	settlement	7.000	10.800	10.000	0	0.000	0	13.534	-3.000
sebendounon	rural_settlement	settlement	6.000	5.800	8.000	0	0.000	0	10.528	-3.000
sebennytos	city	city	40.000	59.400	38.000	0	1.000	1	27.233	13.000
sebseb	rural_settlement	settlement	2.000	1.600	5.000	0	0.000	0	5.319	-8.000
sebuinus_vicus	rural_settlement	settlement	7.000	10.200	9.000	0	0.000	0	13.193	-3.000
sechem	rural_settlement	settlement	1.000	0.800	0.000	0	0.000	0	3.056	-8.000
sechoria	rural_settlement	settlement	3.000	4.000	2.000	0	0.000	0	8.509	-3.000
sechtra	rural_settlement	settlement	4.000	3.200	0.000	0	0.000	0	7.462	-8.000
sedej	rural_settlement	settlement	2.000	1.600	5.000	0	0.000	0	5.319	-8.000
sedetania	rural_settlement	settlement	7.000	6.600	11.000	0	0.000	0	11.316	-3.000
sediska	rural_settlement	settlement	3.000	3.600	18.000	0	0.000	0	9.195	-3.000
sedrasyra	rural_settlement	settlement	5.000	4.000	28.000	0	0.000	0	10.329	-3.000
sedusia	rural_settlement	settlement	1.000	0.800	0.000	0	0.000	0	3.056	-8.000
seeni	rural_settlement	settlement	2.000	1.600	5.000	0	0.000	0	5.319	-8.000
seeto	rural_settlement	settlement	5.000	6.000	15.000	0	0.000	0	11.169	-3.000
sefiana	rural_settlement	settlement	3.000	3.400	11.000	0	0.000	0	8.474	-3.000
sefra	rural_settlement	settlement	2.000	1.600	3.000	0	0.000	0	5.179	-8.000
sefulae	rural_settlement	settlement	5.000	5.000	9.000	0	0.000	0	9.947	-3.000
segasa	rural_settlement	settlement	3.000	6.000	20.000	0	0.000	0	11.519	-3.000
segeda	town	city	9.000	12.800	14.000	0	0.000	0	16.128	-3.000
segeserra	rural_settlement	settlement	5.000	5.000	9.000	0	0.000	0	9.947	-3.000
segesta	rural_settlement	settlement	11.000	15.200	8.000	0	0.000	0	15.042	-3.000
segestica	rural_settlement	settlement	3.000	4.400	8.000	0	0.000	0	9.329	-3.000
segia	rural_settlement	settlement	7.000	6.600	11.000	0	0.000	0	11.316	-3.000
segida	rural_settlement	settlement	3.000	3.400	20.000	0	0.000	0	9.104	-3.000
segisa	rural_settlement	settlement	5.000	5.000	9.000	0	0.000	0	9.947	-3.000
segisama_iulia	rural_settlement	settlement	5.000	5.000	11.000	0	0.000	0	10.087	-3.000
segivomicus	rural_settlement	settlement	6.000	6.800	11.000	0	0.000	0	11.451	-3.000
segizsay	rural_settlement	settlement	3.000	2.400	6.000	0	0.000	0	6.784	-8.000
seglamen	town	city	15.000	24.000	22.000	0	0.000	0	19.778	3.000
segobodium	rural_settlement	settlement	7.000	6.600	9.000	0	0.000	0	11.176	-3.000
segobriga	rural_settlement	settlement	8.000	7.600	11.000	0	0.000	0	11.959	-3.000
segodunum	rural_settlement	settlement	8.000	8.600	9.000	0	0.000	0	12.391	-3.000
segodunum_chattuariorum	rural_settlement	settlement	3.000	2.400	0.000	0	0.000	0	6.364	-8.000
segontia	rural_settlement	settlement	7.000	8.400	11.000	0	0.000	0	12.422	-3.000
segontia_paramika	rural_settlement	settlement	5.000	5.000	9.000	0	0.000	0	9.947	-3.000
segora	rural_settlement	settlement	5.000	5.000	11.000	0	0.000	0	10.087	-3.000
segosa	rural_settlement	settlement	5.000	5.000	9.000	0	0.000	0	9.947	-3.000
segovia	rural_settlement	settlement	5.000	5.000	11.000	0	0.000	0	10.087	-3.000
seguntium	rural_settlement	settlement	4.000	4.200	8.000	0	0.000	0	9.133	-3.000
segusio	rural_settlement	settlement	5.000	7.800	9.000	0	0.000	0	11.939	-3.000
seguslavorum	rural_settlement	settlement	5.000	5.200	9.000	0	0.000	0	10.118	-3.000
segustero	rural_settlement	settlement	9.000	12.200	9.000	0	0.000	0	14.047	-3.000
seiga	rural_settlement	settlement	2.000	1.600	8.000	0	0.000	0	5.529	-8.000
seiousa	rural_settlement	settlement	6.000	9.600	20.000	0	0.000	0	13.676	-3.000
seiyun	rural_settlement	settlement	3.000	2.400	7.000	0	0.000	0	6.854	-8.000
sejm	rural_settlement	settlement	6.000	6.800	7.000	0	0.000	0	11.171	-3.000
sel	rural_settlement	settlement	5.000	5.400	7.000	0	0.000	0	10.143	-3.000
selampoura	rural_settlement	settlement	8.000	8.600	24.000	0	0.000	0	13.441	-3.000
selanpura	town	city	21.000	29.600	11.000	0	0.000	0	20.059	3.000
selb	rural_settlement	settlement	3.000	4.400	0.000	0	0.000	0	8.769	-3.000
selenis	rural_settlement	settlement	2.000	4.200	28.000	0	0.000	0	10.533	-3.000
seleucia_magna	city	city	28.000	53.000	52.000	2	0.000	0	27.091	13.000
selge	town	city	6.000	7.800	18.000	0	0.000	0	14.069	-6.000
selgovae	rural_settlement	settlement	3.000	2.400	10.000	0	0.000	0	7.064	-8.000
selinous_kilikias	rural_settlement	settlement	8.000	7.600	31.000	0	0.000	0	13.359	-3.000
selinus	town	city	15.000	25.400	29.000	0	0.000	0	20.551	4.000
sellium	rural_settlement	settlement	5.000	5.000	9.000	0	0.000	0	9.947	-3.000
selour	rural_settlement	settlement	9.000	10.000	18.000	0	0.000	0	13.729	-3.000
selymbria	rural_settlement	settlement	4.000	4.400	24.000	0	0.000	0	10.449	-3.000
selymnos	rural_settlement	settlement	1.000	0.800	18.000	0	0.000	0	4.316	-8.000
sembel	town	city	16.000	22.000	23.000	0	0.000	0	19.415	2.000
sembrakenoi	rural_settlement	settlement	11.000	13.600	23.000	0	0.000	0	15.551	-3.000
semina	rural_settlement	settlement	12.000	19.200	29.000	2	0.000	0	18.868	-3.000
semna	rural_settlement	settlement	7.000	7.200	29.000	0	0.000	0	12.971	-3.000
semna_nubia	rural_settlement	settlement	6.000	10.400	17.000	0	0.000	0	13.845	-3.000
semylla	rural_settlement	settlement	14.000	20.000	9.000	0	0.000	0	16.462	-3.000
sena_gallica	rural_settlement	settlement	5.000	6.800	11.000	0	0.000	0	11.451	-3.000
sena_iulia	rural_settlement	settlement	13.000	16.600	26.000	0	0.000	0	16.733	-3.000
senada	rural_settlement	settlement	2.000	1.600	8.000	0	0.000	0	5.529	-8.000
senia	rural_settlement	settlement	5.000	7.000	8.000	0	0.000	0	11.373	-3.000
sennar	rural_settlement	settlement	9.000	12.000	10.000	0	0.000	0	14.038	-3.000
seno	rural_settlement	settlement	1.000	0.800	0.000	0	0.000	0	3.056	-8.000
senonia	rural_settlement	settlement	6.000	5.800	9.000	0	0.000	0	10.598	-3.000
sensia	rural_settlement	settlement	6.000	7.400	10.000	0	0.000	0	11.767	-3.000
sensiana	rural_settlement	settlement	4.000	4.800	8.000	0	0.000	0	9.701	-3.000
sentia	rural_settlement	settlement	1.000	0.800	0.000	0	0.000	0	3.056	-8.000
sentice	rural_settlement	settlement	7.000	6.600	11.000	0	0.000	0	11.316	-3.000
sentinum	rural_settlement	settlement	12.000	19.000	24.000	0	0.000	0	17.258	-3.000
seoni	rural_settlement	settlement	1.000	0.800	8.000	0	0.000	0	3.616	-8.000
septempeda	rural_settlement	settlement	10.000	15.400	24.000	0	0.000	0	16.226	-3.000
septimanca	rural_settlement	settlement	5.000	5.000	11.000	0	0.000	0	10.087	-3.000
septimia	rural_settlement	settlement	13.000	21.200	24.000	0	0.000	0	17.800	-3.000
seqindel	rural_settlement	settlement	3.000	5.200	19.000	0	0.000	0	10.818	-3.000
serakhis	rural_settlement	settlement	6.000	8.000	18.000	1	0.000	0	13.448	-3.000
serapeion	town	city	13.000	27.200	23.000	0	1.000	1	22.222	5.000
serapieion	rural_settlement	settlement	10.000	13.200	28.000	0	0.000	0	15.757	-3.000
serdan	rural_settlement	settlement	11.000	16.600	26.000	0	0.000	0	16.733	-3.000
serdica	rural_settlement	settlement	13.000	19.200	9.000	0	0.000	0	16.260	-3.000
serena	rural_settlement	settlement	6.000	7.600	11.000	0	0.000	0	11.959	-3.000
seressi	rural_settlement	settlement	8.000	12.600	24.000	0	0.000	0	15.252	-3.000
seria	rural_settlement	settlement	4.000	4.200	9.000	0	0.000	0	9.203	-3.000
seriane	rural_settlement	settlement	4.000	4.200	23.000	0	0.000	0	10.183	-3.000
seringeti	rural_settlement	settlement	4.000	3.200	7.000	0	0.000	0	7.952	-3.000
serip_drukmo_dzong	rural_settlement	settlement	3.000	2.600	8.000	0	0.000	0	7.221	-8.000
seriphos	rural_settlement	settlement	4.000	6.200	19.000	0	0.000	0	11.595	-3.000
sermanicomago	rural_settlement	settlement	5.000	5.000	13.000	0	0.000	0	10.227	-3.000
sermigion	rural_settlement	settlement	12.000	19.000	22.000	0	0.000	0	17.118	-3.000
sermonae	rural_settlement	settlement	10.000	12.600	11.000	0	0.000	0	14.342	-3.000
sermousa	rural_settlement	settlement	5.000	6.800	9.000	0	0.000	0	11.311	-3.000
seroczyn	rural_settlement	settlement	1.000	0.800	0.000	0	0.000	0	3.056	-8.000
serota	rural_settlement	settlement	3.000	3.400	9.000	0	0.000	0	8.334	-3.000
serpentum	rural_settlement	settlement	5.000	5.000	11.000	0	0.000	0	10.087	-3.000
serra	rural_settlement	settlement	7.000	11.200	20.000	0	0.000	0	14.407	-3.000
sertei	rural_settlement	settlement	5.000	5.400	9.000	0	0.000	0	10.283	-3.000
servitium	rural_settlement	settlement	10.000	13.000	8.000	0	0.000	0	14.283	-3.000
sesamos	town	city	8.000	13.800	29.000	0	1.000	1	19.290	2.000
seserem	rural_settlement	settlement	4.000	5.800	20.000	0	0.000	0	11.368	-3.000
sestos	rural_settlement	settlement	5.000	8.800	28.000	0	0.000	0	13.828	-3.000
setabis	rural_settlement	settlement	9.000	10.000	8.000	0	0.000	0	13.029	-3.000
setelsis	rural_settlement	settlement	4.000	4.200	8.000	0	0.000	0	9.133	-3.000
setideva	rural_settlement	settlement	1.000	0.800	5.000	0	0.000	0	3.406	-8.000
setronon	rural_settlement	settlement	2.000	1.600	7.000	0	0.000	0	5.459	-8.000
settina	rural_settlement	settlement	2.000	1.800	11.000	0	0.000	0	6.124	-8.000
setuacatum	rural_settlement	settlement	5.000	6.200	5.000	0	0.000	0	10.615	-3.000
seurgium	rural_settlement	settlement	4.000	3.200	3.000	0	0.000	0	7.672	-3.000
seusamora	rural_settlement	settlement	5.000	8.000	20.000	0	0.000	0	12.826	-3.000
seussonia	rural_settlement	settlement	6.000	5.800	9.000	0	0.000	0	10.598	-3.000
seuthopolis	town	city	13.000	20.200	23.000	0	0.000	0	18.991	1.000
sevastum	rural_settlement	settlement	2.000	4.200	6.000	0	0.000	0	8.993	-3.000
sevavicina	rural_settlement	settlement	8.000	10.400	29.000	0	0.000	0	14.685	-3.000
severiacus	rural_settlement	settlement	5.000	5.200	11.000	0	0.000	0	10.258	-3.000
sextantio	rural_settlement	settlement	9.000	12.000	13.000	0	1.000	1	15.995	-3.000
sfissifa	rural_settlement	settlement	3.000	2.400	3.000	0	0.000	0	6.574	-8.000
shaapa	rural_settlement	settlement	8.000	10.600	21.000	0	0.000	0	14.215	-3.000
shabbabah	rural_settlement	settlement	3.000	2.600	7.000	0	0.000	0	7.151	-8.000
shabwa	town	city	20.000	33.400	18.000	0	0.000	0	21.158	5.000
shachel	rural_settlement	settlement	2.000	1.600	0.000	0	0.000	0	4.969	-8.000
shachi	rural_settlement	settlement	5.000	6.400	18.000	0	0.000	0	11.668	-3.000
shachkra	rural_settlement	settlement	6.000	10.000	5.000	0	0.000	0	12.819	-3.000
shadikanni	rural_settlement	settlement	4.000	4.600	28.000	0	0.000	0	10.918	-3.000
shagar	rural_settlement	settlement	3.000	2.400	6.000	0	0.000	0	6.784	-8.000
shahargah	rural_settlement	settlement	2.000	1.800	5.000	0	0.000	0	5.704	-8.000
shahi_island	rural_settlement	settlement	3.000	5.200	21.000	0	0.000	0	10.958	-3.000
shahr_jaxartha	rural_settlement	settlement	1.000	0.800	0.000	0	0.000	0	3.056	-8.000
shahraban	rural_settlement	settlement	2.000	2.800	31.000	0	0.000	0	9.112	-3.000
shahsenem	rural_settlement	settlement	5.000	5.400	2.000	0	0.000	0	9.793	-3.000
shaju	rural_settlement	settlement	10.000	11.400	17.000	0	0.000	0	14.282	-3.000
shaki	rural_settlement	settlement	4.000	4.200	3.000	0	0.000	0	8.783	-3.000
shakria	rural_settlement	settlement	4.000	4.600	17.000	0	0.000	0	10.148	-3.000
shakthara	rural_settlement	settlement	5.000	5.000	6.000	0	0.000	0	9.737	-3.000
shalak	rural_settlement	settlement	5.000	5.000	3.000	0	0.000	0	9.527	-3.000
shalat	rural_settlement	settlement	4.000	4.600	18.000	0	0.000	0	10.218	-3.000
shalcaw	rural_settlement	settlement	7.000	9.000	17.000	0	0.000	0	13.163	-3.000
shalkar	rural_settlement	settlement	3.000	2.400	6.000	0	0.000	0	6.784	-8.000
shamiram	rural_settlement	settlement	4.000	4.200	18.000	0	0.000	0	9.833	-3.000
shapur	rural_settlement	settlement	3.000	3.600	31.000	0	0.000	0	10.105	-3.000
sharai	rural_settlement	settlement	1.000	0.800	0.000	0	0.000	0	3.056	-8.000
shari	rural_settlement	settlement	2.000	1.600	6.000	0	0.000	0	5.389	-8.000
sharqiyah	rural_settlement	settlement	1.000	0.800	6.000	0	0.000	0	3.476	-8.000
sharraba	rural_settlement	settlement	1.000	0.800	10.000	0	0.000	0	3.756	-8.000
shashcha	rural_settlement	settlement	3.000	2.400	0.000	0	0.000	0	6.364	-8.000
shavgar	rural_settlement	settlement	7.000	8.600	0.000	0	0.000	0	11.761	-3.000
shawarshan	rural_settlement	settlement	5.000	5.200	18.000	0	0.000	0	10.748	-3.000
shawi	rural_settlement	settlement	1.000	0.800	10.000	0	0.000	0	3.756	-8.000
shayyit	rural_settlement	settlement	3.000	2.400	6.000	0	0.000	0	6.784	-8.000
shchor	rural_settlement	settlement	3.000	3.400	0.000	0	0.000	0	7.704	-3.000
shegaon	rural_settlement	settlement	10.000	17.600	9.000	0	0.000	0	15.830	-3.000
sheinat	rural_settlement	settlement	1.000	0.800	5.000	0	0.000	0	3.406	-8.000
shekhem	town	city	19.000	27.200	28.000	0	0.000	0	20.824	4.000
shelji	rural_settlement	settlement	5.000	7.000	16.000	0	0.000	0	11.933	-3.000
shemali	rural_settlement	settlement	4.000	4.600	31.000	0	0.000	0	11.128	-3.000
shenia	rural_settlement	settlement	4.000	6.000	2.000	0	0.000	0	10.259	-3.000
sheopur	rural_settlement	settlement	3.000	4.200	24.000	0	0.000	0	10.253	-3.000
sherbia	rural_settlement	settlement	1.000	0.800	10.000	0	0.000	0	3.756	-8.000
shethigk	rural_settlement	settlement	2.000	2.600	3.000	0	0.000	0	6.871	-8.000
shgaritat	rural_settlement	settlement	3.000	3.400	0.000	0	0.000	0	7.704	-3.000
shiech	rural_settlement	settlement	1.000	0.800	5.000	0	0.000	0	3.406	-8.000
shikh	rural_settlement	settlement	10.000	15.800	20.000	2	0.000	0	17.280	-3.000
shikharji	rural_settlement	settlement	7.000	11.600	27.000	0	0.000	0	15.065	-3.000
shilda	rural_settlement	settlement	5.000	5.400	16.000	0	0.000	0	10.773	-3.000
shiman	rural_settlement	settlement	7.000	11.400	17.000	0	0.000	0	14.282	-3.000
shingnak	rural_settlement	settlement	4.000	4.400	6.000	0	0.000	0	9.189	-3.000
shiragan	rural_settlement	settlement	5.000	6.800	28.000	0	0.000	0	12.641	-3.000
shirajish	rural_settlement	settlement	5.000	7.600	27.000	0	0.000	0	13.079	-3.000
shirakavan	rural_settlement	settlement	3.000	5.000	18.000	0	0.000	0	10.577	-3.000
shiram	town	city	20.000	27.000	24.000	0	0.000	0	20.507	4.000
shirayyet	rural_settlement	settlement	2.000	1.600	10.000	0	0.000	0	5.669	-8.000
shire	rural_settlement	settlement	4.000	6.600	18.000	0	0.000	0	11.806	-3.000
shirga	rural_settlement	settlement	6.000	8.000	27.000	2	0.000	0	14.524	-3.000
shivai	rural_settlement	settlement	11.000	17.400	32.000	0	0.000	0	17.384	-3.000
shivpuri	rural_settlement	settlement	6.000	9.400	24.000	0	0.000	0	13.857	-3.000
shiyan	rural_settlement	settlement	5.000	6.000	17.000	0	0.000	0	11.309	-3.000
shiz	rural_settlement	settlement	3.000	5.200	19.000	0	0.000	0	10.818	-3.000
shlou	rural_settlement	settlement	1.000	0.800	0.000	0	0.000	0	3.056	-8.000
shno	rural_settlement	settlement	3.000	5.200	17.000	0	0.000	0	10.678	-3.000
shoba	rural_settlement	settlement	3.000	2.400	6.000	0	0.000	0	6.784	-8.000
shokka	rural_settlement	settlement	2.000	1.600	5.000	0	0.000	0	5.319	-8.000
shomishtikol	rural_settlement	settlement	3.000	2.400	6.000	0	0.000	0	6.784	-8.000
shorbulaq	rural_settlement	settlement	6.000	7.400	21.000	0	0.000	0	12.537	-3.000
shortakli	rural_settlement	settlement	1.000	0.800	6.000	0	0.000	0	3.476	-8.000
shoshoba	rural_settlement	settlement	2.000	1.600	8.000	0	0.000	0	5.529	-8.000
shuchshek	rural_settlement	settlement	5.000	5.200	0.000	0	0.000	0	9.488	-3.000
shudrakai	rural_settlement	settlement	11.000	18.200	26.000	0	0.000	0	17.186	-3.000
shungay	rural_settlement	settlement	3.000	2.600	6.000	0	0.000	0	7.081	-8.000
shunne	rural_settlement	settlement	1.000	0.800	28.000	0	0.000	0	5.016	-8.000
shura	rural_settlement	settlement	3.000	2.400	16.000	0	0.000	0	7.484	-8.000
shuraka	rural_settlement	settlement	7.000	10.800	20.000	2	0.000	0	15.443	-3.000
shurita	rural_settlement	settlement	2.000	2.600	0.000	0	0.000	0	6.661	-8.000
shushan	city	city	19.000	31.800	36.000	2	0.000	0	23.379	7.000
shuwaymiyyah	rural_settlement	settlement	1.000	0.800	5.000	0	0.000	0	3.406	-8.000
shweli	rural_settlement	settlement	2.000	1.600	7.000	0	0.000	0	5.459	-8.000
shyri	rural_settlement	settlement	2.000	1.800	6.000	0	0.000	0	5.774	-8.000
siacus	rural_settlement	settlement	4.000	5.800	28.000	0	0.000	0	11.928	-3.000
siaprava	rural_settlement	settlement	9.000	14.600	9.000	0	0.000	0	14.916	-3.000
sibaris	rural_settlement	settlement	5.000	5.000	11.000	0	0.000	0	10.087	-3.000
siberai	rural_settlement	settlement	7.000	6.200	23.000	0	0.000	0	11.875	-3.000
sibipura	rural_settlement	settlement	12.000	18.000	26.000	0	0.000	0	17.131	-3.000
sibora	rural_settlement	settlement	3.000	3.600	18.000	0	0.000	0	9.195	-3.000
sicambria	rural_settlement	settlement	3.000	3.400	0.000	0	0.000	0	7.704	-3.000
sicca_veneria	rural_settlement	settlement	12.000	18.000	19.000	0	0.000	0	16.641	-3.000
siculo	rural_settlement	settlement	2.000	1.600	3.000	0	0.000	0	5.179	-8.000
sidaris	rural_settlement	settlement	4.000	4.200	0.000	0	0.000	0	8.573	-3.000
siddapura	rural_settlement	settlement	9.000	14.200	11.000	0	0.000	0	14.921	-3.000
siddhatek	rural_settlement	settlement	6.000	8.600	9.000	0	0.000	0	12.391	-3.000
side	town	city	5.000	9.200	31.000	1	1.000	1	18.257	0.000
side_pontike	rural_settlement	settlement	4.000	4.600	9.000	0	1.000	1	11.336	-3.000
sidenia	rural_settlement	settlement	3.000	2.400	5.000	0	0.000	0	6.714	-8.000
sidh	rural_settlement	settlement	4.000	4.200	5.000	0	0.000	0	8.923	-3.000
sidi_driss	rural_settlement	settlement	6.000	5.000	8.000	0	0.000	0	9.877	-3.000
sidices	rural_settlement	settlement	11.000	14.800	31.000	2	0.000	0	17.731	-3.000
sidoloucum	rural_settlement	settlement	5.000	5.000	9.000	0	0.000	0	9.947	-3.000
sidon	town	city	9.000	19.400	26.000	0	4.000	1	22.398	6.000
siga	town	city	4.000	5.800	14.000	0	1.000	1	14.196	-5.000
sigan	rural_settlement	settlement	4.000	7.000	18.000	0	0.000	0	12.073	-3.000
sigarra	rural_settlement	settlement	4.000	4.200	10.000	0	0.000	0	9.273	-3.000
sigon	rural_settlement	settlement	3.000	5.200	24.000	0	0.000	0	11.168	-3.000
sigria	rural_settlement	settlement	10.000	12.200	29.000	0	0.000	0	15.447	-3.000
sigriane	rural_settlement	settlement	6.000	9.600	31.000	0	0.000	0	14.446	-3.000
sigulonia_australis	rural_settlement	settlement	3.000	2.600	3.000	0	0.000	0	6.871	-8.000
sigulonia_borealis	rural_settlement	settlement	3.000	2.400	3.000	0	1.000	1	8.321	-3.000
sigus	rural_settlement	settlement	4.000	4.800	21.000	0	0.000	0	10.611	-3.000
sihora	rural_settlement	settlement	8.000	13.400	8.000	0	0.000	0	14.430	-3.000
sijilmasa	rural_settlement	settlement	9.000	7.800	3.000	0	0.000	0	11.519	-3.000
sikyon	town	city	9.000	18.600	31.000	0	0.000	0	19.143	2.000
silandos	rural_settlement	settlement	5.000	7.000	24.000	0	0.000	0	12.493	-3.000
sild	rural_settlement	settlement	7.000	9.400	5.000	0	0.000	0	12.527	-3.000
sile	rural_settlement	settlement	13.000	23.800	28.000	2	0.000	0	19.865	-3.000
silesva	rural_settlement	settlement	4.000	5.800	15.000	0	0.000	0	11.018	-3.000
silicenis	rural_settlement	settlement	5.000	6.000	9.000	0	0.000	0	10.749	-3.000
siliguri	rural_settlement	settlement	7.000	7.000	8.000	0	0.000	0	11.373	-3.000
silingia	rural_settlement	settlement	2.000	2.600	3.000	0	0.000	0	6.871	-8.000
silistra	rural_settlement	settlement	6.000	6.800	8.000	0	0.000	0	11.241	-3.000
sillyon	town	city	7.000	10.200	29.000	2	0.000	0	17.301	-1.000
siluvia	rural_settlement	settlement	4.000	6.000	11.000	0	0.000	0	10.889	-3.000
silvium	rural_settlement	settlement	8.000	12.800	13.000	0	0.000	0	14.558	-3.000
simalwara	rural_settlement	settlement	8.000	7.600	24.000	0	0.000	0	12.869	-3.000
simbel	rural_settlement	settlement	1.000	0.800	22.000	0	0.000	0	4.596	-8.000
simhalava	rural_settlement	settlement	4.000	6.800	19.000	0	0.000	0	12.011	-3.000
simitthus	rural_settlement	settlement	7.000	10.200	19.000	0	0.000	0	13.893	-3.000
simpsimidi	rural_settlement	settlement	7.000	7.400	29.000	0	0.000	0	13.097	-3.000
simsim	rural_settlement	settlement	3.000	2.400	10.000	0	0.000	0	7.064	-8.000
sina_meridionalis	rural_settlement	settlement	1.000	0.800	28.000	0	0.000	0	5.016	-8.000
sinad	rural_settlement	settlement	5.000	5.200	5.000	0	0.000	0	9.838	-3.000
sinara	rural_settlement	settlement	4.000	6.000	18.000	0	0.000	0	11.379	-3.000
sinawen	rural_settlement	settlement	4.000	3.200	10.000	0	0.000	0	8.162	-3.000
sindhu	rural_settlement	settlement	2.000	3.400	6.000	0	0.000	0	8.124	-3.000
sindhumana	city	city	49.000	65.400	33.000	0	0.000	0	25.628	11.000
singa_0	rural_settlement	settlement	5.000	7.800	20.000	0	0.000	0	12.709	-3.000
singa_1	rural_settlement	settlement	10.000	11.400	10.000	0	0.000	0	13.792	-3.000
singara	rural_settlement	settlement	8.000	12.000	29.000	0	0.000	0	15.368	-3.000
singda	rural_settlement	settlement	3.000	2.400	10.000	0	0.000	0	7.064	-8.000
singhapura	rural_settlement	settlement	11.000	15.400	26.000	0	0.000	0	16.366	-3.000
singhi	rural_settlement	settlement	4.000	3.400	23.000	0	0.000	0	9.314	-3.000
singidunum	rural_settlement	settlement	5.000	6.400	11.000	0	0.000	0	11.178	-3.000
sinispora	rural_settlement	settlement	5.000	5.400	16.000	0	0.000	0	10.773	-3.000
sinkat	rural_settlement	settlement	6.000	5.000	10.000	0	0.000	0	10.017	-3.000
sinomagus	rural_settlement	settlement	5.000	6.000	11.000	0	0.000	0	10.889	-3.000
sinope	town	city	9.000	17.200	26.000	0	1.000	1	20.155	3.000
sinoria	town	city	4.000	6.000	21.000	0	0.000	0	13.089	-7.000
siparantum	rural_settlement	settlement	3.000	5.200	8.000	0	0.000	0	10.048	-3.000
siphare	rural_settlement	settlement	3.000	4.400	18.000	0	0.000	0	10.029	-3.000
siphnos	rural_settlement	settlement	3.000	3.800	19.000	0	0.000	0	9.487	-3.000
siphrios	rural_settlement	settlement	4.000	4.600	31.000	2	0.000	0	12.337	-3.000
sipia	rural_settlement	settlement	5.000	5.000	9.000	0	0.000	0	9.947	-3.000
sipia_occidentalis	rural_settlement	settlement	4.000	4.200	9.000	0	0.000	0	9.203	-3.000
sippar	city	city	9.000	12.200	33.000	2	0.000	0	18.436	-1.000
siqdit	rural_settlement	settlement	5.000	5.400	29.000	0	0.000	0	11.683	-3.000
siraganon	rural_settlement	settlement	4.000	3.400	19.000	0	0.000	0	9.034	-3.000
sirake	rural_settlement	settlement	2.000	1.600	21.000	0	0.000	0	6.439	-8.000
sirdis	rural_settlement	settlement	1.000	0.800	0.000	0	0.000	0	3.056	-8.000
siris	rural_settlement	settlement	11.000	16.800	11.000	0	0.000	0	15.742	-3.000
sirmium	rural_settlement	settlement	6.000	6.800	9.000	0	0.000	0	11.311	-3.000
sirra	rural_settlement	settlement	10.000	11.800	26.000	0	0.000	0	15.077	-3.000
sirsa	rural_settlement	settlement	16.000	16.800	26.000	0	0.000	0	16.792	-3.000
sirwa	town	city	13.000	21.000	20.000	0	0.000	0	18.973	1.000
sirynx	rural_settlement	settlement	9.000	13.600	20.000	2	0.000	0	16.550	-3.000
sisakan_inferior	rural_settlement	settlement	3.000	3.600	18.000	0	0.000	0	9.195	-3.000
sisalikko	rural_settlement	settlement	2.000	1.600	5.000	0	0.000	0	5.319	-8.000
sisciacum	rural_settlement	settlement	5.000	5.000	9.000	0	0.000	0	9.947	-3.000
sisidona	rural_settlement	settlement	5.000	6.800	28.000	0	0.000	0	12.641	-3.000
siskary	rural_settlement	settlement	3.000	2.400	0.000	0	0.000	0	6.364	-8.000
sisupalgarh	town	city	7.000	10.800	25.000	0	0.000	0	16.084	-3.000
sita	rural_settlement	settlement	5.000	5.600	26.000	0	0.000	0	11.633	-3.000
sitai	rural_settlement	settlement	4.000	5.400	31.000	0	0.000	0	11.823	-3.000
sitapur	town	city	20.000	29.000	29.000	0	0.000	0	21.216	5.000
sitha	rural_settlement	settlement	1.000	0.800	0.000	0	0.000	0	3.056	-8.000
sitifis	rural_settlement	settlement	5.000	6.800	21.000	0	0.000	0	12.151	-3.000
sitilia	rural_settlement	settlement	5.000	5.000	14.000	0	0.000	0	10.297	-3.000
sitra	rural_settlement	settlement	4.000	5.200	28.000	0	0.000	0	11.448	-3.000
sitya	rural_settlement	settlement	5.000	4.400	0.000	0	0.000	0	8.769	-3.000
siva	rural_settlement	settlement	6.000	6.800	29.000	0	0.000	0	12.711	-3.000
skandis	rural_settlement	settlement	6.000	7.600	16.000	0	0.000	0	12.309	-3.000
skaphe	rural_settlement	settlement	4.000	4.800	33.000	0	0.000	0	11.451	-3.000
skardo	rural_settlement	settlement	2.000	1.600	6.000	0	0.000	0	5.389	-8.000
skardon	rural_settlement	settlement	3.000	4.400	10.000	0	0.000	0	9.469	-3.000
skarin	rural_settlement	settlement	3.000	5.000	1.000	0	0.000	0	9.387	-3.000
skatar	rural_settlement	settlement	6.000	5.200	2.000	0	0.000	0	9.628	-3.000
skepsis	rural_settlement	settlement	5.000	7.200	18.000	0	0.000	0	12.201	-3.000
skodra	rural_settlement	settlement	6.000	5.800	18.000	0	0.000	0	11.228	-3.000
skoura	rural_settlement	settlement	3.000	2.600	3.000	0	0.000	0	6.871	-8.000
skula	rural_settlement	settlement	2.000	2.600	5.000	0	0.000	0	7.011	-8.000
skurtisk	rural_settlement	settlement	2.000	1.600	0.000	0	0.000	0	4.969	-8.000
skyamina	rural_settlement	settlement	6.000	8.000	26.000	2	0.000	0	14.454	-3.000
skyros	rural_settlement	settlement	5.000	8.000	24.000	0	1.000	1	14.853	-3.000
slimane	rural_settlement	settlement	2.000	1.600	3.000	0	0.000	0	5.179	-8.000
slot	rural_settlement	settlement	4.000	3.400	7.000	0	0.000	0	8.194	-3.000
sluch	rural_settlement	settlement	4.000	3.600	7.000	0	0.000	0	8.425	-3.000
slutsk	rural_settlement	settlement	1.000	0.800	0.000	0	0.000	0	3.056	-8.000
smarhon	rural_settlement	settlement	1.000	0.800	0.000	0	0.000	0	3.056	-8.000
smyrna	town	city	9.000	14.000	29.000	3	1.000	1	20.884	4.000
smyrnophoros_chora	rural_settlement	settlement	7.000	11.800	18.000	0	0.000	0	14.517	-3.000
snezhet	rural_settlement	settlement	4.000	3.400	7.000	0	0.000	0	8.194	-3.000
sniardwy	rural_settlement	settlement	1.000	0.800	0.000	0	0.000	0	3.056	-8.000
snov	rural_settlement	settlement	2.000	1.600	7.000	0	0.000	0	5.459	-8.000
soaka	rural_settlement	settlement	3.000	3.400	18.000	0	0.000	0	8.964	-3.000
soanda	rural_settlement	settlement	6.000	7.800	20.000	2	0.000	0	13.917	-3.000
soandos	rural_settlement	settlement	4.000	6.800	16.000	3	0.000	0	13.326	-3.000
soatra	rural_settlement	settlement	4.000	5.400	26.000	2	0.000	0	12.681	-3.000
soba	rural_settlement	settlement	4.000	5.400	25.000	0	0.000	0	11.403	-3.000
sobata	rural_settlement	settlement	4.000	4.600	20.000	0	0.000	0	10.358	-3.000
socna	rural_settlement	settlement	4.000	3.400	10.000	0	0.000	0	8.404	-3.000
sodal	rural_settlement	settlement	18.000	23.800	36.000	0	0.000	0	19.216	-3.000
sodari	rural_settlement	settlement	4.000	3.200	8.000	0	0.000	0	8.022	-3.000
soe	rural_settlement	settlement	5.000	4.400	0.000	0	0.000	0	8.769	-3.000
sofyan	rural_settlement	settlement	4.000	3.200	7.000	0	0.000	0	7.952	-3.000
sokkul	rural_settlement	settlement	6.000	7.200	8.000	0	0.000	0	11.501	-3.000
soleb	rural_settlement	settlement	4.000	5.200	20.000	0	0.000	0	10.888	-3.000
solia	rural_settlement	settlement	7.000	8.400	11.000	0	0.000	0	12.422	-3.000
solicia	rural_settlement	settlement	6.000	7.400	9.000	0	0.000	0	11.697	-3.000
solicia_carpetania	rural_settlement	settlement	5.000	5.000	11.000	0	0.000	0	10.087	-3.000
solitarium	rural_settlement	settlement	2.000	1.600	0.000	0	0.000	0	4.969	-8.000
soloi_0	rural_settlement	settlement	5.000	8.600	24.000	0	0.000	0	13.441	-3.000
soloi_1	town	city	10.000	12.000	24.000	0	1.000	1	18.265	0.000
soloke	rural_settlement	settlement	8.000	9.000	31.000	2	0.000	0	15.352	-3.000
solorbes	rural_settlement	settlement	5.000	5.000	11.000	0	0.000	0	10.087	-3.000
soluntum	town	city	9.000	16.600	29.000	0	0.000	0	18.443	0.000
solyots	rural_settlement	settlement	2.000	1.600	0.000	0	0.000	0	4.969	-8.000
soma	rural_settlement	settlement	1.000	0.800	6.000	0	0.000	0	3.476	-8.000
sonista	rural_settlement	settlement	6.000	6.000	11.000	0	0.000	0	10.889	-3.000
sonitapur	rural_settlement	settlement	9.000	11.200	9.000	0	0.000	0	13.637	-3.000
sonnolagi	rural_settlement	settlement	10.000	17.200	11.000	0	0.000	0	15.857	-3.000
sonprastha	rural_settlement	settlement	16.000	20.800	28.000	0	0.000	0	17.986	-3.000
soodak	rural_settlement	settlement	6.000	10.000	5.000	0	0.000	0	12.819	-3.000
sopattinam	town	city	33.000	53.000	24.000	0	0.000	0	23.923	8.000
sopha	rural_settlement	settlement	1.000	0.800	0.000	0	0.000	0	3.056	-8.000
sophine	rural_settlement	settlement	2.000	2.800	0.000	0	0.000	0	6.942	-8.000
sopianae	rural_settlement	settlement	7.000	8.800	11.000	0	0.000	0	12.638	-3.000
soreyya	rural_settlement	settlement	8.000	13.200	28.000	2	0.000	0	16.965	-3.000
sornus	rural_settlement	settlement	7.000	7.800	12.000	0	0.000	0	12.149	-3.000
sorviodunum	rural_settlement	settlement	6.000	6.200	13.000	0	0.000	0	11.175	-3.000
sorviodurum	rural_settlement	settlement	4.000	4.200	11.000	0	0.000	0	9.343	-3.000
soso	rural_settlement	settlement	3.000	3.400	6.000	0	0.000	0	8.124	-3.000
sostra	rural_settlement	settlement	7.000	9.400	8.000	0	0.000	0	12.737	-3.000
sostrate	rural_settlement	settlement	7.000	11.400	31.000	0	0.000	0	15.262	-3.000
soteira	rural_settlement	settlement	6.000	10.400	29.000	0	0.000	0	14.685	-3.000
sotthavati	rural_settlement	settlement	6.000	7.000	24.000	0	0.000	0	12.493	-3.000
sottika	rural_settlement	settlement	1.000	0.800	0.000	0	0.000	0	3.056	-8.000
souannagoura	rural_settlement	settlement	5.000	7.000	26.000	0	0.000	0	12.633	-3.000
soura	town	city	6.000	5.800	28.000	2	0.000	0	14.636	-4.000
southeast_arran	rural_settlement	settlement	2.000	1.800	5.000	0	0.000	0	5.704	-8.000
southwest_arran	rural_settlement	settlement	2.000	1.600	3.000	0	0.000	0	5.179	-8.000
soxetra	rural_settlement	settlement	4.000	5.400	17.000	0	0.000	0	10.843	-3.000
spadonium	rural_settlement	settlement	4.000	4.200	9.000	0	0.000	0	9.203	-3.000
spandaran	rural_settlement	settlement	5.000	5.200	19.000	0	0.000	0	10.818	-3.000
spaneta	rural_settlement	settlement	3.000	2.600	11.000	0	0.000	0	7.431	-8.000
sparata	rural_settlement	settlement	6.000	9.000	18.000	0	0.000	0	13.233	-3.000
sparga	rural_settlement	settlement	5.000	7.800	5.000	0	0.000	0	11.659	-3.000
sparta	city	city	25.000	48.800	37.000	0	0.000	0	24.412	8.000
sper	rural_settlement	settlement	5.000	7.800	18.000	0	0.000	0	12.569	-3.000
spina	rural_settlement	settlement	6.000	7.600	7.000	0	1.000	1	13.427	-3.000
spinopara	rural_settlement	settlement	3.000	2.400	13.000	0	0.000	0	7.274	-8.000
splonum	rural_settlement	settlement	3.000	3.400	6.000	0	0.000	0	8.124	-3.000
sravasti	rural_settlement	settlement	8.000	12.800	24.000	0	0.000	0	15.328	-3.000
sri_ksetra	rural_settlement	settlement	9.000	11.600	11.000	0	0.000	0	13.945	-3.000
srihatta	town	city	10.000	14.600	13.000	0	0.000	0	16.696	-2.000
srimalla	rural_settlement	settlement	14.000	19.200	24.000	0	0.000	0	17.310	-3.000
sringivera	rural_settlement	settlement	15.000	17.000	28.000	0	0.000	0	16.990	-3.000
sriparvata	rural_settlement	settlement	12.000	14.200	9.000	0	0.000	0	14.781	-3.000
sripatha	town	city	42.000	63.800	29.000	0	0.000	0	25.221	10.000
sripratava	rural_settlement	settlement	9.000	12.000	11.000	0	0.000	0	14.108	-3.000
sripur	rural_settlement	settlement	9.000	9.600	8.000	0	0.000	0	12.836	-3.000
sripura	rural_settlement	settlement	9.000	13.400	10.000	0	0.000	0	14.570	-3.000
sriringapatna	rural_settlement	settlement	12.000	18.800	8.000	0	0.000	0	16.086	-3.000
srisailam	rural_settlement	settlement	12.000	17.200	9.000	0	0.000	0	15.717	-3.000
srnguri	rural_settlement	settlement	5.000	8.400	9.000	0	0.000	0	12.282	-3.000
stabaei	rural_settlement	settlement	4.000	5.000	28.000	0	0.000	0	11.277	-3.000
stana	rural_settlement	settlement	2.000	1.800	5.000	0	0.000	0	5.704	-8.000
stanacum	rural_settlement	settlement	5.000	6.200	11.000	0	0.000	0	11.035	-3.000
stanecli	rural_settlement	settlement	3.000	3.400	8.000	0	0.000	0	8.264	-3.000
starorzecze	rural_settlement	settlement	1.000	0.800	0.000	0	0.000	0	3.056	-8.000
stat	rural_settlement	settlement	1.000	0.800	0.000	0	0.000	0	3.056	-8.000
statio_maiensis	rural_settlement	settlement	6.000	8.600	7.000	0	0.000	0	12.251	-3.000
staturnae	rural_settlement	settlement	9.000	12.600	9.000	0	0.000	0	14.202	-3.000
stephane	rural_settlement	settlement	4.000	6.000	18.000	0	0.000	0	11.379	-3.000
stepna	rural_settlement	settlement	4.000	3.400	8.000	0	0.000	0	8.264	-3.000
stetta	rural_settlement	settlement	1.000	0.800	0.000	0	0.000	0	3.056	-8.000
sthanishvara	city	city	46.000	71.800	35.000	2	0.000	0	27.455	14.000
sthura	rural_settlement	settlement	4.000	6.400	2.000	0	0.000	0	10.548	-3.000
still	rural_settlement	settlement	1.000	0.800	5.000	0	0.000	0	3.406	-8.000
stobi	town	city	8.000	14.600	23.000	0	0.000	0	17.396	-1.000
stomatas	rural_settlement	settlement	5.000	5.000	9.000	0	0.000	0	9.947	-3.000
storgosia	rural_settlement	settlement	4.000	5.200	8.000	0	0.000	0	10.048	-3.000
stragona	rural_settlement	settlement	1.000	0.800	0.000	0	0.000	0	3.056	-8.000
stragona_buria	rural_settlement	settlement	2.000	1.600	0.000	0	0.000	0	4.969	-8.000
stratonikeia	rural_settlement	settlement	6.000	9.400	24.000	0	0.000	0	13.857	-3.000
stratonos_pyrgos	rural_settlement	settlement	3.000	4.400	26.000	2	0.000	0	11.798	-3.000
stratos	town	city	12.000	22.200	31.000	0	0.000	0	20.020	3.000
stravianis	rural_settlement	settlement	6.000	7.200	9.000	0	0.000	0	11.571	-3.000
strevinta	rural_settlement	settlement	4.000	4.800	0.000	0	0.000	0	9.141	-3.000
strobilos	rural_settlement	settlement	6.000	9.600	24.000	2	0.000	0	15.165	-3.000
stuberra	rural_settlement	settlement	10.000	14.800	24.000	0	0.000	0	16.032	-3.000
sturi	rural_settlement	settlement	2.000	1.600	6.000	0	0.000	0	5.389	-8.000
stylacium	rural_settlement	settlement	10.000	13.400	9.000	0	0.000	0	14.500	-3.000
stymphalos	rural_settlement	settlement	8.000	14.800	22.000	0	0.000	0	15.892	-3.000
styr	rural_settlement	settlement	4.000	3.600	7.000	0	0.000	0	8.425	-3.000
styra	rural_settlement	settlement	4.000	7.000	24.000	0	0.000	0	12.493	-3.000
suardonia	rural_settlement	settlement	5.000	6.600	5.000	0	0.000	0	10.896	-3.000
subaykhah	rural_settlement	settlement	1.000	0.800	5.000	0	0.000	0	3.406	-8.000
sublavione	rural_settlement	settlement	10.000	14.000	7.000	0	0.000	0	14.572	-3.000
subur	rural_settlement	settlement	5.000	5.000	10.000	0	0.000	0	10.017	-3.000
subututtu	rural_settlement	settlement	3.000	2.600	10.000	0	0.000	0	7.361	-8.000
subzuaritanum	rural_settlement	settlement	3.000	4.000	21.000	0	0.000	0	9.839	-3.000
sucia	rural_settlement	settlement	8.000	10.400	19.000	0	0.000	0	13.985	-3.000
sucro	rural_settlement	settlement	6.000	5.800	10.000	0	0.000	0	10.668	-3.000
sudetia	rural_settlement	settlement	2.000	1.800	0.000	0	0.000	0	5.354	-8.000
sudetiana	rural_settlement	settlement	4.000	5.200	0.000	0	0.000	0	9.488	-3.000
sudetica_planus	rural_settlement	settlement	4.000	4.200	0.000	0	0.000	0	8.573	-3.000
sudinoia	rural_settlement	settlement	3.000	2.400	3.000	0	0.000	0	6.574	-8.000
sudinoia_borealis	rural_settlement	settlement	2.000	1.600	3.000	0	0.000	0	5.179	-8.000
sudionoia_australis	rural_settlement	settlement	2.000	1.600	0.000	0	0.000	0	4.969	-8.000
sudionoia_orientalis	rural_settlement	settlement	3.000	2.600	0.000	0	0.000	0	6.661	-8.000
sudist	rural_settlement	settlement	4.000	3.200	7.000	0	0.000	0	7.952	-3.000
suel	rural_settlement	settlement	5.000	5.400	17.000	0	0.000	0	10.843	-3.000
suevia_maior	rural_settlement	settlement	1.000	0.800	0.000	0	0.000	0	3.056	-8.000
suevia_minor	rural_settlement	settlement	4.000	4.400	0.000	0	0.000	0	8.769	-3.000
sufar	rural_settlement	settlement	2.000	1.600	7.000	0	0.000	0	5.459	-8.000
sufasar	rural_settlement	settlement	2.000	1.600	8.000	0	0.000	0	5.529	-8.000
sufes	rural_settlement	settlement	4.000	6.200	19.000	0	0.000	0	11.595	-3.000
sufetula	rural_settlement	settlement	7.000	10.000	19.000	0	0.000	0	13.799	-3.000
sugauna	rural_settlement	settlement	5.000	4.600	8.000	0	0.000	0	9.518	-3.000
suhma	rural_settlement	settlement	7.000	9.600	10.000	0	0.000	0	12.976	-3.000
sukah	rural_settlement	settlement	18.000	28.000	38.000	0	0.000	0	20.170	-3.000
sukhonosivka	rural_settlement	settlement	6.000	5.000	12.000	0	0.000	0	10.157	-3.000
sukkari	rural_settlement	settlement	3.000	2.800	29.000	0	0.000	0	8.972	-3.000
suktimati	rural_settlement	settlement	7.000	8.600	24.000	0	0.000	0	13.441	-3.000
suktivati	rural_settlement	settlement	8.000	8.200	24.000	0	0.000	0	13.220	-3.000
sula	rural_settlement	settlement	4.000	3.600	7.000	0	0.000	0	8.425	-3.000
sulayyil	rural_settlement	settlement	4.000	3.200	6.000	0	0.000	0	7.882	-3.000
sulcis	city	city	11.000	20.000	34.000	0	1.000	1	21.459	4.000
sulis	rural_settlement	settlement	5.000	5.000	11.000	0	0.000	0	10.087	-3.000
sulki_tyrsen	rural_settlement	settlement	8.000	13.400	24.000	0	0.000	0	15.550	-3.000
sulnis	rural_settlement	settlement	1.000	0.800	0.000	0	0.000	0	3.056	-8.000
sumaka	rural_settlement	settlement	4.000	4.800	33.000	0	0.000	0	11.451	-3.000
sumelocenna	rural_settlement	settlement	5.000	5.000	9.000	0	0.000	0	9.947	-3.000
sumita	rural_settlement	settlement	4.000	6.000	18.000	0	0.000	0	11.379	-3.000
summarum	rural_settlement	settlement	8.000	14.800	20.000	0	0.000	0	15.752	-3.000
summuntorium	rural_settlement	settlement	4.000	5.000	11.000	0	0.000	0	10.087	-3.000
summus_lacus	rural_settlement	settlement	6.000	8.400	7.000	0	0.000	0	12.142	-3.000
sumsumaragiri	town	city	15.000	21.600	13.000	2	0.000	0	19.832	3.000
suna	rural_settlement	settlement	5.000	4.200	3.000	0	0.000	0	8.783	-3.000
sunam	rural_settlement	settlement	11.000	15.800	24.000	2	0.000	0	17.560	-3.000
supaul	rural_settlement	settlement	6.000	7.200	10.000	0	0.000	0	11.641	-3.000
suphtha	rural_settlement	settlement	8.000	14.400	18.000	2	0.000	0	16.687	-3.000
supima	rural_settlement	settlement	4.000	4.600	8.000	0	0.000	0	9.518	-3.000
supiyi	rural_settlement	settlement	2.000	1.800	6.000	0	0.000	0	5.774	-8.000
sura	rural_settlement	settlement	4.000	3.600	23.000	0	0.000	0	9.545	-3.000
surada	rural_settlement	settlement	7.000	12.000	18.000	0	0.000	0	14.598	-3.000
surat	rural_settlement	settlement	11.000	16.400	20.000	0	1.000	1	18.001	-3.000
suravan	rural_settlement	settlement	16.000	23.800	29.000	2	0.000	0	19.935	-3.000
surayj	rural_settlement	settlement	4.000	3.400	8.000	0	0.000	0	8.264	-3.000
surayriyah	rural_settlement	settlement	5.000	5.200	15.000	0	0.000	0	10.538	-3.000
surenapati	rural_settlement	settlement	5.000	5.200	21.000	0	0.000	0	10.958	-3.000
surgi	rural_settlement	settlement	1.000	0.800	5.000	0	0.000	0	3.406	-8.000
suriba	rural_settlement	settlement	6.000	5.200	10.000	0	0.000	0	10.188	-3.000
surium	rural_settlement	settlement	5.000	6.800	20.000	0	0.000	0	12.081	-3.000
surkhab	rural_settlement	settlement	9.000	14.400	18.000	0	0.000	0	15.479	-3.000
surparaka	town	city	15.000	18.400	23.000	0	1.000	1	20.277	3.000
susidaea	rural_settlement	settlement	2.000	1.600	0.000	0	0.000	0	4.969	-8.000
susidata	rural_settlement	settlement	1.000	0.800	3.000	0	0.000	0	3.266	-8.000
suthrander	rural_settlement	settlement	2.000	3.400	3.000	0	0.000	0	7.914	-3.000
suuqsade	rural_settlement	settlement	7.000	9.000	17.000	0	0.000	0	13.163	-3.000
suurima	rural_settlement	settlement	3.000	2.400	5.000	0	0.000	0	6.714	-8.000
suv	rural_settlement	settlement	2.000	1.600	5.000	0	0.000	0	5.319	-8.000
suvarnagiri	rural_settlement	settlement	11.000	11.400	9.000	0	0.000	0	13.722	-3.000
suvarnapura	rural_settlement	settlement	9.000	14.400	8.000	0	0.000	0	14.779	-3.000
suvarngiri	rural_settlement	settlement	10.000	11.400	23.000	0	0.000	0	14.702	-3.000
suwayq	rural_settlement	settlement	7.000	9.200	10.000	0	1.000	1	14.524	-3.000
suwaytiyah	rural_settlement	settlement	2.000	1.600	5.000	0	0.000	0	5.319	-8.000
suyab	rural_settlement	settlement	9.000	7.600	16.000	0	0.000	0	12.309	-3.000
suyindik	rural_settlement	settlement	3.000	2.400	6.000	0	0.000	0	6.784	-8.000
suyktobe	rural_settlement	settlement	2.000	1.600	6.000	0	0.000	0	5.389	-8.000
svabhra	rural_settlement	settlement	8.000	9.600	28.000	0	0.000	0	14.236	-3.000
svimraros	rural_settlement	settlement	3.000	2.400	5.000	0	0.000	0	6.714	-8.000
svirkos	rural_settlement	settlement	1.000	0.800	0.000	0	0.000	0	3.056	-8.000
swo	rural_settlement	settlement	2.000	1.600	5.000	0	0.000	0	5.319	-8.000
syalite	rural_settlement	settlement	2.000	3.200	0.000	0	0.000	0	7.462	-8.000
syarazur	rural_settlement	settlement	3.000	2.600	29.000	0	0.000	0	8.691	-3.000
sycta	rural_settlement	settlement	7.000	10.000	28.000	0	0.000	0	14.429	-3.000
syderos	rural_settlement	settlement	3.000	3.600	9.000	0	0.000	0	8.565	-3.000
syene	town	city	14.000	27.600	30.000	0	1.000	1	22.785	6.000
sykaminia	rural_settlement	settlement	1.000	1.800	28.000	0	0.000	0	7.314	-8.000
sylvana	rural_settlement	settlement	4.000	3.400	7.000	0	0.000	0	8.194	-3.000
sylvaria_prima	rural_settlement	settlement	4.000	3.400	3.000	0	0.000	0	7.914	-3.000
syme	rural_settlement	settlement	4.000	7.000	24.000	0	0.000	0	12.493	-3.000
synaos	rural_settlement	settlement	3.000	3.600	24.000	0	0.000	0	9.615	-3.000
synnada	town	city	9.000	13.800	29.000	3	0.000	0	19.067	1.000
synodion	rural_settlement	settlement	3.000	3.600	12.000	0	0.000	0	8.775	-3.000
syracusae	town	city	8.000	14.200	31.000	0	3.000	1	20.816	4.000
syrian_gates_0	rural_settlement	settlement	5.000	6.400	24.000	2	0.000	0	13.296	-3.000
syrorum	rural_settlement	settlement	5.000	6.800	9.000	0	0.000	0	11.311	-3.000
syros	rural_settlement	settlement	4.000	7.600	24.000	0	0.000	0	12.869	-3.000
sythachka	rural_settlement	settlement	1.000	0.800	0.000	0	0.000	0	3.056	-8.000
syti	rural_settlement	settlement	4.000	4.400	13.000	0	0.000	0	9.679	-3.000
syuta	rural_settlement	settlement	4.000	8.400	22.000	0	0.000	0	13.192	-3.000
syuthgrat	rural_settlement	settlement	2.000	2.600	0.000	0	0.000	0	6.661	-8.000
syutnich	rural_settlement	settlement	4.000	3.200	5.000	0	0.000	0	7.812	-3.000
ta_antiphilou	rural_settlement	settlement	5.000	5.200	3.000	0	1.000	1	11.445	-3.000
tab	rural_settlement	settlement	2.000	1.600	5.000	0	0.000	0	5.319	-8.000
tabai	rural_settlement	settlement	4.000	5.400	24.000	0	0.000	0	11.333	-3.000
tabai_persikai	rural_settlement	settlement	7.000	8.600	29.000	0	0.000	0	13.791	-3.000
tabalati	rural_settlement	settlement	3.000	3.600	15.000	0	0.000	0	8.985	-3.000
tabankuduk	rural_settlement	settlement	3.000	2.400	6.000	0	0.000	0	6.784	-8.000
tabaqah	rural_settlement	settlement	1.000	0.800	10.000	0	0.000	0	3.756	-8.000
tabarte	rural_settlement	settlement	12.000	15.800	31.000	3	0.000	0	18.366	-3.000
tabelbala	rural_settlement	settlement	4.000	3.200	5.000	0	0.000	0	7.812	-3.000
tabenesse	rural_settlement	settlement	4.000	5.000	31.000	0	0.000	0	11.487	-3.000
tabernae	rural_settlement	settlement	5.000	5.000	11.000	0	0.000	0	10.087	-3.000
tabira	rural_settlement	settlement	6.000	8.800	21.000	0	0.000	0	13.338	-3.000
tabiti	rural_settlement	settlement	2.000	1.600	5.000	0	0.000	0	5.319	-8.000
tablamum	rural_settlement	settlement	2.000	3.600	28.000	0	0.000	0	9.895	-3.000
tabot	rural_settlement	settlement	3.000	2.600	10.000	0	0.000	0	7.361	-8.000
tabria	rural_settlement	settlement	2.000	1.600	15.000	0	0.000	0	6.019	-8.000
tabudium	rural_settlement	settlement	4.000	5.400	3.000	0	0.000	0	9.863	-3.000
tabuinati	rural_settlement	settlement	3.000	2.600	10.000	0	0.000	0	7.361	-8.000
tacape	town	city	10.000	16.200	31.000	0	1.000	1	20.211	3.000
tachampso	rural_settlement	settlement	4.000	4.600	25.000	0	0.000	0	10.708	-3.000
tachok_dzong	rural_settlement	settlement	1.000	0.800	6.000	0	0.000	0	3.476	-8.000
taddart	rural_settlement	settlement	3.000	2.600	3.000	0	0.000	0	6.871	-8.000
tadu	rural_settlement	settlement	4.000	4.400	20.000	0	0.000	0	10.169	-3.000
taexali	rural_settlement	settlement	2.000	1.600	8.000	0	0.000	0	5.529	-8.000
taexalia_australis	rural_settlement	settlement	2.000	1.600	8.000	0	0.000	0	5.529	-8.000
taftan	rural_settlement	settlement	4.000	4.200	28.000	0	0.000	0	10.533	-3.000
taga	rural_settlement	settlement	10.000	17.000	18.000	0	0.000	0	16.290	-3.000
tagadur	rural_settlement	settlement	10.000	17.200	18.000	0	0.000	0	16.347	-3.000
tagara	rural_settlement	settlement	13.000	22.200	11.000	0	0.000	0	17.120	-3.000
tagaung	rural_settlement	settlement	9.000	8.600	9.000	0	0.000	0	12.391	-3.000
tageairike	rural_settlement	settlement	4.000	3.600	12.000	0	0.000	0	8.775	-3.000
tageru	rural_settlement	settlement	1.000	0.800	5.000	0	0.000	0	3.406	-8.000
taghit	rural_settlement	settlement	2.000	1.600	3.000	0	0.000	0	5.179	-8.000
tagili	rural_settlement	settlement	5.000	5.000	8.000	0	0.000	0	9.877	-3.000
tago	rural_settlement	settlement	3.000	2.400	8.000	0	0.000	0	6.924	-8.000
tagrifet	rural_settlement	settlement	3.000	2.600	10.000	0	0.000	0	7.361	-8.000
taharene	rural_settlement	settlement	4.000	4.600	18.000	0	0.000	0	10.218	-3.000
tahent	rural_settlement	settlement	4.000	4.400	0.000	0	0.000	0	8.769	-3.000
tahora	rural_settlement	settlement	4.000	7.000	19.000	0	0.000	0	12.143	-3.000
taidu	rural_settlement	settlement	3.000	3.600	31.000	2	0.000	0	11.314	-3.000
taif	rural_settlement	settlement	12.000	12.200	10.000	0	0.000	0	14.117	-3.000
taille	rural_settlement	settlement	3.000	2.400	13.000	0	0.000	0	7.274	-8.000
tainaron	rural_settlement	settlement	4.000	5.600	24.000	0	0.000	0	11.493	-3.000
taixalon_akron	rural_settlement	settlement	4.000	3.200	8.000	0	0.000	0	8.022	-3.000
tajhiri	rural_settlement	settlement	2.000	1.600	10.000	0	0.000	0	5.669	-8.000
takalamit	rural_settlement	settlement	1.000	0.800	5.000	0	0.000	0	3.406	-8.000
takht_i_bahi	rural_settlement	settlement	9.000	12.200	9.000	0	0.000	0	14.047	-3.000
taki	rural_settlement	settlement	13.000	20.200	28.000	0	0.000	0	17.841	-3.000
takina	rural_settlement	settlement	4.000	5.400	13.000	0	0.000	0	10.563	-3.000
taksaty	rural_settlement	settlement	3.000	2.400	0.000	0	0.000	0	6.364	-8.000
takyris	rural_settlement	settlement	17.000	29.200	31.000	0	0.000	0	19.891	-3.000
talaura	rural_settlement	settlement	3.000	5.000	18.000	0	0.000	0	10.577	-3.000
talavanapura	rural_settlement	settlement	14.000	17.400	8.000	0	0.000	0	15.704	-3.000
taldyk	rural_settlement	settlement	2.000	1.800	6.000	0	0.000	0	5.774	-8.000
taledan	rural_settlement	settlement	5.000	4.400	8.000	0	0.000	0	9.329	-3.000
talguharai	rural_settlement	settlement	1.000	0.800	10.000	0	0.000	0	3.756	-8.000
talhah	rural_settlement	settlement	1.000	0.800	10.000	0	0.000	0	3.756	-8.000
taliata	rural_settlement	settlement	5.000	5.400	10.000	0	0.000	0	10.353	-3.000
talib	rural_settlement	settlement	4.000	3.400	15.000	0	0.000	0	8.754	-3.000
taliouine	rural_settlement	settlement	3.000	2.600	3.000	0	0.000	0	6.871	-8.000
talish	rural_settlement	settlement	1.000	0.800	21.000	0	0.000	0	4.526	-8.000
tallatak	rural_settlement	settlement	2.000	1.600	5.000	0	0.000	0	5.319	-8.000
talliamunera	rural_settlement	settlement	4.000	6.000	18.000	0	0.000	0	11.379	-3.000
talmis	rural_settlement	settlement	4.000	4.600	25.000	0	0.000	0	10.708	-3.000
tamaasan	rural_settlement	settlement	2.000	4.200	5.000	0	0.000	0	8.923	-3.000
tamal	rural_settlement	settlement	1.000	0.800	5.000	0	0.000	0	3.406	-8.000
tamanar	rural_settlement	settlement	2.000	1.600	5.000	0	0.000	0	5.319	-8.000
tamania	rural_settlement	settlement	4.000	6.600	20.000	0	0.000	0	11.946	-3.000
tamanrt	rural_settlement	settlement	1.000	0.800	5.000	0	0.000	0	3.406	-8.000
tamasidava	rural_settlement	settlement	3.000	3.400	8.000	0	0.000	0	8.264	-3.000
tamassos	rural_settlement	settlement	6.000	7.800	24.000	0	0.000	0	12.989	-3.000
tamassouat	rural_settlement	settlement	1.000	0.800	5.000	0	0.000	0	3.406	-8.000
tamazan	rural_settlement	settlement	3.000	3.000	27.000	0	0.000	0	9.099	-3.000
tambat	rural_settlement	settlement	3.000	3.600	16.000	0	0.000	0	9.055	-3.000
tambyzeia	rural_settlement	settlement	5.000	8.200	17.000	0	0.000	0	12.730	-3.000
tambyziana	rural_settlement	settlement	5.000	7.600	17.000	0	0.000	0	12.379	-3.000
tamdjert	rural_settlement	settlement	1.000	0.800	5.000	0	0.000	0	3.406	-8.000
tamdoult	rural_settlement	settlement	7.000	5.800	5.000	0	0.000	0	10.318	-3.000
tamelrik	rural_settlement	settlement	1.000	0.800	5.000	0	0.000	0	3.406	-8.000
tamezmoute	rural_settlement	settlement	3.000	2.600	3.000	0	0.000	0	6.871	-8.000
tamiathis	rural_settlement	settlement	12.000	20.800	27.000	0	0.000	0	17.916	-3.000
tammi	rural_settlement	settlement	2.000	1.600	5.000	0	0.000	0	5.319	-8.000
tamna	town	city	20.000	33.000	15.000	0	0.000	0	20.887	4.000
tamralipti	town	city	11.000	13.000	31.000	1	1.000	1	19.903	3.000
tamraparni	rural_settlement	settlement	12.000	18.600	23.000	0	0.000	0	17.083	-3.000
tamshin	rural_settlement	settlement	1.000	0.800	10.000	0	0.000	0	3.756	-8.000
tamuda	rural_settlement	settlement	2.000	4.200	24.000	0	0.000	0	10.253	-3.000
tamusia	rural_settlement	settlement	9.000	12.400	11.000	0	0.000	0	14.265	-3.000
tanachtala	rural_settlement	settlement	9.000	11.400	18.000	0	0.000	0	14.352	-3.000
tanadaris	rural_settlement	settlement	3.000	3.600	18.000	0	0.000	0	9.195	-3.000
tanagra	town	city	9.000	18.600	31.000	0	0.000	0	19.143	2.000
tanais_0	town	city	6.000	8.800	12.000	0	1.000	1	15.956	-3.000
tanarke	rural_settlement	settlement	4.000	4.200	0.000	0	0.000	0	8.573	-3.000
tandi	rural_settlement	settlement	5.000	8.400	19.000	0	0.000	0	12.982	-3.000
tandruk	rural_settlement	settlement	3.000	3.600	6.000	0	0.000	0	8.355	-3.000
tandum	rural_settlement	settlement	4.000	3.400	0.000	0	0.000	0	7.704	-3.000
tangala	rural_settlement	settlement	16.000	25.800	23.000	0	0.000	0	18.710	-3.000
tanglha	rural_settlement	settlement	4.000	6.800	6.000	0	0.000	0	11.101	-3.000
tanis	rural_settlement	settlement	13.000	23.800	27.000	0	0.000	0	18.586	-3.000
tannis	rural_settlement	settlement	2.000	1.600	0.000	0	0.000	0	4.969	-8.000
tannum	rural_settlement	settlement	5.000	5.000	11.000	0	0.000	0	10.087	-3.000
tanomia	rural_settlement	settlement	5.000	5.000	9.000	0	0.000	0	9.947	-3.000
tantonum	rural_settlement	settlement	3.000	2.400	0.000	0	0.000	0	6.364	-8.000
tanum	rural_settlement	settlement	3.000	2.400	3.000	0	0.000	0	6.574	-8.000
taouion	rural_settlement	settlement	3.000	3.600	18.000	2	0.000	0	10.404	-3.000
taparura	rural_settlement	settlement	7.000	10.200	26.000	0	0.000	0	14.383	-3.000
taphros	rural_settlement	settlement	6.000	8.000	15.000	0	1.000	1	14.223	-3.000
tapia	town	city	21.000	34.400	14.000	0	0.000	0	21.027	4.000
taporia	rural_settlement	settlement	5.000	5.000	11.000	0	0.000	0	10.087	-3.000
taposiris	city	city	15.000	24.000	33.000	0	0.000	0	20.548	2.000
tapuria	rural_settlement	settlement	9.000	12.000	21.000	0	0.000	0	14.808	-3.000
taragaga	rural_settlement	settlement	3.000	2.600	10.000	0	0.000	0	7.361	-8.000
tarba	rural_settlement	settlement	3.000	3.400	11.000	0	0.000	0	8.474	-3.000
tareina	rural_settlement	settlement	3.000	3.600	18.000	0	0.000	0	9.195	-3.000
tarentum	city	city	17.000	34.600	33.000	0	1.000	1	24.134	8.000
tarkhan	rural_settlement	settlement	7.000	7.800	31.000	2	0.000	0	14.687	-3.000
tarmantis	rural_settlement	settlement	3.000	2.400	19.000	0	0.000	0	7.694	-3.000
tarmita	city	city	9.000	12.000	38.000	0	0.000	0	17.498	-2.000
tarodunon	rural_settlement	settlement	5.000	5.000	9.000	0	0.000	0	9.947	-3.000
tarok	rural_settlement	settlement	3.000	3.400	8.000	0	0.000	0	8.264	-3.000
tarouana	rural_settlement	settlement	1.000	1.800	28.000	0	0.000	0	7.314	-8.000
taroudant	rural_settlement	settlement	2.000	1.600	5.000	0	0.000	0	5.319	-8.000
tarpodizo	rural_settlement	settlement	4.000	3.400	24.000	0	0.000	0	9.384	-3.000
tarquini	city	city	12.000	21.200	33.000	0	1.000	1	21.678	4.000
tarraco	rural_settlement	settlement	9.000	10.200	10.000	0	0.000	0	13.263	-3.000
tarrha	rural_settlement	settlement	13.000	20.000	19.000	0	0.000	0	17.162	-3.000
tarsatica	rural_settlement	settlement	7.000	12.600	8.000	0	0.000	0	14.132	-3.000
tarsos_bithynias	rural_settlement	settlement	9.000	11.000	24.000	0	0.000	0	14.602	-3.000
tarsus	town	city	6.000	11.000	31.000	2	1.000	1	19.548	3.000
tartessia	rural_settlement	settlement	5.000	6.000	19.000	0	0.000	0	11.449	-3.000
tartessos	rural_settlement	settlement	4.000	4.200	18.000	0	1.000	1	11.581	-3.000
tarucano	rural_settlement	settlement	3.000	3.600	29.000	0	0.000	0	9.965	-3.000
tarusco	rural_settlement	settlement	5.000	5.000	11.000	0	0.000	0	10.087	-3.000
tarvenna	rural_settlement	settlement	7.000	8.600	11.000	0	0.000	0	12.531	-3.000
tarvisium	rural_settlement	settlement	7.000	11.200	8.000	0	0.000	0	13.567	-3.000
taryana	city	city	29.000	43.400	32.000	0	0.000	0	23.465	7.000
tasaccora	rural_settlement	settlement	2.000	2.800	9.000	0	0.000	0	7.572	-8.000
tasciaca	rural_settlement	settlement	4.000	4.400	11.000	0	0.000	0	9.539	-3.000
tasgetium	rural_settlement	settlement	4.000	4.200	9.000	0	0.000	0	9.203	-3.000
tashk	rural_settlement	settlement	5.000	6.000	31.000	0	0.000	0	12.289	-3.000
tashqurgan	rural_settlement	settlement	3.000	3.600	21.000	0	0.000	0	9.405	-3.000
taskuduk	rural_settlement	settlement	3.000	2.400	6.000	0	0.000	0	6.784	-8.000
tassili	rural_settlement	settlement	1.000	0.800	5.000	0	0.000	0	3.406	-8.000
tasuk	rural_settlement	settlement	4.000	3.400	18.000	0	0.000	0	8.964	-3.000
tata	rural_settlement	settlement	4.000	3.200	5.000	0	0.000	0	7.812	-3.000
tatan	rural_settlement	settlement	2.000	1.800	6.000	0	0.000	0	5.774	-8.000
tathleeth	rural_settlement	settlement	2.000	1.600	5.000	0	0.000	0	5.319	-8.000
tatiliti	rural_settlement	settlement	1.000	1.800	8.000	0	0.000	0	5.914	-8.000
tattaios	rural_settlement	settlement	4.000	5.400	24.000	0	0.000	0	11.333	-3.000
tatyene	rural_settlement	settlement	4.000	4.400	18.000	0	0.000	0	10.029	-3.000
taua	rural_settlement	settlement	3.000	5.600	20.000	0	0.000	0	11.213	-3.000
taucheira	town	city	18.000	33.400	26.000	0	0.000	0	21.718	5.000
taunensium	rural_settlement	settlement	5.000	5.000	0.000	0	0.000	0	9.317	-3.000
taungthaman	rural_settlement	settlement	7.000	7.000	11.000	0	0.000	0	11.583	-3.000
taurasia	town	city	12.000	14.800	14.000	0	0.000	0	16.832	-2.000
tauresium	rural_settlement	settlement	3.000	5.200	8.000	0	0.000	0	10.048	-3.000
tauriana	rural_settlement	settlement	12.000	19.400	26.000	0	0.000	0	17.501	-3.000
taurica	rural_settlement	settlement	6.000	7.600	16.000	0	0.000	0	12.309	-3.000
tauris	rural_settlement	settlement	3.000	5.200	19.000	0	0.000	0	10.818	-3.000
tauroention	rural_settlement	settlement	5.000	7.000	24.000	0	1.000	1	14.241	-3.000
tauromenium	rural_settlement	settlement	8.000	11.000	24.000	0	0.000	0	14.602	-3.000
tautiomosis	rural_settlement	settlement	6.000	8.000	8.000	0	0.000	0	11.986	-3.000
tavah	rural_settlement	settlement	2.000	1.600	5.000	0	0.000	0	5.319	-8.000
tavia	rural_settlement	settlement	4.000	6.000	3.000	0	0.000	0	10.329	-3.000
tawar	rural_settlement	settlement	2.000	2.600	28.000	0	0.000	0	8.621	-3.000
tawdihiyah	rural_settlement	settlement	1.000	0.800	6.000	0	0.000	0	3.476	-8.000
tawirda	rural_settlement	settlement	3.000	2.600	7.000	0	0.000	0	7.151	-8.000
taxila	city	city	28.000	45.800	37.000	2	0.000	0	25.297	9.000
tazenakht	rural_settlement	settlement	3.000	2.600	3.000	0	0.000	0	6.871	-8.000
tazora	rural_settlement	settlement	7.000	6.600	29.000	0	0.000	0	12.576	-3.000
tbilisi	rural_settlement	settlement	6.000	8.600	20.000	0	0.000	0	13.161	-3.000
tchonemyris	rural_settlement	settlement	3.000	3.400	28.000	0	0.000	0	9.664	-3.000
teanum_apulum	rural_settlement	settlement	4.000	6.000	24.000	0	0.000	0	11.799	-3.000
teboucha	rural_settlement	settlement	6.000	5.000	3.000	0	0.000	0	9.527	-3.000
techka	rural_settlement	settlement	7.000	7.600	6.000	0	0.000	0	11.609	-3.000
teclas	rural_settlement	settlement	1.000	2.400	7.000	0	0.000	0	6.854	-8.000
tecybeleneos	town	city	6.000	7.600	20.000	0	1.000	1	15.837	-3.000
tegea	rural_settlement	settlement	9.000	14.200	24.000	0	0.000	0	15.831	-3.000
tegulata	rural_settlement	settlement	3.000	6.600	9.000	0	0.000	0	11.176	-3.000
tehri	rural_settlement	settlement	3.000	3.600	24.000	0	0.000	0	9.615	-3.000
teike	rural_settlement	settlement	4.000	5.200	5.000	0	0.000	0	9.838	-3.000
teima	rural_settlement	settlement	4.000	3.400	5.000	0	0.000	0	8.054	-3.000
telamon	rural_settlement	settlement	10.000	18.200	28.000	0	0.000	0	17.326	-3.000
telavi	rural_settlement	settlement	3.000	3.600	16.000	0	0.000	0	9.055	-3.000
telephis	town	city	7.000	11.800	23.000	0	0.000	0	16.367	-2.000
tell_el_mashraba	rural_settlement	settlement	2.000	1.600	18.000	0	0.000	0	6.229	-8.000
tell_soukas	rural_settlement	settlement	3.000	3.800	24.000	0	0.000	0	9.837	-3.000
telmenissos	rural_settlement	settlement	2.000	1.600	26.000	0	0.000	0	6.789	-8.000
telmessos	town	city	6.000	12.000	31.000	0	1.000	1	18.755	1.000
telonnum	rural_settlement	settlement	5.000	5.000	9.000	0	0.000	0	9.947	-3.000
telos	rural_settlement	settlement	3.000	4.600	24.000	0	0.000	0	10.638	-3.000
tembien	rural_settlement	settlement	11.000	13.400	17.000	0	0.000	0	15.060	-3.000
temesa	rural_settlement	settlement	11.000	17.800	9.000	0	0.000	0	15.886	-3.000
temnos	rural_settlement	settlement	6.000	10.200	24.000	0	0.000	0	14.243	-3.000
temukan	rural_settlement	settlement	12.000	19.200	31.000	0	0.000	0	17.800	-3.000
tena	rural_settlement	settlement	2.000	1.800	5.000	0	0.000	0	5.704	-8.000
tenctheria	rural_settlement	settlement	5.000	6.600	0.000	0	0.000	0	10.546	-3.000
tene	rural_settlement	settlement	4.000	4.400	25.000	0	0.000	0	10.519	-3.000
tenetis	rural_settlement	settlement	4.000	5.400	6.000	0	0.000	0	10.073	-3.000
tennagora	rural_settlement	settlement	6.000	8.800	18.000	0	0.000	0	13.128	-3.000
tenos	rural_settlement	settlement	5.000	8.000	24.000	0	0.000	0	13.106	-3.000
tenthyris	city	city	12.000	19.600	36.000	0	0.000	0	19.752	1.000
tepidae	rural_settlement	settlement	4.000	4.400	11.000	0	0.000	0	9.539	-3.000
teracatriae	rural_settlement	settlement	3.000	2.400	3.000	0	0.000	0	6.574	-8.000
terai	rural_settlement	settlement	8.000	10.600	0.000	0	0.000	0	12.745	-3.000
terbu	rural_settlement	settlement	2.000	1.600	10.000	0	0.000	0	5.669	-8.000
teredon	rural_settlement	settlement	3.000	3.800	27.000	0	1.000	1	11.794	-3.000
terekata	rural_settlement	settlement	4.000	6.800	1.000	0	0.000	0	10.751	-3.000
tereshkivka	rural_settlement	settlement	3.000	2.600	12.000	0	0.000	0	7.501	-8.000
tergendum	rural_settlement	settlement	3.000	6.600	20.000	0	0.000	0	11.946	-3.000
tergeste	rural_settlement	settlement	4.000	7.400	10.000	0	0.000	0	11.767	-3.000
tergolape	rural_settlement	settlement	4.000	4.200	9.000	0	0.000	0	9.203	-3.000
terkythis	rural_settlement	settlement	4.000	5.200	31.000	0	0.000	0	11.658	-3.000
termessos	town	city	4.000	6.000	16.000	0	0.000	0	12.739	-8.000
termez	rural_settlement	settlement	7.000	11.600	21.000	0	0.000	0	14.645	-3.000
teroua	rural_settlement	settlement	4.000	5.000	18.000	0	0.000	0	10.577	-3.000
terqa	rural_settlement	settlement	7.000	10.600	23.000	2	0.000	0	15.564	-3.000
tertakom	rural_settlement	settlement	7.000	8.400	9.000	0	0.000	0	12.282	-3.000
terventum	rural_settlement	settlement	10.000	16.000	9.000	0	0.000	0	15.363	-3.000
teste	rural_settlement	settlement	2.000	1.600	5.000	0	0.000	0	5.319	-8.000
teteriv	rural_settlement	settlement	5.000	4.600	7.000	0	0.000	0	9.448	-3.000
teucera	rural_settlement	settlement	5.000	5.000	9.000	0	0.000	0	9.947	-3.000
teuderium	rural_settlement	settlement	4.000	3.400	0.000	0	0.000	0	7.704	-3.000
teudurum	rural_settlement	settlement	7.000	7.800	9.000	0	0.000	0	11.939	-3.000
teuriona	rural_settlement	settlement	3.000	3.400	0.000	0	0.000	0	7.704	-3.000
teurnia	rural_settlement	settlement	6.000	6.000	7.000	0	0.000	0	10.609	-3.000
teutonia_centralis	rural_settlement	settlement	4.000	5.200	3.000	0	0.000	0	9.698	-3.000
teutonia_maior	rural_settlement	settlement	3.000	4.200	3.000	0	1.000	1	10.531	-3.000
teutonia_minor	rural_settlement	settlement	2.000	1.800	3.000	0	0.000	0	5.564	-8.000
teyen	rural_settlement	settlement	6.000	10.200	21.000	0	0.000	0	14.033	-3.000
thabraca	rural_settlement	settlement	5.000	7.000	26.000	0	1.000	1	14.381	-3.000
thaenae	rural_settlement	settlement	3.000	5.200	28.000	0	1.000	1	13.195	-3.000
thaesactum	rural_settlement	settlement	3.000	5.000	21.000	0	0.000	0	10.787	-3.000
thaj	town	city	7.000	8.600	17.000	0	0.000	0	14.451	-5.000
thakurgaon	rural_settlement	settlement	7.000	6.000	11.000	0	0.000	0	10.889	-3.000
thala	rural_settlement	settlement	4.000	5.400	26.000	0	0.000	0	11.473	-3.000
thala_musulamia	rural_settlement	settlement	2.000	2.600	19.000	0	0.000	0	7.991	-3.000
thalades	rural_settlement	settlement	1.000	0.800	21.000	0	0.000	0	4.526	-8.000
thalathun	rural_settlement	settlement	5.000	4.400	10.000	0	0.000	0	9.469	-3.000
thamusida	town	city	6.000	9.400	24.000	0	0.000	0	15.357	-3.000
thamusida_australis	rural_settlement	settlement	7.000	8.600	18.000	0	0.000	0	13.021	-3.000
thana	rural_settlement	settlement	2.000	1.600	7.000	0	0.000	0	5.459	-8.000
thanaramusa_castra	rural_settlement	settlement	4.000	5.800	11.000	0	0.000	0	10.738	-3.000
thanbauk	rural_settlement	settlement	3.000	2.600	8.000	0	0.000	0	7.221	-8.000
thanjavur	rural_settlement	settlement	11.000	18.000	23.000	0	0.000	0	16.921	-3.000
thanlyin	rural_settlement	settlement	9.000	7.400	10.000	0	0.000	0	11.767	-3.000
thannuris	rural_settlement	settlement	6.000	6.000	28.000	0	0.000	0	12.079	-3.000
thapaua	rural_settlement	settlement	7.000	6.000	7.000	0	0.000	0	10.609	-3.000
thapsus	city	city	11.000	23.200	33.000	0	1.000	1	22.127	4.000
thara	rural_settlement	settlement	7.000	10.200	31.000	0	0.000	0	14.733	-3.000
tharros	town	city	10.000	15.400	28.000	0	0.000	0	18.006	0.000
tharsa	rural_settlement	settlement	5.000	9.400	20.000	0	0.000	0	13.577	-3.000
tharsis	rural_settlement	settlement	9.000	11.000	21.000	0	0.000	0	14.392	-3.000
thasos	rural_settlement	settlement	4.000	6.200	24.000	0	0.000	0	11.945	-3.000
thaumakoi	rural_settlement	settlement	5.000	7.200	26.000	0	0.000	0	12.761	-3.000
thebai_arabikai	rural_settlement	settlement	4.000	3.400	15.000	0	1.000	1	10.502	-3.000
thebarga	rural_settlement	settlement	8.000	12.000	27.000	0	0.000	0	15.228	-3.000
thebasa	rural_settlement	settlement	3.000	3.600	15.000	0	0.000	0	8.985	-3.000
thebes	town	city	5.000	10.800	26.000	0	0.000	0	16.154	-3.000
thebunte	rural_settlement	settlement	4.000	7.600	10.000	0	0.000	0	11.889	-3.000
thekoa	rural_settlement	settlement	3.000	3.600	25.000	0	0.000	0	9.685	-3.000
theleda	rural_settlement	settlement	4.000	6.200	26.000	0	0.000	0	12.085	-3.000
thelepte	rural_settlement	settlement	5.000	7.000	21.000	0	0.000	0	12.283	-3.000
thelseai	rural_settlement	settlement	6.000	8.200	23.000	0	0.000	0	13.150	-3.000
thema	rural_settlement	settlement	3.000	2.600	2.000	0	0.000	0	6.801	-8.000
themantica	rural_settlement	settlement	7.000	8.800	31.000	0	0.000	0	14.038	-3.000
themiskyra	rural_settlement	settlement	7.000	9.600	16.000	0	0.000	0	13.396	-3.000
thenadassa	rural_settlement	settlement	1.000	0.800	10.000	0	0.000	0	3.756	-8.000
thenebrestia	rural_settlement	settlement	3.000	5.000	21.000	0	0.000	0	10.787	-3.000
thenessos	rural_settlement	settlement	16.000	25.600	27.000	0	0.000	0	18.951	-3.000
thenete	rural_settlement	settlement	3.000	3.600	28.000	0	0.000	0	9.895	-3.000
thense	rural_settlement	settlement	1.000	0.800	0.000	0	0.000	0	3.056	-8.000
thenteos	rural_settlement	settlement	2.000	1.600	10.000	0	0.000	0	5.669	-8.000
theodosia	town	city	8.000	9.800	26.000	0	1.000	1	17.441	-1.000
theppra	rural_settlement	settlement	3.000	5.400	17.000	0	0.000	0	10.843	-3.000
thera	rural_settlement	settlement	4.000	7.000	19.000	0	1.000	1	13.891	-3.000
thera_karias	rural_settlement	settlement	7.000	10.600	24.000	0	0.000	0	14.425	-3.000
theranda	rural_settlement	settlement	3.000	5.200	8.000	0	0.000	0	10.048	-3.000
thermai	town	city	6.000	10.000	20.000	0	1.000	1	17.117	-1.000
thermon	town	city	10.000	20.200	27.000	0	0.000	0	19.271	2.000
thespiai	town	city	16.000	30.600	29.000	0	0.000	0	21.486	5.000
thessalonica	city	city	26.000	52.800	36.000	0	2.000	1	27.221	13.000
theustia	rural_settlement	settlement	4.000	3.200	3.000	0	0.000	0	7.672	-3.000
theveste	rural_settlement	settlement	3.000	4.200	19.000	0	0.000	0	9.903	-3.000
thialematt	rural_settlement	settlement	12.000	16.800	10.000	0	0.000	0	15.672	-3.000
thiar	rural_settlement	settlement	6.000	5.800	10.000	0	0.000	0	10.668	-3.000
thibilis	rural_settlement	settlement	8.000	10.200	19.000	0	0.000	0	13.893	-3.000
thiges	town	city	6.000	9.400	15.000	0	0.000	0	14.727	-4.000
thignica	rural_settlement	settlement	9.000	14.800	24.000	0	0.000	0	16.032	-3.000
thimida_bure	rural_settlement	settlement	7.000	10.200	24.000	0	0.000	0	14.243	-3.000
thinis	rural_settlement	settlement	5.000	8.400	31.000	0	0.000	0	13.822	-3.000
thinqayr	rural_settlement	settlement	2.000	1.600	6.000	0	0.000	0	5.389	-8.000
thio	rural_settlement	settlement	1.000	0.800	7.000	0	0.000	0	3.546	-8.000
thisika	rural_settlement	settlement	6.000	10.800	24.000	0	0.000	0	14.514	-3.000
thorikos	rural_settlement	settlement	9.000	16.400	21.000	0	0.000	0	16.324	-3.000
thorp	rural_settlement	settlement	5.000	10.800	24.000	0	0.000	0	14.514	-3.000
thospia	rural_settlement	settlement	5.000	5.200	18.000	0	0.000	0	10.748	-3.000
thospis	rural_settlement	settlement	5.000	6.200	27.000	0	0.000	0	12.155	-3.000
throasca	rural_settlement	settlement	5.000	6.600	29.000	0	0.000	0	12.576	-3.000
thubactis	rural_settlement	settlement	4.000	8.200	23.000	0	1.000	1	14.898	-3.000
thubrasine	rural_settlement	settlement	7.000	10.400	29.000	0	0.000	0	14.685	-3.000
thubunae	rural_settlement	settlement	5.000	6.800	3.000	0	0.000	0	10.891	-3.000
thugga	rural_settlement	settlement	6.000	7.600	19.000	0	0.000	0	12.519	-3.000
thugga_terebenthina	rural_settlement	settlement	4.000	5.000	19.000	0	0.000	0	10.647	-3.000
thumat	rural_settlement	settlement	2.000	1.800	28.000	0	0.000	0	7.314	-8.000
thumna	rural_settlement	settlement	4.000	6.000	17.000	0	0.000	0	11.309	-3.000
thumrait	rural_settlement	settlement	3.000	2.400	6.000	0	0.000	0	6.784	-8.000
thuna	rural_settlement	settlement	9.000	10.600	8.000	0	0.000	0	13.305	-3.000
thure	rural_settlement	settlement	1.000	0.800	0.000	0	0.000	0	3.056	-8.000
thurii	town	city	24.000	43.200	29.000	0	1.000	1	24.979	9.000
thuringiana	rural_settlement	settlement	4.000	5.000	0.000	0	0.000	0	9.317	-3.000
thurissa	rural_settlement	settlement	5.000	5.800	5.000	0	0.000	0	10.318	-3.000
thwetum	rural_settlement	settlement	4.000	4.200	3.000	0	0.000	0	8.783	-3.000
thyateira	town	city	6.000	9.400	29.000	3	0.000	0	17.232	-1.000
thymbrion	rural_settlement	settlement	3.000	3.600	26.000	0	0.000	0	9.755	-3.000
thynis	rural_settlement	settlement	11.000	15.200	31.000	0	0.000	0	16.652	-3.000
thyrea	rural_settlement	settlement	3.000	4.600	24.000	0	0.000	0	10.638	-3.000
thyrrheion	rural_settlement	settlement	4.000	8.400	28.000	0	0.000	0	13.612	-3.000
thysdrus	rural_settlement	settlement	7.000	14.200	26.000	0	0.000	0	15.971	-3.000
tiamat	rural_settlement	settlement	8.000	10.400	20.000	0	0.000	0	14.055	-3.000
tiasum	rural_settlement	settlement	6.000	6.000	10.000	0	0.000	0	10.819	-3.000
tibion	town	city	6.000	8.000	31.000	0	0.000	0	15.096	-4.000
tibirsia	rural_settlement	settlement	2.000	2.600	0.000	0	0.000	0	6.661	-8.000
tibiscua	rural_settlement	settlement	4.000	5.000	0.000	0	0.000	0	9.317	-3.000
tibiscum	rural_settlement	settlement	4.000	4.200	8.000	0	0.000	0	9.133	-3.000
tibubuci	rural_settlement	settlement	1.000	0.800	15.000	0	0.000	0	4.106	-8.000
tibula	rural_settlement	settlement	4.000	7.600	24.000	0	0.000	0	12.869	-3.000
tibur	city	city	15.000	22.200	37.000	2	0.000	0	21.648	4.000
ticinum	rural_settlement	settlement	6.000	8.000	11.000	0	0.000	0	12.196	-3.000
tieion	rural_settlement	settlement	10.000	14.600	24.000	0	0.000	0	15.966	-3.000
tienen	rural_settlement	settlement	8.000	11.000	9.000	0	0.000	0	13.552	-3.000
tiersi	rural_settlement	settlement	3.000	2.400	3.000	0	0.000	0	6.574	-8.000
tiflet	rural_settlement	settlement	2.000	1.600	18.000	0	0.000	0	6.229	-8.000
tigdi	rural_settlement	settlement	3.000	2.600	6.000	0	0.000	0	7.081	-8.000
tigowa	rural_settlement	settlement	6.000	6.200	8.000	0	0.000	0	10.825	-3.000
tigranakert	rural_settlement	settlement	4.000	6.000	18.000	0	0.000	0	11.379	-3.000
tigranocerta	town	city	10.000	18.200	29.000	0	0.000	0	18.896	1.000
tigri	rural_settlement	settlement	2.000	2.600	6.000	0	0.000	0	7.081	-8.000
tiiggane	rural_settlement	settlement	1.000	0.800	5.000	0	0.000	0	3.406	-8.000
tikhaya	rural_settlement	settlement	2.000	1.600	0.000	0	0.000	0	4.969	-8.000
tikhaya_sosna	rural_settlement	settlement	2.000	1.600	0.000	0	0.000	0	4.969	-8.000
til	rural_settlement	settlement	5.000	6.600	20.000	0	0.000	0	11.946	-3.000
tila	rural_settlement	settlement	5.000	8.400	20.000	0	0.000	0	13.052	-3.000
tilena	rural_settlement	settlement	5.000	5.000	13.000	0	0.000	0	10.227	-3.000
tillibari	rural_settlement	settlement	6.000	5.200	10.000	0	0.000	0	10.188	-3.000
timacum	rural_settlement	settlement	6.000	7.400	10.000	0	0.000	0	11.767	-3.000
timavos	rural_settlement	settlement	7.000	10.200	8.000	0	0.000	0	13.123	-3.000
timlilt	rural_settlement	settlement	3.000	2.600	5.000	0	0.000	0	7.011	-8.000
timofeevo	rural_settlement	settlement	1.000	0.800	0.000	0	0.000	0	3.056	-8.000
timonion	rural_settlement	settlement	6.000	8.000	3.000	0	0.000	0	11.636	-3.000
timoudi	rural_settlement	settlement	7.000	6.000	5.000	0	0.000	0	10.469	-3.000
timoulay	rural_settlement	settlement	1.000	0.800	5.000	0	0.000	0	3.406	-8.000
tin_alkoum	rural_settlement	settlement	1.000	0.800	5.000	0	0.000	0	3.406	-8.000
tincontium	rural_settlement	settlement	5.000	5.000	11.000	0	0.000	0	10.087	-3.000
tindite	rural_settlement	settlement	3.000	2.600	3.000	0	0.000	0	6.871	-8.000
tinghir	rural_settlement	settlement	1.000	0.800	3.000	0	0.000	0	3.266	-8.000
tingis	town	city	12.000	18.600	29.000	0	1.000	1	20.750	4.000
tingitanum	rural_settlement	settlement	3.000	5.200	11.000	0	0.000	0	10.258	-3.000
tiniacum	rural_settlement	settlement	4.000	3.400	9.000	0	0.000	0	8.334	-3.000
tipasa_0	rural_settlement	settlement	5.000	7.600	21.000	0	0.000	0	12.659	-3.000
tipasa_1	rural_settlement	settlement	5.000	9.200	26.000	0	1.000	1	15.644	-3.000
tiraf	rural_settlement	settlement	2.000	1.600	5.000	0	0.000	0	5.319	-8.000
tiralia	rural_settlement	settlement	6.000	7.600	7.000	0	0.000	0	11.679	-3.000
tiras	rural_settlement	settlement	4.000	7.000	31.000	0	0.000	0	12.983	-3.000
tiret	rural_settlement	settlement	2.000	3.400	6.000	0	0.000	0	8.124	-3.000
tirim	rural_settlement	settlement	3.000	3.400	2.000	0	0.000	0	7.844	-3.000
tiriscum	rural_settlement	settlement	2.000	1.600	8.000	0	0.000	0	5.529	-8.000
tirizis	rural_settlement	settlement	4.000	4.400	26.000	0	0.000	0	10.589	-3.000
tirumala	town	city	26.000	42.200	24.000	0	0.000	0	22.762	6.000
tiruperur	town	city	16.000	23.800	23.000	0	0.000	0	19.806	3.000
tiruvannamalai	rural_settlement	settlement	9.000	15.000	19.000	0	0.000	0	15.747	-3.000
tisavar	rural_settlement	settlement	1.000	0.800	15.000	0	0.000	0	4.106	-8.000
tishtriana	rural_settlement	settlement	10.000	13.800	31.000	0	0.000	0	16.182	-3.000
tisia	rural_settlement	settlement	6.000	5.200	0.000	0	0.000	0	9.488	-3.000
tisit	rural_settlement	settlement	1.000	0.800	10.000	0	0.000	0	3.756	-8.000
tisiyan	rural_settlement	settlement	3.000	5.200	29.000	0	0.000	0	11.518	-3.000
tissa	rural_settlement	settlement	6.000	6.000	15.000	0	0.000	0	11.169	-3.000
tisserdmine	rural_settlement	settlement	3.000	2.600	3.000	0	0.000	0	6.871	-8.000
tissint	rural_settlement	settlement	1.000	0.800	5.000	0	0.000	0	3.406	-8.000
titarevka	rural_settlement	settlement	2.000	1.600	0.000	0	0.000	0	4.969	-8.000
titulcia	rural_settlement	settlement	5.000	5.000	11.000	0	0.000	0	10.087	-3.000
tityassos	rural_settlement	settlement	3.000	3.600	13.000	0	0.000	0	8.845	-3.000
tivedia	rural_settlement	settlement	3.000	2.400	0.000	0	0.000	0	6.364	-8.000
tiyagoura	rural_settlement	settlement	14.000	24.400	18.000	0	0.000	0	18.081	-3.000
tiztoutine	rural_settlement	settlement	4.000	3.400	8.000	0	0.000	0	8.264	-3.000
tleta_tagmoute	rural_settlement	settlement	1.000	0.800	5.000	0	0.000	0	3.406	-8.000
tlos	town	city	6.000	11.600	29.000	0	0.000	0	16.705	-2.000
tmakrat	rural_settlement	settlement	1.000	0.800	8.000	0	0.000	0	3.616	-8.000
tmessa	rural_settlement	settlement	2.000	1.800	10.000	0	0.000	0	6.054	-8.000
toarcius	rural_settlement	settlement	5.000	5.000	11.000	0	0.000	0	10.087	-3.000
tobata	rural_settlement	settlement	3.000	3.600	18.000	0	0.000	0	9.195	-3.000
tobe	rural_settlement	settlement	7.000	9.400	18.000	0	0.000	0	13.437	-3.000
tobusken	rural_settlement	settlement	3.000	2.400	6.000	0	0.000	0	6.784	-8.000
tochara	rural_settlement	settlement	6.000	7.800	19.000	0	0.000	0	12.639	-3.000
tocolosida	rural_settlement	settlement	6.000	7.000	18.000	0	0.000	0	12.073	-3.000
toghayy	rural_settlement	settlement	2.000	1.800	6.000	0	0.000	0	5.774	-8.000
tohamiyam	rural_settlement	settlement	1.000	0.800	10.000	0	0.000	0	3.756	-8.000
tohana	rural_settlement	settlement	13.000	16.400	26.000	0	0.000	0	16.674	-3.000
tokabay	rural_settlement	settlement	3.000	2.400	6.000	0	0.000	0	6.784	-8.000
tokolay	rural_settlement	settlement	4.000	3.400	12.000	0	0.000	0	8.544	-3.000
tokore	rural_settlement	settlement	5.000	4.200	12.000	0	0.000	0	9.413	-3.000
toksa	rural_settlement	settlement	6.000	8.800	17.000	0	0.000	0	13.058	-3.000
tolastochora	rural_settlement	settlement	4.000	4.600	26.000	0	0.000	0	10.778	-3.000
toletum	rural_settlement	settlement	8.000	10.800	11.000	0	0.000	0	13.604	-3.000
tolitum	rural_settlement	settlement	2.000	2.600	0.000	0	0.000	0	6.661	-8.000
toll	rural_settlement	settlement	2.000	1.800	0.000	0	0.000	0	5.354	-8.000
toloha	rural_settlement	settlement	5.000	7.000	20.000	0	0.000	0	12.213	-3.000
tolosa	rural_settlement	settlement	11.000	14.400	11.000	0	0.000	0	14.989	-3.000
tomis	city	city	7.000	9.400	31.000	0	0.000	0	15.847	-4.000
tomisa	rural_settlement	settlement	13.000	22.200	29.000	2	0.000	0	19.588	-3.000
tondana	rural_settlement	settlement	6.000	10.400	19.000	0	0.000	0	13.985	-3.000
tongobriga	rural_settlement	settlement	6.000	5.800	11.000	0	1.000	1	12.486	-3.000
tongorigum	rural_settlement	settlement	6.000	5.800	9.000	0	0.000	0	10.598	-3.000
tonosa	rural_settlement	settlement	3.000	3.600	18.000	0	0.000	0	9.195	-3.000
toparon	rural_settlement	settlement	12.000	18.200	9.000	0	0.000	0	15.996	-3.000
toprate	rural_settlement	settlement	2.000	3.600	25.000	0	0.000	0	9.685	-3.000
toquzbolaq	rural_settlement	settlement	3.000	4.400	21.000	0	0.000	0	10.239	-3.000
torikos	rural_settlement	settlement	3.000	3.600	10.000	0	0.000	0	8.635	-3.000
toriya	rural_settlement	settlement	1.000	0.800	5.000	0	0.000	0	3.406	-8.000
tornodurum	rural_settlement	settlement	7.000	6.800	9.000	0	0.000	0	11.311	-3.000
torone	rural_settlement	settlement	8.000	13.000	24.000	0	0.000	0	15.403	-3.000
tortkuduk	rural_settlement	settlement	3.000	3.400	6.000	0	0.000	0	8.124	-3.000
tosali	town	city	13.000	19.800	27.000	0	1.000	1	20.919	4.000
touggourt	rural_settlement	settlement	7.000	6.000	6.000	0	0.000	0	10.539	-3.000
toulout	rural_settlement	settlement	1.000	0.800	5.000	0	0.000	0	3.406	-8.000
toundoute	rural_settlement	settlement	3.000	2.600	3.000	0	0.000	0	6.871	-8.000
tounfit	rural_settlement	settlement	1.000	0.800	3.000	0	0.000	0	3.266	-8.000
tourmogon	rural_settlement	settlement	5.000	5.000	11.000	0	0.000	0	10.087	-3.000
tqvarcheli	rural_settlement	settlement	4.000	6.000	16.000	0	1.000	0	12.486	-3.000
traghen	rural_settlement	settlement	2.000	1.800	10.000	0	0.000	0	6.054	-8.000
tragilos	rural_settlement	settlement	9.000	13.000	24.000	0	0.000	0	15.403	-3.000
tragonica	city	city	12.000	19.000	38.000	0	0.000	0	19.738	1.000
tragourion	rural_settlement	settlement	2.000	2.600	12.000	0	1.000	1	9.249	-3.000
traiectum	rural_settlement	settlement	3.000	3.400	0.000	0	0.000	0	7.704	-3.000
traiectus	rural_settlement	settlement	4.000	4.200	9.000	0	0.000	0	9.203	-3.000
trakylli	rural_settlement	settlement	3.000	2.600	0.000	0	0.000	0	6.661	-8.000
tralles	town	city	7.000	9.600	29.000	2	0.000	0	17.015	-2.000
transalium	rural_settlement	settlement	5.000	5.200	16.000	0	0.000	0	10.608	-3.000
transmarisca	rural_settlement	settlement	7.000	9.200	8.000	0	0.000	0	12.636	-3.000
tranupara	rural_settlement	settlement	12.000	15.400	12.000	0	0.000	0	15.386	-3.000
trapezon	rural_settlement	settlement	2.000	2.800	24.000	0	0.000	0	8.622	-3.000
trapezous	town	city	11.000	15.600	29.000	0	1.000	1	19.887	3.000
travectus	rural_settlement	settlement	5.000	5.200	11.000	0	0.000	0	10.258	-3.000
trazel	rural_settlement	settlement	5.000	7.200	10.000	0	0.000	0	11.641	-3.000
trebula	rural_settlement	settlement	11.000	19.000	9.000	0	0.000	0	16.208	-3.000
tregoritum	town	city	11.000	13.000	14.000	0	1.000	1	17.951	-1.000
trekfine	rural_settlement	settlement	1.000	0.800	3.000	0	0.000	0	3.266	-8.000
tremulae	rural_settlement	settlement	5.000	5.200	18.000	0	0.000	0	10.748	-3.000
tretos	rural_settlement	settlement	3.000	2.400	10.000	0	1.000	1	8.811	-3.000
treva	rural_settlement	settlement	3.000	3.400	5.000	0	0.000	0	8.054	-3.000
treveria	rural_settlement	settlement	4.000	4.200	11.000	0	0.000	0	9.343	-3.000
treyfia	rural_settlement	settlement	2.000	1.600	5.000	0	0.000	0	5.319	-8.000
tribactra	rural_settlement	settlement	8.000	10.400	8.000	0	0.000	0	13.215	-3.000
tribazina	rural_settlement	settlement	8.000	15.200	29.000	0	0.000	0	16.512	-3.000
tricassia	rural_settlement	settlement	5.000	5.000	9.000	0	0.000	0	9.947	-3.000
tricciana	rural_settlement	settlement	3.000	3.400	9.000	0	0.000	0	8.334	-3.000
tricomium	rural_settlement	settlement	1.000	0.800	0.000	0	0.000	0	3.056	-8.000
tridentium	rural_settlement	settlement	8.000	12.200	9.000	0	0.000	0	14.047	-3.000
trimammium	rural_settlement	settlement	6.000	6.200	10.000	0	0.000	0	10.965	-3.000
trimithis	rural_settlement	settlement	5.000	6.800	28.000	0	0.000	0	12.641	-3.000
trimontium	rural_settlement	settlement	2.000	1.600	8.000	0	0.000	0	5.529	-8.000
trinagua	rural_settlement	settlement	9.000	15.200	11.000	0	0.000	0	15.252	-3.000
triparadeisos	town	city	16.000	27.000	29.000	2	0.000	0	22.066	5.000
triparvata	rural_settlement	settlement	12.000	18.400	8.000	0	0.000	0	15.979	-3.000
tripheion	rural_settlement	settlement	5.000	8.400	31.000	0	0.000	0	13.822	-3.000
tripolis	town	city	15.000	27.000	29.000	0	1.000	1	22.605	6.000
tripura	rural_settlement	settlement	5.000	5.200	8.000	0	0.000	0	10.048	-3.000
triticum	rural_settlement	settlement	5.000	6.800	0.000	0	0.000	0	10.681	-3.000
tritium	rural_settlement	settlement	5.000	5.000	11.000	0	0.000	0	10.087	-3.000
tritium_magallum	rural_settlement	settlement	4.000	4.200	11.000	0	0.000	0	9.343	-3.000
troesmis	rural_settlement	settlement	4.000	3.200	22.000	0	0.000	0	9.002	-3.000
troesus	rural_settlement	settlement	2.000	2.600	28.000	0	0.000	0	8.621	-3.000
troismis	rural_settlement	settlement	4.000	6.000	22.000	0	0.000	0	11.659	-3.000
troizen	rural_settlement	settlement	5.000	8.000	24.000	0	0.000	0	13.106	-3.000
trokna	rural_settlement	settlement	6.000	8.000	24.000	0	0.000	0	13.106	-3.000
trompagan	rural_settlement	settlement	2.000	1.800	6.000	0	0.000	0	5.774	-8.000
tropaeum	rural_settlement	settlement	5.000	6.200	8.000	0	0.000	0	10.825	-3.000
tropea	rural_settlement	settlement	3.000	2.600	3.000	0	0.000	0	6.871	-8.000
tropiana	rural_settlement	settlement	6.000	9.200	19.000	0	0.000	0	13.406	-3.000
trostyanets	rural_settlement	settlement	7.000	9.000	12.000	0	0.000	0	12.813	-3.000
trullensium	rural_settlement	settlement	5.000	6.000	8.000	0	0.000	0	10.679	-3.000
tsangdram	rural_settlement	settlement	2.000	3.200	6.000	0	0.000	0	7.882	-3.000
tsanghla	rural_settlement	settlement	4.000	5.400	8.000	0	0.000	0	10.213	-3.000
tsangpo	rural_settlement	settlement	2.000	1.800	6.000	0	0.000	0	5.774	-8.000
tsaparang	rural_settlement	settlement	3.000	2.800	6.000	0	0.000	0	7.362	-8.000
tshongdu	rural_settlement	settlement	8.000	10.400	6.000	0	0.000	0	13.075	-3.000
tsina	rural_settlement	settlement	4.000	4.600	8.000	0	0.000	0	9.518	-3.000
tsirhan	rural_settlement	settlement	10.000	12.200	16.000	0	0.000	0	14.537	-3.000
tskhinvali	rural_settlement	settlement	5.000	7.800	18.000	0	0.000	0	12.569	-3.000
tsoho	rural_settlement	settlement	6.000	8.600	6.000	0	0.000	0	12.181	-3.000
tsosong	rural_settlement	settlement	2.000	2.600	6.000	0	0.000	0	7.081	-8.000
tubantia	rural_settlement	settlement	3.000	3.400	0.000	0	0.000	0	7.704	-3.000
tubat	rural_settlement	settlement	2.000	1.800	28.000	0	0.000	0	7.314	-8.000
tubek	rural_settlement	settlement	5.000	6.200	5.000	0	0.000	0	10.615	-3.000
tubucci	rural_settlement	settlement	3.000	3.400	11.000	0	0.000	0	8.474	-3.000
tubusuctu	rural_settlement	settlement	7.000	9.800	9.000	0	0.000	0	13.004	-3.000
tucca	rural_settlement	settlement	3.000	4.400	24.000	0	0.000	0	10.449	-3.000
tucci	rural_settlement	settlement	4.000	4.200	13.000	0	0.000	0	9.483	-3.000
tuci	rural_settlement	settlement	5.000	5.000	15.000	0	0.000	0	10.367	-3.000
tucris	rural_settlement	settlement	5.000	5.000	11.000	0	0.000	0	10.087	-3.000
tucul	rural_settlement	settlement	6.000	7.200	15.000	0	0.000	0	11.991	-3.000
tuder	rural_settlement	settlement	9.000	14.800	26.000	0	0.000	0	16.172	-3.000
tufan	rural_settlement	settlement	4.000	5.800	10.000	0	0.000	0	10.668	-3.000
tugarakchan	rural_settlement	settlement	3.000	2.400	6.000	0	0.000	0	6.784	-8.000
tugyrakshan	rural_settlement	settlement	3.000	2.400	6.000	0	0.000	0	6.784	-8.000
tuhma	rural_settlement	settlement	2.000	1.600	5.000	0	0.000	0	5.319	-8.000
tulih	rural_settlement	settlement	1.000	0.800	7.000	0	0.000	0	3.546	-8.000
tulillah	rural_settlement	settlement	1.000	0.800	5.000	0	0.000	0	3.406	-8.000
tuliphurdum	rural_settlement	settlement	4.000	6.200	3.000	0	0.000	0	10.475	-3.000
tulisurgium	rural_settlement	settlement	2.000	1.800	3.000	0	0.000	0	5.564	-8.000
tullium	rural_settlement	settlement	5.000	5.000	11.000	0	0.000	0	10.087	-3.000
tullum	rural_settlement	settlement	8.000	10.000	9.000	0	0.000	0	13.099	-3.000
tulya	rural_settlement	settlement	2.000	2.600	6.000	0	0.000	0	7.081	-8.000
tumin	rural_settlement	settlement	2.000	3.200	0.000	0	0.000	0	7.462	-8.000
tummana	rural_settlement	settlement	9.000	11.200	8.000	0	0.000	0	13.567	-3.000
tumxuk	rural_settlement	settlement	2.000	1.600	12.000	0	0.000	0	5.809	-8.000
tundikera	rural_settlement	settlement	1.000	0.800	24.000	0	0.000	0	4.736	-8.000
tuniza	rural_settlement	settlement	5.000	9.200	26.000	0	0.000	0	13.896	-3.000
tunket	rural_settlement	settlement	3.000	3.600	16.000	0	0.000	0	9.055	-3.000
turcilingia	rural_settlement	settlement	4.000	4.200	5.000	0	0.000	0	8.923	-3.000
turdulia_inferioris	rural_settlement	settlement	6.000	7.400	9.000	0	0.000	0	11.697	-3.000
turgalium	rural_settlement	settlement	3.000	5.200	9.000	0	0.000	0	10.118	-3.000
turirecina	rural_settlement	settlement	7.000	9.600	19.000	0	0.000	0	13.606	-3.000
turnacum	rural_settlement	settlement	8.000	11.000	11.000	0	0.000	0	13.692	-3.000
turochka	rural_settlement	settlement	2.000	1.600	7.000	0	0.000	0	5.459	-8.000
turonia	rural_settlement	settlement	3.000	2.400	0.000	0	0.000	0	6.364	-8.000
turoniana	rural_settlement	settlement	1.000	0.800	0.000	0	0.000	0	3.056	-8.000
turres	rural_settlement	settlement	4.000	5.800	8.000	0	0.000	0	10.528	-3.000
turris_tamaleni	town	city	8.000	13.600	15.000	0	0.000	0	16.491	-2.000
turshan	rural_settlement	settlement	3.000	3.600	21.000	2	0.000	0	10.614	-3.000
turum	rural_settlement	settlement	9.000	13.600	9.000	0	0.000	0	14.571	-3.000
turum_breunorum	rural_settlement	settlement	5.000	6.600	11.000	0	0.000	0	11.316	-3.000
turuntia_australis	rural_settlement	settlement	1.000	0.800	0.000	0	0.000	0	3.056	-8.000
turuntia_borealis	rural_settlement	settlement	1.000	0.800	0.000	0	0.000	0	3.056	-8.000
turupa	rural_settlement	settlement	8.000	8.800	9.000	0	0.000	0	12.498	-3.000
turush	rural_settlement	settlement	3.000	2.400	6.000	0	0.000	0	6.784	-8.000
turvasha	rural_settlement	settlement	16.000	22.400	26.000	0	0.000	0	18.214	-3.000
tusa	rural_settlement	settlement	7.000	12.600	16.000	2	0.000	0	15.901	-3.000
tuticum	rural_settlement	settlement	9.000	14.400	26.000	0	0.000	0	16.039	-3.000
tutugi	rural_settlement	settlement	4.000	4.200	8.000	0	0.000	0	9.133	-3.000
tuvo	rural_settlement	settlement	2.000	1.600	5.000	0	0.000	0	5.319	-8.000
tuwesat	rural_settlement	settlement	3.000	2.400	10.000	0	0.000	0	7.064	-8.000
tuyur	rural_settlement	settlement	2.000	1.600	7.000	0	0.000	0	5.459	-8.000
tuzkol	rural_settlement	settlement	2.000	1.800	6.000	0	0.000	0	5.774	-8.000
tyana	city	city	5.000	9.200	31.000	4	0.000	0	17.517	-2.000
tyba	rural_settlement	settlement	3.000	4.200	18.000	0	0.000	0	9.833	-3.000
tyita	rural_settlement	settlement	4.000	6.000	24.000	2	0.000	0	13.007	-3.000
tylis	rural_settlement	settlement	3.000	3.400	10.000	0	0.000	0	8.404	-3.000
tylissos	rural_settlement	settlement	4.000	6.200	31.000	0	1.000	1	14.183	-3.000
tylos	city	city	16.000	27.400	32.000	0	1.000	1	22.889	6.000
tymbriada	rural_settlement	settlement	5.000	6.200	26.000	0	0.000	0	12.085	-3.000
tyndaris	town	city	7.000	11.800	20.000	0	1.000	1	17.905	-1.000
tyndis	rural_settlement	settlement	6.000	8.600	19.000	0	0.000	0	13.091	-3.000
tyrannosboas	town	city	32.000	49.400	16.000	0	0.000	0	23.004	7.000
tyras_0	town	city	11.000	15.000	22.000	0	0.000	0	17.457	-1.000
tyriaion	rural_settlement	settlement	5.000	7.800	26.000	2	0.000	0	14.337	-3.000
tyros	rural_settlement	settlement	5.000	6.800	25.000	0	0.000	0	12.431	-3.000
tyrsenia	rural_settlement	settlement	6.000	9.200	24.000	0	0.000	0	13.756	-3.000
tyrus	city	city	11.000	21.600	37.000	2	3.000	1	24.507	9.000
tytuvenu	rural_settlement	settlement	1.000	0.800	0.000	0	0.000	0	3.056	-8.000
tyutyunnytsya	rural_settlement	settlement	3.000	2.400	7.000	0	0.000	0	6.854	-8.000
tzantzakon	rural_settlement	settlement	3.000	3.600	18.000	0	0.000	0	9.195	-3.000
tzibile	rural_settlement	settlement	5.000	6.400	16.000	0	1.000	0	12.775	-3.000
tzur	rural_settlement	settlement	7.000	9.600	3.000	0	0.000	0	12.486	-3.000
uacne	rural_settlement	settlement	4.000	3.400	7.000	0	0.000	0	8.194	-3.000
uarinia	rural_settlement	settlement	5.000	4.200	3.000	0	0.000	0	8.783	-3.000
uase	rural_settlement	settlement	2.000	1.600	5.000	0	0.000	0	5.319	-8.000
ubaza_castellum	rural_settlement	settlement	4.000	4.400	3.000	0	0.000	0	8.979	-3.000
ubiquum	rural_settlement	settlement	5.000	5.000	14.000	0	0.000	0	10.297	-3.000
uccasrngi	rural_settlement	settlement	11.000	15.400	11.000	0	0.000	0	15.316	-3.000
uccrynyika	rural_settlement	settlement	9.000	10.200	0.000	0	0.000	0	12.563	-3.000
ucetia	rural_settlement	settlement	8.000	11.000	11.000	0	0.000	0	13.692	-3.000
udambhara	rural_settlement	settlement	7.000	9.000	8.000	0	0.000	0	12.533	-3.000
udar	rural_settlement	settlement	2.000	1.600	5.000	0	0.000	0	5.319	-8.000
udoma	rural_settlement	settlement	3.000	2.400	5.000	0	0.000	0	6.714	-8.000
uggate	rural_settlement	settlement	5.000	5.000	11.000	0	0.000	0	10.087	-3.000
ugultunia	rural_settlement	settlement	4.000	4.200	9.000	0	0.000	0	9.203	-3.000
uikra	town	city	9.000	11.600	18.000	0	0.000	0	15.935	-3.000
ujjayanta	rural_settlement	settlement	5.000	8.600	24.000	0	0.000	0	13.441	-3.000
ujjayini	city	city	48.000	76.000	47.000	0	0.000	0	27.378	14.000
ukteksa	rural_settlement	settlement	2.000	1.600	5.000	0	0.000	0	5.319	-8.000
uldan	rural_settlement	settlement	4.000	3.400	0.000	0	0.000	0	7.704	-3.000
ulizibbira	rural_settlement	settlement	8.000	11.200	28.000	0	0.000	0	14.967	-3.000
ulpiana	rural_settlement	settlement	3.000	5.200	8.000	0	0.000	0	10.048	-3.000
uluki	rural_settlement	settlement	2.000	1.600	5.000	0	0.000	0	5.319	-8.000
ulya	rural_settlement	settlement	5.000	4.400	7.000	0	0.000	0	9.259	-3.000
umarkot	rural_settlement	settlement	4.000	3.400	23.000	0	0.000	0	9.314	-3.000
umm_abid	rural_settlement	settlement	2.000	1.600	10.000	0	0.000	0	5.669	-8.000
undulli	rural_settlement	settlement	1.000	0.800	7.000	0	0.000	0	3.546	-8.000
ungnis	rural_settlement	settlement	1.000	0.800	0.000	0	0.000	0	3.056	-8.000
unige	rural_settlement	settlement	1.000	0.800	0.000	0	0.000	0	3.056	-8.000
unnao	rural_settlement	settlement	12.000	16.800	28.000	0	0.000	0	16.932	-3.000
unsingia	rural_settlement	settlement	3.000	2.600	5.000	0	0.000	0	7.011	-8.000
upatissagama	rural_settlement	settlement	9.000	17.200	23.000	0	0.000	0	16.697	-3.000
uplistsikhe	rural_settlement	settlement	4.000	4.600	18.000	0	0.000	0	10.218	-3.000
uppakra	rural_settlement	settlement	6.000	8.400	5.000	0	0.000	0	12.002	-3.000
urang	rural_settlement	settlement	3.000	2.800	21.000	0	0.000	0	8.412	-3.000
urayarah	rural_settlement	settlement	3.000	2.400	8.000	0	0.000	0	6.924	-8.000
urayur	town	city	36.000	63.400	28.000	0	0.000	0	25.119	10.000
urbate	rural_settlement	settlement	8.000	10.200	8.000	0	0.000	0	13.123	-3.000
urbiaca	rural_settlement	settlement	2.000	2.600	8.000	0	0.000	0	7.221	-8.000
urbim	rural_settlement	settlement	5.000	8.400	17.000	0	0.000	0	12.842	-3.000
urbinum	rural_settlement	settlement	6.000	9.000	24.000	0	0.000	0	13.653	-3.000
urbnisi	rural_settlement	settlement	3.000	3.400	20.000	0	0.000	0	9.104	-3.000
urci	town	city	6.000	7.800	29.000	0	1.000	1	16.586	-2.000
ureu	rural_settlement	settlement	15.000	24.800	24.000	0	0.000	0	18.582	-3.000
urgana	rural_settlement	settlement	2.000	2.600	0.000	0	0.000	0	6.661	-8.000
urgast	rural_settlement	settlement	4.000	3.200	5.000	0	0.000	0	7.812	-3.000
urgat	rural_settlement	settlement	7.000	7.000	10.000	0	0.000	0	11.513	-3.000
urgellum	rural_settlement	settlement	8.000	10.200	6.000	0	0.000	0	12.983	-3.000
urgenarcha	rural_settlement	settlement	1.000	0.800	0.000	0	0.000	0	3.056	-8.000
urgenkh	rural_settlement	settlement	2.000	1.600	0.000	0	0.000	0	4.969	-8.000
urghalat	rural_settlement	settlement	3.000	2.600	0.000	0	0.000	0	6.661	-8.000
urghat	rural_settlement	settlement	2.000	1.600	0.000	0	0.000	0	4.969	-8.000
urghno	rural_settlement	settlement	2.000	1.600	0.000	0	0.000	0	4.969	-8.000
urium	rural_settlement	settlement	5.000	8.400	24.000	0	0.000	0	13.332	-3.000
urmonok	rural_settlement	settlement	2.000	1.600	0.000	0	0.000	0	4.969	-8.000
uron	rural_settlement	settlement	1.000	0.800	0.000	0	0.000	0	3.056	-8.000
urschelats	rural_settlement	settlement	1.000	0.800	0.000	0	0.000	0	3.056	-8.000
urso	rural_settlement	settlement	6.000	10.000	20.000	0	0.000	0	13.869	-3.000
urtseki	rural_settlement	settlement	3.000	5.000	3.000	0	0.000	0	9.527	-3.000
uruk	city	city	13.000	22.400	37.000	0	0.000	0	20.484	2.000
urvel	rural_settlement	settlement	2.000	1.600	0.000	0	0.000	0	4.969	-8.000
urviygra	rural_settlement	settlement	2.000	1.800	0.000	0	0.000	0	5.354	-8.000
urvolat	rural_settlement	settlement	1.000	0.800	0.000	0	0.000	0	3.056	-8.000
uryennik	rural_settlement	settlement	3.000	2.600	0.000	0	0.000	0	6.661	-8.000
urzan	rural_settlement	settlement	6.000	8.800	31.000	2	0.000	0	15.247	-3.000
urzhev	rural_settlement	settlement	2.000	1.600	0.000	0	0.000	0	4.969	-8.000
usch	rural_settlement	settlement	4.000	3.200	0.000	0	0.000	0	7.462	-8.000
usdia_occidentalis	rural_settlement	settlement	2.000	1.600	10.000	0	1.000	1	7.416	-8.000
usdia_orientalis	rural_settlement	settlement	5.000	4.000	12.000	0	0.000	0	9.209	-3.000
userca	rural_settlement	settlement	6.000	7.400	9.000	0	0.000	0	11.697	-3.000
ush	rural_settlement	settlement	2.000	1.600	6.000	0	0.000	0	5.389	-8.000
ushkan	rural_settlement	settlement	2.000	1.600	0.000	0	0.000	0	4.969	-8.000
ushke	rural_settlement	settlement	12.000	17.200	31.000	2	0.000	0	18.466	-3.000
usinaragiri	rural_settlement	settlement	12.000	19.200	8.000	0	0.000	0	16.190	-3.000
usipetia	rural_settlement	settlement	4.000	4.400	0.000	0	0.000	0	8.769	-3.000
uskat	rural_settlement	settlement	3.000	2.600	16.000	0	0.000	0	7.781	-3.000
uskodama	rural_settlement	settlement	4.000	6.000	24.000	0	0.000	0	11.799	-3.000
ussubium	rural_settlement	settlement	5.000	5.000	11.000	0	0.000	0	10.087	-3.000
ust	rural_settlement	settlement	4.000	3.200	0.000	0	0.000	0	7.462	-8.000
ustret	rural_settlement	settlement	7.000	9.400	5.000	0	0.000	0	12.527	-3.000
usuerva	rural_settlement	settlement	8.000	9.000	11.000	0	0.000	0	12.743	-3.000
usula	rural_settlement	settlement	6.000	9.400	28.000	0	0.000	0	14.137	-3.000
utea	rural_settlement	settlement	3.000	3.400	17.000	0	0.000	0	8.894	-3.000
uthina	rural_settlement	settlement	9.000	13.000	24.000	0	0.000	0	15.403	-3.000
utica	city	city	24.000	40.000	33.000	0	0.000	0	23.121	6.000
utidava	rural_settlement	settlement	3.000	3.400	8.000	0	0.000	0	8.264	-3.000
utidorsi	rural_settlement	settlement	5.000	4.200	3.000	0	0.000	0	8.783	-3.000
utinoye	rural_settlement	settlement	1.000	0.800	0.000	0	0.000	0	3.056	-8.000
utkalava	rural_settlement	settlement	5.000	6.800	18.000	0	0.000	0	11.941	-3.000
utkennita	rural_settlement	settlement	2.000	1.600	0.000	0	0.000	0	4.969	-8.000
uttar	rural_settlement	settlement	5.000	4.400	9.000	0	0.000	0	9.399	-3.000
uttaris	rural_settlement	settlement	11.000	13.000	13.000	0	0.000	0	14.633	-3.000
uvikat	rural_settlement	settlement	8.000	11.400	18.000	0	0.000	0	14.352	-3.000
uvra	rural_settlement	settlement	2.000	1.600	0.000	0	0.000	0	4.969	-8.000
uxama_argaela	rural_settlement	settlement	5.000	5.000	9.000	0	0.000	0	9.947	-3.000
uxellodunum	rural_settlement	settlement	5.000	5.000	9.000	0	0.000	0	9.947	-3.000
uyennik	rural_settlement	settlement	4.000	3.400	0.000	0	0.000	0	7.704	-3.000
uyoro	rural_settlement	settlement	2.000	2.600	0.000	0	0.000	0	6.661	-8.000
uyra	rural_settlement	settlement	3.000	2.400	5.000	0	0.000	0	6.714	-8.000
uzali_sar	rural_settlement	settlement	8.000	14.000	28.000	0	0.000	0	16.042	-3.000
uzappa	rural_settlement	settlement	4.000	6.000	24.000	0	0.000	0	11.799	-3.000
uzboia	rural_settlement	settlement	4.000	6.000	3.000	0	0.000	0	10.329	-3.000
uzh	rural_settlement	settlement	2.000	1.600	7.000	0	0.000	0	5.459	-8.000
vaca	rural_settlement	settlement	1.000	0.800	5.000	0	0.000	0	3.406	-8.000
vaccaeia_deserta	rural_settlement	settlement	6.000	5.800	11.000	0	0.000	0	10.738	-3.000
vaccaeia_relicta	rural_settlement	settlement	3.000	2.400	11.000	0	0.000	0	7.134	-8.000
vacomagi	rural_settlement	settlement	2.000	1.600	8.000	0	0.000	0	5.529	-8.000
vada_volaterrana	rural_settlement	settlement	13.000	19.200	26.000	0	1.000	1	19.197	-3.000
vadar	rural_settlement	settlement	1.000	0.800	6.000	0	0.000	0	3.476	-8.000
vadasz	rural_settlement	settlement	2.000	1.800	5.000	0	0.000	0	5.704	-8.000
vaddua	rural_settlement	settlement	5.000	5.000	9.000	0	0.000	0	9.947	-3.000
vadena	rural_settlement	settlement	9.000	12.000	9.000	0	0.000	0	13.968	-3.000
vadina	rural_settlement	settlement	2.000	1.600	0.000	0	0.000	0	4.969	-8.000
vaduma	rural_settlement	settlement	4.000	3.600	12.000	0	0.000	0	8.775	-3.000
vagharshakert	rural_settlement	settlement	2.000	2.800	18.000	0	0.000	0	8.202	-3.000
vagniacis	rural_settlement	settlement	8.000	10.000	9.000	0	0.000	0	13.099	-3.000
vairagara	rural_settlement	settlement	6.000	6.400	8.000	0	0.000	0	10.968	-3.000
vairata	town	city	23.000	32.600	29.000	0	0.000	0	21.806	5.000
vaishali	city	city	28.000	48.800	33.000	0	0.000	0	24.132	8.000
vajra	rural_settlement	settlement	15.000	24.600	24.000	0	0.000	0	18.541	-3.000
val	rural_settlement	settlement	1.000	0.800	6.000	0	0.000	0	3.476	-8.000
valabhi	rural_settlement	settlement	7.000	10.600	24.000	0	0.000	0	14.425	-3.000
valadak	rural_settlement	settlement	3.000	2.400	5.000	0	0.000	0	6.714	-8.000
valashgerd	rural_settlement	settlement	4.000	6.400	28.000	0	0.000	0	12.368	-3.000
valdasus	rural_settlement	settlement	6.000	7.000	12.000	0	0.000	0	11.653	-3.000
valent	rural_settlement	settlement	3.000	5.000	3.000	0	0.000	0	9.527	-3.000
valentia_0	rural_settlement	settlement	5.000	5.000	10.000	0	0.000	0	10.017	-3.000
valentia_1	rural_settlement	settlement	9.000	13.600	11.000	0	0.000	0	14.711	-3.000
valeria	rural_settlement	settlement	8.000	10.200	11.000	0	0.000	0	13.333	-3.000
valitum	rural_settlement	settlement	1.000	0.800	0.000	0	0.000	0	3.056	-8.000
vallai	rural_settlement	settlement	8.000	9.600	22.000	0	0.000	0	13.816	-3.000
vallata	rural_settlement	settlement	6.000	5.800	11.000	0	0.000	0	10.738	-3.000
vallis_alba	rural_settlement	settlement	3.000	2.800	23.000	0	0.000	0	8.552	-3.000
vallum_romanum	rural_settlement	settlement	2.000	1.600	0.000	0	0.000	0	4.969	-8.000
valtudurum	rural_settlement	settlement	5.000	5.000	9.000	0	0.000	0	9.947	-3.000
valuraka	town	city	19.000	28.400	14.000	0	0.000	0	20.061	3.000
valvata	rural_settlement	settlement	10.000	13.600	26.000	0	0.000	0	15.761	-3.000
vamva	rural_settlement	settlement	2.000	1.600	5.000	0	0.000	0	5.319	-8.000
vanavasi	town	city	14.000	22.800	14.000	0	0.000	0	18.962	1.000
vanci	town	city	42.000	61.000	24.000	0	0.000	0	24.641	9.000
vandalicia	rural_settlement	settlement	3.000	3.400	0.000	0	0.000	0	7.704	-3.000
vandulia	rural_settlement	settlement	3.000	2.600	0.000	0	0.000	0	6.661	-8.000
vang	rural_settlement	settlement	3.000	2.400	5.000	0	1.000	1	8.461	-3.000
vangionia	rural_settlement	settlement	2.000	1.600	0.000	0	0.000	0	4.969	-8.000
vanisnesi	rural_settlement	settlement	7.000	8.000	11.000	0	0.000	0	12.196	-3.000
vappincum	rural_settlement	settlement	6.000	6.600	9.000	0	0.000	0	11.176	-3.000
varahasaila_pass	rural_settlement	settlement	8.000	12.200	6.000	0	0.000	0	13.837	-3.000
varakhsha	rural_settlement	settlement	6.000	7.200	5.000	0	0.000	0	11.291	-3.000
varam	rural_settlement	settlement	1.000	0.800	28.000	0	0.000	0	5.016	-8.000
varana	rural_settlement	settlement	8.000	13.200	28.000	2	0.000	0	16.965	-3.000
varana_gandhara	rural_settlement	settlement	4.000	6.000	7.000	0	0.000	0	10.609	-3.000
varanasi	city	city	47.000	85.400	47.000	0	0.000	0	27.977	14.000
varcia	rural_settlement	settlement	5.000	5.000	13.000	0	0.000	0	10.227	-3.000
varcret	rural_settlement	settlement	2.000	1.800	0.000	0	0.000	0	5.354	-8.000
vardagate	rural_settlement	settlement	4.000	4.400	11.000	0	0.000	0	9.539	-3.000
vardbach	rural_settlement	settlement	2.000	1.800	18.000	0	0.000	0	6.614	-8.000
vardhamana	rural_settlement	settlement	9.000	16.400	24.000	2	0.000	0	17.742	-3.000
vardhamane	rural_settlement	settlement	9.000	11.800	26.000	0	0.000	0	15.077	-3.000
vareia	rural_settlement	settlement	6.000	5.800	11.000	0	0.000	0	10.738	-3.000
varendra	city	city	21.000	30.800	33.000	0	1.000	1	23.547	7.000
varianis	rural_settlement	settlement	6.000	6.800	10.000	0	0.000	0	11.381	-3.000
varias	rural_settlement	settlement	1.000	0.800	28.000	0	0.000	0	5.016	-8.000
varina_marinia	rural_settlement	settlement	5.000	5.000	9.000	0	0.000	0	9.947	-3.000
varistia	rural_settlement	settlement	4.000	4.800	0.000	0	0.000	0	9.141	-3.000
varna	rural_settlement	settlement	11.000	13.400	11.000	0	0.000	0	14.640	-3.000
varrinia	rural_settlement	settlement	5.000	5.000	11.000	0	0.000	0	10.087	-3.000
vartia	rural_settlement	settlement	4.000	5.200	5.000	0	0.000	0	9.838	-3.000
varyr	rural_settlement	settlement	2.000	2.600	0.000	0	0.000	0	6.661	-8.000
vasampus	rural_settlement	settlement	2.000	2.600	21.000	0	0.000	0	8.131	-3.000
vashnari	rural_settlement	settlement	3.000	5.200	18.000	0	0.000	0	10.748	-3.000
vashschka	rural_settlement	settlement	3.000	2.800	0.000	0	0.000	0	6.942	-8.000
vasi	rural_settlement	settlement	12.000	19.600	9.000	0	0.000	0	16.362	-3.000
vasilievicy	rural_settlement	settlement	2.000	1.600	7.000	0	0.000	0	5.459	-8.000
vasio	rural_settlement	settlement	10.000	14.000	11.000	0	0.000	0	14.852	-3.000
vaski	rural_settlement	settlement	2.000	1.800	5.000	0	0.000	0	5.704	-8.000
vasnam	rural_settlement	settlement	2.000	1.600	5.000	0	0.000	0	5.319	-8.000
vatari	rural_settlement	settlement	5.000	7.400	21.000	0	0.000	0	12.537	-3.000
vatsagulma	rural_settlement	settlement	8.000	13.600	10.000	0	0.000	0	14.641	-3.000
vatum	rural_settlement	settlement	5.000	5.400	8.000	0	0.000	0	10.213	-3.000
vau	rural_settlement	settlement	1.000	0.800	6.000	0	0.000	0	3.476	-8.000
vayapata	town	city	21.000	29.600	16.000	0	0.000	0	20.409	3.000
vaykunik	rural_settlement	settlement	3.000	3.600	18.000	0	0.000	0	9.195	-3.000
vayots_dzor	rural_settlement	settlement	3.000	3.600	18.000	0	0.000	0	9.195	-3.000
vectia	rural_settlement	settlement	3.000	2.400	0.000	0	0.000	0	6.364	-8.000
vectis	rural_settlement	settlement	5.000	6.800	9.000	0	0.000	0	11.311	-3.000
vega	rural_settlement	settlement	1.000	0.800	6.000	0	0.000	0	3.476	-8.000
vegesela	rural_settlement	settlement	4.000	4.400	21.000	0	0.000	0	10.239	-3.000
vegium	rural_settlement	settlement	2.000	2.600	8.000	0	0.000	0	7.221	-8.000
veii	city	city	11.000	17.400	35.000	0	0.000	0	19.094	0.000
vel	rural_settlement	settlement	6.000	6.200	6.000	0	0.000	0	10.685	-3.000
velaboria	rural_settlement	settlement	2.000	1.600	0.000	0	0.000	0	4.969	-8.000
velaboria_australis	rural_settlement	settlement	2.000	1.600	0.000	0	0.000	0	4.969	-8.000
velaboria_borealis	rural_settlement	settlement	2.000	1.600	0.000	0	0.000	0	4.969	-8.000
velaboria_occidentalis	rural_settlement	settlement	2.000	1.600	0.000	0	0.000	0	4.969	-8.000
velaboria_orientalis	rural_settlement	settlement	2.000	1.600	0.000	0	0.000	0	4.969	-8.000
veleia	rural_settlement	settlement	5.000	5.000	9.000	0	0.000	0	9.947	-3.000
velia	town	city	15.000	19.600	29.000	0	1.000	1	21.009	4.000
vellalore	rural_settlement	settlement	3.000	3.600	18.000	0	0.000	0	9.195	-3.000
vellavorum	rural_settlement	settlement	5.000	6.800	9.000	0	0.000	0	11.311	-3.000
veltaea	rural_settlement	settlement	2.000	1.600	0.000	0	0.000	0	4.969	-8.000
veltaea_australis	rural_settlement	settlement	1.000	0.800	0.000	0	0.000	0	3.056	-8.000
veltaea_borealis	rural_settlement	settlement	2.000	1.600	0.000	0	0.000	0	4.969	-8.000
veluniate	rural_settlement	settlement	3.000	2.400	10.000	0	1.000	1	8.811	-3.000
velykyi	rural_settlement	settlement	2.000	1.600	12.000	0	0.000	0	5.809	-8.000
vemania	rural_settlement	settlement	4.000	4.200	9.000	0	0.000	0	9.203	-3.000
vemulavada	rural_settlement	settlement	11.000	14.200	9.000	0	0.000	0	14.781	-3.000
venafrum	rural_settlement	settlement	6.000	10.400	24.000	0	0.000	0	14.335	-3.000
venas	rural_settlement	settlement	7.000	8.800	6.000	0	0.000	0	12.288	-3.000
venaxamodurum	rural_settlement	settlement	5.000	6.600	11.000	0	0.000	0	11.316	-3.000
venedia	rural_settlement	settlement	6.000	5.000	5.000	0	0.000	0	9.667	-3.000
venedia_australis	rural_settlement	settlement	1.000	0.800	5.000	0	0.000	0	3.406	-8.000
venedia_borealis	rural_settlement	settlement	2.000	1.800	5.000	0	0.000	0	5.704	-8.000
venediana	rural_settlement	settlement	1.000	0.800	0.000	0	0.000	0	3.056	-8.000
venedica	rural_settlement	settlement	2.000	1.600	5.000	0	0.000	0	5.319	-8.000
venedicana	rural_settlement	settlement	4.000	4.200	5.000	0	0.000	0	8.923	-3.000
venedicania	rural_settlement	settlement	1.000	0.800	0.000	0	0.000	0	3.056	-8.000
venetonimagus	rural_settlement	settlement	5.000	7.200	9.000	0	0.000	0	11.571	-3.000
veniatia	rural_settlement	settlement	8.000	7.400	11.000	0	0.000	0	11.837	-3.000
venicnia_australis	rural_settlement	settlement	2.000	1.600	0.000	0	0.000	0	4.969	-8.000
venicnia_borealis	rural_settlement	settlement	2.000	1.600	10.000	0	0.000	0	5.669	-8.000
venicnia_orientalis	rural_settlement	settlement	2.000	1.600	10.000	0	0.000	0	5.669	-8.000
venicones	rural_settlement	settlement	2.000	1.600	0.000	0	0.000	0	4.969	-8.000
venideva	rural_settlement	settlement	3.000	3.400	0.000	0	0.000	0	7.704	-3.000
venni	rural_settlement	settlement	13.000	20.800	23.000	0	0.000	0	17.636	-3.000
venta	town	city	13.000	14.400	14.000	0	0.000	0	16.699	-2.000
venta_icenorum	town	city	10.000	10.600	21.000	0	0.000	0	15.715	-3.000
venulia	rural_settlement	settlement	1.000	0.800	0.000	0	0.000	0	3.056	-8.000
venusia	rural_settlement	settlement	10.000	18.200	28.000	0	0.000	0	17.326	-3.000
vera	rural_settlement	settlement	9.000	13.000	31.000	0	0.000	0	15.893	-3.000
verbeia	rural_settlement	settlement	3.000	3.400	8.000	0	0.000	0	8.264	-3.000
verbinum	rural_settlement	settlement	7.000	9.200	9.000	0	0.000	0	12.706	-3.000
vercellae	rural_settlement	settlement	3.000	3.600	9.000	0	0.000	0	8.565	-3.000
verecunda	rural_settlement	settlement	1.000	0.800	19.000	0	0.000	0	4.386	-8.000
vergilia	rural_settlement	settlement	6.000	5.800	8.000	0	0.000	0	10.528	-3.000
vergiz	rural_settlement	settlement	2.000	1.600	5.000	0	0.000	0	5.319	-8.000
verhyn	rural_settlement	settlement	1.000	0.800	0.000	0	0.000	0	3.056	-8.000
veriaraca	rural_settlement	settlement	3.000	3.400	24.000	0	0.000	0	9.384	-3.000
verks	rural_settlement	settlement	5.000	5.800	1.000	0	0.000	0	10.038	-3.000
verluccio	rural_settlement	settlement	5.000	6.000	10.000	0	0.000	0	10.819	-3.000
vernania	rural_settlement	settlement	5.000	6.600	9.000	0	0.000	0	11.176	-3.000
vernemetum	rural_settlement	settlement	6.000	6.800	8.000	0	0.000	0	11.241	-3.000
verona	town	city	11.000	14.600	14.000	0	0.000	0	16.766	-2.000
vertavia	rural_settlement	settlement	5.000	5.000	9.000	0	0.000	0	9.947	-3.000
vertillium	rural_settlement	settlement	5.000	5.000	11.000	0	0.000	0	10.087	-3.000
vertis	rural_settlement	settlement	3.000	3.600	10.000	0	0.000	0	8.635	-3.000
verulamium	rural_settlement	settlement	7.000	8.000	11.000	0	0.000	0	12.196	-3.000
verunia	rural_settlement	settlement	5.000	6.600	11.000	0	0.000	0	11.316	-3.000
vervigium	rural_settlement	settlement	5.000	5.000	9.000	0	0.000	0	9.947	-3.000
veryi	rural_settlement	settlement	1.000	0.800	0.000	0	0.000	0	3.056	-8.000
vesaspe	rural_settlement	settlement	5.000	7.000	31.000	0	0.000	0	12.983	-3.000
veseiasueca	rural_settlement	settlement	4.000	4.200	9.000	0	1.000	1	10.951	-3.000
vesontio	rural_settlement	settlement	7.000	7.600	9.000	0	0.000	0	11.819	-3.000
vesunna	rural_settlement	settlement	9.000	11.000	11.000	0	0.000	0	13.692	-3.000
vettonia_deserta	rural_settlement	settlement	4.000	4.200	9.000	0	0.000	0	9.203	-3.000
vettonia_inferioris	rural_settlement	settlement	5.000	5.000	9.000	0	0.000	0	9.947	-3.000
vettonia_relicta	rural_settlement	settlement	6.000	5.800	9.000	0	0.000	0	10.598	-3.000
vettonia_superioris	rural_settlement	settlement	5.000	5.000	9.000	0	0.000	0	9.947	-3.000
vetulonia	city	city	14.000	17.800	31.000	0	1.000	1	20.674	3.000
vetus_hydreuma	rural_settlement	settlement	3.000	2.800	29.000	0	0.000	0	8.972	-3.000
vezir	rural_settlement	settlement	5.000	5.200	2.000	0	0.000	0	9.628	-3.000
vhingad	rural_settlement	settlement	1.000	0.800	0.000	0	0.000	0	3.056	-8.000
viadria	rural_settlement	settlement	6.000	7.400	0.000	0	0.000	0	11.067	-3.000
viadrus_0	rural_settlement	settlement	4.000	3.200	5.000	0	1.000	1	9.560	-3.000
viaduna	rural_settlement	settlement	1.000	0.800	3.000	0	0.000	0	3.266	-8.000
viamata	rural_settlement	settlement	5.000	8.000	22.000	0	0.000	0	12.966	-3.000
viana	rural_settlement	settlement	5.000	5.000	9.000	0	0.000	0	9.947	-3.000
vicat	rural_settlement	settlement	4.000	3.600	31.000	0	0.000	0	10.105	-3.000
vicetia	rural_settlement	settlement	11.000	12.800	8.000	0	0.000	0	14.208	-3.000
vicianum	rural_settlement	settlement	3.000	5.200	8.000	0	0.000	0	10.048	-3.000
victimulae	rural_settlement	settlement	8.000	9.600	9.000	0	0.000	0	12.906	-3.000
vicus_alsinensium	rural_settlement	settlement	5.000	5.000	9.000	0	0.000	0	9.947	-3.000
vicus_aquarius	rural_settlement	settlement	5.000	5.000	11.000	0	0.000	0	10.087	-3.000
vicus_augustanus	rural_settlement	settlement	4.000	4.200	0.000	0	0.000	0	8.573	-3.000
vicus_augusti	rural_settlement	settlement	4.000	7.000	26.000	0	0.000	0	12.633	-3.000
vicus_aventia	rural_settlement	settlement	6.000	6.400	9.000	0	0.000	0	11.038	-3.000
vicus_battalius	rural_settlement	settlement	7.000	6.600	11.000	0	0.000	0	11.316	-3.000
vicus_bodatius	rural_settlement	settlement	5.000	5.000	9.000	0	0.000	0	9.947	-3.000
vicus_carnalocensis	rural_settlement	settlement	5.000	5.000	9.000	0	0.000	0	9.947	-3.000
vicus_contiomagus	rural_settlement	settlement	5.000	5.000	11.000	0	0.000	0	10.087	-3.000
vicus_cuminarius	rural_settlement	settlement	6.000	5.800	11.000	0	0.000	0	10.738	-3.000
vicus_massava	rural_settlement	settlement	5.000	5.200	11.000	0	0.000	0	10.258	-3.000
vicus_nediensis	rural_settlement	settlement	5.000	5.000	0.000	0	0.000	0	9.317	-3.000
vicus_siamus	rural_settlement	settlement	6.000	8.000	8.000	0	0.000	0	11.986	-3.000
vicus_spacorum	rural_settlement	settlement	7.000	6.600	9.000	0	1.000	1	12.924	-3.000
vicus_vagornicensis	rural_settlement	settlement	4.000	4.200	11.000	0	0.000	0	9.343	-3.000
vicus_varianus	rural_settlement	settlement	8.000	9.400	13.000	0	0.000	0	13.087	-3.000
vicus_veniensis	rural_settlement	settlement	5.000	5.000	9.000	0	0.000	0	9.947	-3.000
vicus_voclannionum	rural_settlement	settlement	4.000	4.200	11.000	0	0.000	0	9.343	-3.000
vidava	rural_settlement	settlement	4.000	5.400	0.000	0	0.000	0	9.653	-3.000
vidisha	rural_settlement	settlement	13.000	22.000	26.000	0	0.000	0	18.125	-3.000
vidrosia	rural_settlement	settlement	4.000	6.400	0.000	0	0.000	0	10.408	-3.000
vidubia	rural_settlement	settlement	5.000	5.000	11.000	0	0.000	0	10.087	-3.000
vienna	rural_settlement	settlement	8.000	10.600	11.000	0	0.000	0	13.515	-3.000
vijayapura	rural_settlement	settlement	9.000	11.400	11.000	0	0.000	0	13.862	-3.000
vijitanagara	rural_settlement	settlement	3.000	5.000	19.000	0	0.000	0	10.647	-3.000
vijnot	rural_settlement	settlement	7.000	8.200	33.000	0	0.000	0	13.850	-3.000
vikbo	rural_settlement	settlement	3.000	2.400	3.000	0	0.000	0	6.574	-8.000
viku	rural_settlement	settlement	1.000	0.800	0.000	0	0.000	0	3.056	-8.000
vilath	rural_settlement	settlement	5.000	6.800	23.000	0	0.000	0	12.291	-3.000
villadonga	rural_settlement	settlement	5.000	5.000	9.000	0	0.000	0	9.947	-3.000
viminacium	rural_settlement	settlement	5.000	5.000	11.000	0	0.000	0	10.087	-3.000
viminacium_moesiacum	rural_settlement	settlement	2.000	2.600	8.000	0	0.000	0	7.221	-8.000
vinata	rural_settlement	settlement	1.000	0.800	0.000	0	0.000	0	3.056	-8.000
vinaza	rural_settlement	settlement	2.000	1.600	10.000	0	0.000	0	5.669	-8.000
vindeleia	rural_settlement	settlement	5.000	5.000	11.000	0	0.000	0	10.087	-3.000
vindelicia	rural_settlement	settlement	4.000	4.200	11.000	0	0.000	0	9.343	-3.000
vindenis	rural_settlement	settlement	3.000	5.200	8.000	0	0.000	0	10.048	-3.000
vindinum	rural_settlement	settlement	5.000	5.200	9.000	0	0.000	0	10.118	-3.000
vindirni	rural_settlement	settlement	13.000	21.400	29.000	0	0.000	0	18.197	-3.000
vindocinium	rural_settlement	settlement	4.000	4.400	11.000	0	0.000	0	9.539	-3.000
vindocladia	rural_settlement	settlement	5.000	5.000	9.000	0	0.000	0	9.947	-3.000
vindolanda	rural_settlement	settlement	3.000	3.400	8.000	0	0.000	0	8.264	-3.000
vindolava	rural_settlement	settlement	5.000	5.000	8.000	0	0.000	0	9.877	-3.000
vindomis	rural_settlement	settlement	3.000	3.400	13.000	0	0.000	0	8.614	-3.000
vindonissa	rural_settlement	settlement	7.000	7.400	9.000	0	0.000	0	11.697	-3.000
vindua	rural_settlement	settlement	2.000	2.600	3.000	0	0.000	0	6.871	-8.000
vineta	rural_settlement	settlement	3.000	2.400	0.000	0	0.000	0	6.364	-8.000
vinitapura	town	city	17.000	18.000	13.000	0	0.000	0	17.721	-1.000
vinovia	rural_settlement	settlement	3.000	3.400	8.000	0	0.000	0	8.264	-3.000
vinovilothia	rural_settlement	settlement	3.000	2.400	3.000	0	0.000	0	6.574	-8.000
vipasha	rural_settlement	settlement	14.000	20.200	28.000	0	0.000	0	17.841	-3.000
vipitenum	rural_settlement	settlement	4.000	3.400	7.000	0	0.000	0	8.194	-3.000
viposcianae	rural_settlement	settlement	4.000	5.800	20.000	0	0.000	0	11.368	-3.000
viriodunum	rural_settlement	settlement	6.000	5.800	9.000	0	0.000	0	10.598	-3.000
viritium	rural_settlement	settlement	3.000	4.000	3.000	0	0.000	0	8.579	-3.000
viroconium	rural_settlement	settlement	3.000	3.400	10.000	0	0.000	0	8.404	-3.000
viromanduorum	rural_settlement	settlement	10.000	12.800	9.000	0	0.000	0	14.278	-3.000
virosidum	rural_settlement	settlement	6.000	6.000	8.000	0	0.000	0	10.679	-3.000
virunia	rural_settlement	settlement	3.000	2.800	5.000	0	0.000	0	7.292	-8.000
virunum	rural_settlement	settlement	8.000	11.200	7.000	0	0.000	0	13.497	-3.000
virunum_germanicum	rural_settlement	settlement	4.000	3.200	5.000	0	0.000	0	7.812	-3.000
visakpura	rural_settlement	settlement	10.000	13.800	10.000	0	0.000	0	14.712	-3.000
visentium	town	city	27.000	41.400	26.000	0	0.000	0	22.805	6.000
vishpauzatis	town	city	28.000	50.000	25.000	0	0.000	0	23.695	8.000
visseria	rural_settlement	settlement	7.000	7.600	9.000	0	0.000	0	11.819	-3.000
vist	rural_settlement	settlement	3.000	2.400	3.000	0	0.000	0	6.574	-8.000
vistugia	rural_settlement	settlement	5.000	6.000	0.000	0	0.000	0	10.119	-3.000
vistulia	rural_settlement	settlement	2.000	1.800	3.000	0	0.000	0	5.564	-8.000
vistuliana	rural_settlement	settlement	3.000	3.400	5.000	0	0.000	0	8.054	-3.000
vistytis	rural_settlement	settlement	1.000	0.800	0.000	0	0.000	0	3.056	-8.000
visum_montis	rural_settlement	settlement	2.000	1.600	16.000	0	0.000	0	6.089	-8.000
visurgis	rural_settlement	settlement	1.000	0.800	1.000	0	1.000	1	4.874	-8.000
vitala	rural_settlement	settlement	2.000	1.600	3.000	0	0.000	0	5.179	-8.000
vite	rural_settlement	settlement	2.000	1.600	5.000	0	0.000	0	5.319	-8.000
vitudurum	rural_settlement	settlement	7.000	6.800	9.000	0	0.000	0	11.311	-3.000
vivatia	rural_settlement	settlement	5.000	5.000	13.000	0	0.000	0	10.227	-3.000
vivicum	rural_settlement	settlement	8.000	12.400	11.000	0	0.000	0	14.265	-3.000
vizinia	rural_settlement	settlement	3.000	5.200	8.000	0	0.000	0	10.048	-3.000
voconis	rural_settlement	settlement	1.000	0.800	0.000	0	0.000	0	3.056	-8.000
vocontiorum	rural_settlement	settlement	3.000	5.200	9.000	0	0.000	0	10.118	-3.000
vodgoriacum	rural_settlement	settlement	5.000	5.000	9.000	0	0.000	0	9.947	-3.000
voglada	rural_settlement	settlement	4.000	3.200	11.000	0	0.000	0	8.232	-3.000
volat	rural_settlement	settlement	2.000	2.600	0.000	0	0.000	0	6.661	-8.000
volaterrae	town	city	13.000	17.600	26.000	0	0.000	0	18.520	1.000
volchya	rural_settlement	settlement	2.000	1.600	0.000	0	0.000	0	4.969	-8.000
volci	city	city	11.000	16.800	33.000	0	1.000	1	20.529	2.000
volg	rural_settlement	settlement	3.000	3.400	0.000	0	0.000	0	7.704	-3.000
volgum	rural_settlement	settlement	5.000	7.600	9.000	0	0.000	0	11.819	-3.000
volna	rural_settlement	settlement	1.000	0.800	0.000	0	0.000	0	3.056	-8.000
vologatae	town	city	10.000	11.800	18.000	0	0.000	0	16.017	-3.000
vologesias	city	city	25.000	40.000	38.000	2	0.000	0	24.679	9.000
volubilis	rural_settlement	settlement	5.000	5.200	18.000	0	0.000	0	10.748	-3.000
voluca	town	city	9.000	13.400	15.000	0	0.000	0	16.420	-2.000
voludnia	rural_settlement	settlement	7.000	9.400	7.000	0	0.000	0	12.667	-3.000
volumis	rural_settlement	settlement	5.000	5.800	3.000	0	0.000	0	10.178	-3.000
voluntia_australis	rural_settlement	settlement	4.000	3.200	12.000	0	0.000	0	8.302	-3.000
voluntia_borealis	rural_settlement	settlement	2.000	1.600	0.000	0	0.000	0	4.969	-8.000
voluntia_occidentalis	rural_settlement	settlement	2.000	1.600	10.000	0	0.000	0	5.669	-8.000
voluntia_orientalis	rural_settlement	settlement	3.000	2.400	8.000	0	0.000	0	6.924	-8.000
volyatss	rural_settlement	settlement	8.000	6.400	0.000	0	0.000	0	10.408	-3.000
vonnet	rural_settlement	settlement	5.000	4.000	3.000	0	0.000	0	8.579	-3.000
vorena	rural_settlement	settlement	1.000	0.800	0.000	0	0.000	0	3.056	-8.000
voreynica	rural_settlement	settlement	2.000	1.800	5.000	0	0.000	0	5.704	-8.000
vorganium	rural_settlement	settlement	6.000	7.400	9.000	0	1.000	1	13.444	-3.000
vorgium	rural_settlement	settlement	5.000	5.000	11.000	0	0.000	0	10.087	-3.000
vorskla	rural_settlement	settlement	4.000	3.400	12.000	0	0.000	0	8.544	-3.000
vorta	rural_settlement	settlement	2.000	1.800	0.000	0	0.000	0	5.354	-8.000
vorytta	rural_settlement	settlement	2.000	2.600	0.000	0	0.000	0	6.661	-8.000
vosagum	rural_settlement	settlement	5.000	5.000	9.000	0	0.000	0	9.947	-3.000
vosolvia	rural_settlement	settlement	5.000	5.000	11.000	0	0.000	0	10.087	-3.000
vovchansk	rural_settlement	settlement	4.000	3.400	12.000	0	0.000	0	8.544	-3.000
vovea	rural_settlement	settlement	4.000	3.400	19.000	0	0.000	0	9.034	-3.000
voynor	rural_settlement	settlement	2.000	3.200	0.000	0	0.000	0	7.462	-8.000
vrine	rural_settlement	settlement	2.000	1.600	3.000	0	0.000	0	5.179	-8.000
vryank	rural_settlement	settlement	3.000	2.400	0.000	0	0.000	0	6.364	-8.000
vultaconum	rural_settlement	settlement	5.000	5.000	11.000	0	0.000	0	10.087	-3.000
vungovicus	rural_settlement	settlement	5.000	5.000	9.000	0	0.000	0	9.947	-3.000
vurd	rural_settlement	settlement	5.000	4.400	0.000	0	0.000	0	8.769	-3.000
vurdant	rural_settlement	settlement	3.000	2.600	0.000	0	0.000	0	6.661	-8.000
vurun	rural_settlement	settlement	1.000	0.800	6.000	0	0.000	0	3.476	-8.000
vyache	rural_settlement	settlement	3.000	4.000	2.000	0	0.000	0	8.509	-3.000
vyaghrapataka	rural_settlement	settlement	6.000	8.000	26.000	0	0.000	0	13.246	-3.000
vyalke	rural_settlement	settlement	1.000	0.800	0.000	0	0.000	0	3.056	-8.000
vyelinat	rural_settlement	settlement	3.000	5.000	0.000	0	0.000	0	9.317	-3.000
vyenim	rural_settlement	settlement	3.000	4.400	3.000	0	0.000	0	8.979	-3.000
vygonoschanskoye	rural_settlement	settlement	3.000	2.400	7.000	0	0.000	0	6.854	-8.000
vygriya	rural_settlement	settlement	1.000	0.800	0.000	0	0.000	0	3.056	-8.000
vylda	rural_settlement	settlement	6.000	6.200	6.000	0	0.000	0	10.685	-3.000
vynikka	rural_settlement	settlement	4.000	5.800	0.000	0	0.000	0	9.968	-3.000
vyonots	rural_settlement	settlement	7.000	6.000	5.000	0	0.000	0	10.469	-3.000
vyoros	rural_settlement	settlement	2.000	3.200	5.000	0	0.000	0	7.812	-3.000
vyrketin	rural_settlement	settlement	3.000	2.400	0.000	0	0.000	0	6.364	-8.000
vyrni	rural_settlement	settlement	6.000	5.800	5.000	0	0.000	0	10.318	-3.000
wad_ban_naqa	rural_settlement	settlement	7.000	14.200	25.000	0	0.000	0	15.901	-3.000
waddan	rural_settlement	settlement	4.000	3.400	10.000	0	0.000	0	8.404	-3.000
wagan	rural_settlement	settlement	3.000	2.800	9.000	0	0.000	0	7.572	-8.000
wairagar	rural_settlement	settlement	8.000	9.000	8.000	0	0.000	0	12.533	-3.000
waithali	rural_settlement	settlement	4.000	3.400	9.000	0	0.000	0	8.334	-3.000
wanin	rural_settlement	settlement	1.000	0.800	10.000	0	0.000	0	3.756	-8.000
wantah	rural_settlement	settlement	2.000	2.600	5.000	0	0.000	0	7.011	-8.000
warinia	rural_settlement	settlement	3.000	2.400	3.000	0	0.000	0	6.574	-8.000
warthan	rural_settlement	settlement	4.000	3.600	21.000	0	0.000	0	9.405	-3.000
waru	rural_settlement	settlement	2.000	1.600	5.000	0	0.000	0	5.319	-8.000
watif	rural_settlement	settlement	1.000	0.800	5.000	0	0.000	0	3.406	-8.000
weama	rural_settlement	settlement	2.000	1.600	8.000	0	0.000	0	5.529	-8.000
weki	rural_settlement	settlement	2.000	1.600	8.000	0	0.000	0	5.529	-8.000
wetusas	rural_settlement	settlement	1.000	0.800	5.000	0	0.000	0	3.406	-8.000
weyto	rural_settlement	settlement	2.000	1.600	8.000	0	0.000	0	5.529	-8.000
wigierski	rural_settlement	settlement	1.000	0.800	0.000	0	0.000	0	3.056	-8.000
wilyan	rural_settlement	settlement	1.000	0.800	10.000	0	0.000	0	3.756	-8.000
wumi	rural_settlement	settlement	9.000	10.400	18.000	0	0.000	0	13.915	-3.000
wundwin	rural_settlement	settlement	5.000	4.400	7.000	0	0.000	0	9.259	-3.000
wusayilah	rural_settlement	settlement	1.000	0.800	6.000	0	0.000	0	3.476	-8.000
xanthos	town	city	3.000	5.200	29.000	0	0.000	0	13.018	-8.000
xarxiare	rural_settlement	settlement	7.000	10.800	29.000	0	0.000	0	14.864	-3.000
xayar	rural_settlement	settlement	5.000	4.600	14.000	0	0.000	0	9.938	-3.000
xenippa	rural_settlement	settlement	4.000	5.400	18.000	0	0.000	0	10.913	-3.000
xiaowan	rural_settlement	settlement	1.000	0.800	7.000	0	0.000	0	3.546	-8.000
xois	rural_settlement	settlement	15.000	27.400	33.000	0	0.000	0	19.711	-3.000
xood	rural_settlement	settlement	2.000	1.600	7.000	0	0.000	0	5.459	-8.000
xsay	rural_settlement	settlement	2.000	1.600	5.000	0	0.000	0	5.319	-8.000
yabrin	rural_settlement	settlement	4.000	3.600	6.000	0	0.000	0	8.355	-3.000
yahanivka	rural_settlement	settlement	2.000	1.800	12.000	0	0.000	0	6.194	-8.000
yahye	rural_settlement	settlement	6.000	7.000	28.000	2	0.000	0	13.982	-3.000
yajatinagara	rural_settlement	settlement	14.000	20.600	18.000	0	0.000	0	17.238	-3.000
yakaris	town	city	21.000	34.600	14.000	0	0.000	0	21.056	4.000
yakkant	rural_settlement	settlement	2.000	1.600	0.000	0	0.000	0	4.969	-8.000
yamaprastha	rural_settlement	settlement	8.000	9.000	24.000	0	0.000	0	13.653	-3.000
yamchun	rural_settlement	settlement	3.000	3.600	21.000	0	0.000	0	9.405	-3.000
yancheng	rural_settlement	settlement	5.000	5.400	19.000	0	0.000	0	10.983	-3.000
yangikent	rural_settlement	settlement	3.000	2.400	0.000	0	0.000	0	6.364	-8.000
yanmal	rural_settlement	settlement	3.000	2.600	2.000	0	0.000	0	6.801	-8.000
yartsang	rural_settlement	settlement	1.000	0.800	6.000	0	0.000	0	3.476	-8.000
yathill	town	city	14.000	26.200	20.000	0	0.000	0	20.077	3.000
yatsha	rural_settlement	settlement	12.000	16.000	5.000	0	0.000	0	15.083	-3.000
yavana	rural_settlement	settlement	9.000	17.200	24.000	0	0.000	0	16.767	-3.000
yazdigird	rural_settlement	settlement	4.000	6.000	29.000	0	0.000	0	12.149	-3.000
yazman	rural_settlement	settlement	4.000	5.400	19.000	0	0.000	0	10.983	-3.000
ydologh	rural_settlement	settlement	1.000	0.800	0.000	0	0.000	0	3.056	-8.000
ydomor	rural_settlement	settlement	1.000	0.800	0.000	0	0.000	0	3.056	-8.000
yeha	town	city	10.000	13.600	30.000	0	0.000	0	17.541	-1.000
yehta	rural_settlement	settlement	4.000	6.000	16.000	0	0.000	0	11.239	-3.000
yelnya	rural_settlement	settlement	1.000	0.800	0.000	0	0.000	0	3.056	-8.000
yelsa	rural_settlement	settlement	2.000	3.200	8.000	0	0.000	0	8.022	-3.000
yendi	rural_settlement	settlement	4.000	4.600	11.000	0	0.000	0	9.728	-3.000
yerraguddi	town	city	6.000	8.000	14.000	0	0.000	0	13.906	-6.000
yetaan	rural_settlement	settlement	5.000	8.400	16.000	2	0.000	0	13.980	-3.000
yetavana	rural_settlement	settlement	8.000	10.600	8.000	0	0.000	0	13.305	-3.000
yetteka	rural_settlement	settlement	7.000	10.400	6.000	0	0.000	0	13.075	-3.000
yeyata	rural_settlement	settlement	3.000	3.600	8.000	0	0.000	0	8.495	-3.000
ygast	rural_settlement	settlement	1.000	0.800	0.000	0	0.000	0	3.056	-8.000
ygrre	rural_settlement	settlement	1.000	0.800	0.000	0	0.000	0	3.056	-8.000
yilihe	rural_settlement	settlement	4.000	3.200	10.000	0	0.000	0	8.162	-3.000
yoboki	rural_settlement	settlement	2.000	1.600	8.000	0	0.000	0	5.529	-8.000
yokang	rural_settlement	settlement	5.000	5.800	6.000	0	0.000	0	10.388	-3.000
yone	rural_settlement	settlement	5.000	4.400	3.000	0	0.000	0	8.979	-3.000
yonnav	rural_settlement	settlement	2.000	1.600	0.000	0	0.000	0	4.969	-8.000
yoro	rural_settlement	settlement	1.000	0.800	0.000	0	0.000	0	3.056	-8.000
yousouffia	rural_settlement	settlement	3.000	2.600	5.000	0	0.000	0	7.011	-8.000
yovolat	rural_settlement	settlement	1.000	0.800	0.000	0	0.000	0	3.056	-8.000
yrbent	rural_settlement	settlement	4.000	4.800	0.000	0	0.000	0	9.141	-3.000
yrgyz	rural_settlement	settlement	4.000	5.000	7.000	0	0.000	0	9.807	-3.000
yukta	rural_settlement	settlement	6.000	4.800	3.000	0	0.000	0	9.351	-3.000
yul	rural_settlement	settlement	11.000	11.400	21.000	0	0.000	0	14.562	-3.000
yumtso	rural_settlement	settlement	4.000	3.800	8.000	0	0.000	0	8.717	-3.000
yutian	town	city	26.000	37.200	18.000	0	0.000	0	21.703	5.000
yuty	rural_settlement	settlement	1.000	0.800	0.000	0	0.000	0	3.056	-8.000
ywa_htin_kon	rural_settlement	settlement	7.000	7.200	12.000	0	0.000	0	11.781	-3.000
zaakna	rural_settlement	settlement	3.000	2.400	5.000	0	0.000	0	6.714	-8.000
zabad	rural_settlement	settlement	1.000	0.800	5.000	0	0.000	0	3.406	-8.000
zabender	rural_settlement	settlement	3.000	6.400	3.000	0	0.000	0	10.618	-3.000
zabi	rural_settlement	settlement	5.000	7.000	11.000	0	0.000	0	11.583	-3.000
zadrakarta	town	city	13.000	19.800	27.000	2	0.000	0	20.380	3.000
zafar	town	city	12.000	16.600	15.000	0	0.000	0	17.463	-1.000
zagares	rural_settlement	settlement	1.000	0.800	0.000	0	0.000	0	3.056	-8.000
zagora	rural_settlement	settlement	3.000	2.600	3.000	0	0.000	0	6.871	-8.000
zagrou_pylai	rural_settlement	settlement	4.000	3.200	27.000	2	0.000	0	10.561	-3.000
zagurae	rural_settlement	settlement	4.000	5.200	31.000	0	0.000	0	11.658	-3.000
zaibram	rural_settlement	settlement	4.000	5.600	12.000	0	0.000	0	10.653	-3.000
zaimah	rural_settlement	settlement	2.000	1.600	8.000	0	0.000	0	5.529	-8.000
zaio	rural_settlement	settlement	3.000	2.600	3.000	0	0.000	0	6.871	-8.000
zakatala	rural_settlement	settlement	3.000	3.400	1.000	0	0.000	0	7.774	-3.000
zakynthos	rural_settlement	settlement	6.000	10.400	28.000	0	0.000	0	14.615	-3.000
zala	rural_settlement	settlement	3.000	2.600	10.000	0	0.000	0	7.361	-8.000
zale	rural_settlement	settlement	3.000	2.600	0.000	0	0.000	0	6.661	-8.000
zaliches	rural_settlement	settlement	5.000	7.000	19.000	0	0.000	0	12.143	-3.000
zalissa	rural_settlement	settlement	3.000	4.400	16.000	0	0.000	0	9.889	-3.000
zama_regia	rural_settlement	settlement	4.000	5.200	24.000	0	0.000	0	11.168	-3.000
zamakshahr	rural_settlement	settlement	6.000	8.200	5.000	0	0.000	0	11.890	-3.000
zamhlay	rural_settlement	settlement	4.000	3.400	7.000	0	0.000	0	8.194	-3.000
zamm	rural_settlement	settlement	3.000	2.400	21.000	0	0.000	0	7.834	-3.000
zamnes	rural_settlement	settlement	3.000	5.200	20.000	0	0.000	0	10.888	-3.000
zamouchana	rural_settlement	settlement	8.000	12.600	29.000	0	0.000	0	15.602	-3.000
zamri	rural_settlement	settlement	2.000	1.600	5.000	0	0.000	0	5.319	-8.000
zanazia	rural_settlement	settlement	3.000	6.600	23.000	0	0.000	0	12.156	-3.000
zankor	rural_settlement	settlement	8.000	6.400	11.000	0	0.000	0	11.178	-3.000
zantak	rural_settlement	settlement	2.000	1.600	0.000	0	0.000	0	4.969	-8.000
zantem	rural_settlement	settlement	3.000	4.000	2.000	0	0.000	0	8.509	-3.000
zaouatallaz	rural_settlement	settlement	1.000	0.800	5.000	0	0.000	0	3.406	-8.000
zaouia	rural_settlement	settlement	3.000	2.600	3.000	0	0.000	0	6.871	-8.000
zar	rural_settlement	settlement	1.000	0.800	10.000	0	0.000	0	3.756	-8.000
zara	rural_settlement	settlement	2.000	2.600	18.000	0	0.000	0	7.921	-3.000
zarai	rural_settlement	settlement	5.000	5.200	21.000	0	0.000	0	10.958	-3.000
zarand	rural_settlement	settlement	6.000	6.800	29.000	0	0.000	0	12.711	-3.000
zaranis	rural_settlement	settlement	1.000	0.800	27.000	0	0.000	0	4.946	-8.000
zarawand	rural_settlement	settlement	3.000	5.200	18.000	0	0.000	0	10.748	-3.000
zarem	rural_settlement	settlement	1.000	0.800	3.000	0	0.000	0	3.266	-8.000
zargidava	rural_settlement	settlement	4.000	4.200	8.000	0	0.000	0	9.133	-3.000
zarhour	rural_settlement	settlement	3.000	2.600	3.000	0	0.000	0	6.871	-8.000
zariaspa	rural_settlement	settlement	1.000	0.800	21.000	0	0.000	0	4.526	-8.000
zariba	rural_settlement	settlement	4.000	3.200	10.000	0	0.000	0	8.162	-3.000
zatra	rural_settlement	settlement	5.000	6.000	2.000	0	0.000	0	10.259	-3.000
zattara	rural_settlement	settlement	5.000	6.800	19.000	0	0.000	0	12.011	-3.000
zau_taberna	rural_settlement	settlement	4.000	6.000	18.000	0	0.000	0	11.379	-3.000
zaviaspa	rural_settlement	settlement	5.000	6.800	17.000	0	0.000	0	11.871	-3.000
zavolochitsky	rural_settlement	settlement	1.000	0.800	0.000	0	0.000	0	3.056	-8.000
zayden	rural_settlement	settlement	2.000	1.800	10.000	0	0.000	0	6.054	-8.000
zazi	rural_settlement	settlement	1.000	0.800	6.000	0	0.000	0	3.476	-8.000
zeh	rural_settlement	settlement	6.000	6.400	0.000	0	0.000	0	10.408	-3.000
zeila	rural_settlement	settlement	3.000	3.600	18.000	2	0.000	0	10.404	-3.000
zeita	rural_settlement	settlement	3.000	3.600	18.000	0	0.000	0	9.195	-3.000
zekari_pass	rural_settlement	settlement	3.000	2.600	18.000	0	0.000	0	7.921	-3.000
zela	town	city	5.000	9.200	14.000	0	0.000	0	14.556	-5.000
zeleia	town	city	9.000	15.000	25.000	2	0.000	0	18.876	1.000
zelfana	rural_settlement	settlement	1.000	0.800	5.000	0	0.000	0	3.406	-8.000
zelshargan	rural_settlement	settlement	3.000	2.400	6.000	0	0.000	0	6.784	-8.000
zeme	rural_settlement	settlement	1.000	0.800	0.000	0	0.000	0	3.056	-8.000
zemour	rural_settlement	settlement	5.000	4.000	5.000	0	0.000	0	8.719	-3.000
zenopolis	rural_settlement	settlement	3.000	4.600	24.000	2	0.000	0	11.847	-3.000
zer	rural_settlement	settlement	2.000	1.600	5.000	0	0.000	0	5.319	-8.000
zerbai	rural_settlement	settlement	6.000	9.000	24.000	0	0.000	0	13.653	-3.000
zerhamra	rural_settlement	settlement	1.000	0.800	5.000	0	0.000	0	3.406	-8.000
zeshoi	rural_settlement	settlement	6.000	7.800	19.000	0	0.000	0	12.639	-3.000
zetha	rural_settlement	settlement	3.000	3.400	0.000	0	0.000	0	7.704	-3.000
zethin	rural_settlement	settlement	1.000	0.800	28.000	0	0.000	0	5.016	-8.000
zetis	rural_settlement	settlement	4.000	3.600	17.000	0	0.000	0	9.125	-3.000
zeugma	town	city	7.000	8.800	30.000	3	0.000	0	16.993	-2.000
zghuderi	rural_settlement	settlement	4.000	7.000	18.000	0	0.000	0	12.073	-3.000
zguilma	rural_settlement	settlement	1.000	0.800	5.000	0	0.000	0	3.406	-8.000
zhalauly	rural_settlement	settlement	2.000	1.600	6.000	0	0.000	0	5.389	-8.000
zhanaqala	rural_settlement	settlement	3.000	3.600	6.000	0	0.000	0	8.355	-3.000
zhanashu	rural_settlement	settlement	3.000	2.400	6.000	0	0.000	0	6.784	-8.000
zhanatalap	rural_settlement	settlement	2.000	2.600	6.000	0	0.000	0	7.081	-8.000
zhanit	rural_settlement	settlement	3.000	3.400	2.000	0	0.000	0	7.844	-3.000
zharagash	rural_settlement	settlement	2.000	1.600	6.000	0	0.000	0	5.389	-8.000
zhelk	rural_settlement	settlement	3.000	2.400	0.000	0	0.000	0	6.364	-8.000
zhenishkekum	rural_settlement	settlement	2.000	1.600	6.000	0	0.000	0	5.389	-8.000
zhenna	rural_settlement	settlement	3.000	2.600	0.000	0	0.000	0	6.661	-8.000
zhev	rural_settlement	settlement	6.000	5.000	5.000	0	0.000	0	9.667	-3.000
zhitkur	rural_settlement	settlement	3.000	2.400	6.000	0	0.000	0	6.784	-8.000
zhodyn	rural_settlement	settlement	3.000	4.400	0.000	0	0.000	0	8.769	-3.000
zhongzhong	rural_settlement	settlement	7.000	11.200	6.000	0	0.000	0	13.427	-3.000
zhuchok	rural_settlement	settlement	3.000	3.400	7.000	0	0.000	0	8.194	-3.000
zhuna	rural_settlement	settlement	1.000	0.800	0.000	0	0.000	0	3.056	-8.000
zhurivka	rural_settlement	settlement	4.000	3.600	7.000	0	0.000	0	8.425	-3.000
zhutikka	rural_settlement	settlement	2.000	1.600	7.000	0	0.000	0	5.459	-8.000
ziaida	rural_settlement	settlement	3.000	2.400	18.000	0	0.000	0	7.624	-8.000
ziam	rural_settlement	settlement	2.000	1.600	8.000	0	0.000	0	5.529	-8.000
zibliyat	rural_settlement	settlement	6.000	6.400	33.000	0	0.000	0	12.718	-3.000
zidava	rural_settlement	settlement	5.000	4.200	12.000	0	0.000	0	9.413	-3.000
ziganne	rural_settlement	settlement	6.000	7.600	18.000	0	0.000	0	12.449	-3.000
zikideba	rural_settlement	settlement	8.000	10.200	10.000	0	0.000	0	13.263	-3.000
zimara	rural_settlement	settlement	3.000	2.800	16.000	0	0.000	0	8.062	-3.000
zimyra	rural_settlement	settlement	7.000	12.200	31.000	0	0.000	0	15.587	-3.000
zinchekra	town	city	5.000	7.200	10.000	0	2.000	0	15.119	-4.000
zintik	rural_settlement	settlement	3.000	2.400	3.000	0	0.000	0	6.574	-8.000
ziporeia	rural_settlement	settlement	4.000	6.000	18.000	0	0.000	0	11.379	-3.000
ziqua	rural_settlement	settlement	8.000	11.600	24.000	0	0.000	0	14.855	-3.000
ziram	rural_settlement	settlement	3.000	3.400	0.000	0	0.000	0	7.704	-3.000
ziri	rural_settlement	settlement	5.000	5.000	6.000	0	0.000	0	9.737	-3.000
ziridava	rural_settlement	settlement	5.000	5.000	8.000	0	0.000	0	9.877	-3.000
ziridava_iazygia	rural_settlement	settlement	3.000	3.400	0.000	0	0.000	0	7.704	-3.000
zirnajai	rural_settlement	settlement	1.000	0.800	0.000	0	0.000	0	3.056	-8.000
zirne	rural_settlement	settlement	5.000	7.200	10.000	0	0.000	0	11.641	-3.000
zitha	rural_settlement	settlement	3.000	5.200	28.000	0	1.000	1	13.195	-3.000
zithaa	rural_settlement	settlement	2.000	2.600	7.000	0	0.000	0	7.151	-8.000
ziwiye	rural_settlement	settlement	3.000	5.200	19.000	0	0.000	0	10.818	-3.000
zizoatra	rural_settlement	settlement	6.000	6.000	18.000	0	0.000	0	11.379	-3.000
zloiar	rural_settlement	settlement	1.000	0.800	6.000	0	0.000	0	3.476	-8.000
zoaka	rural_settlement	settlement	4.000	5.400	20.000	0	0.000	0	11.053	-3.000
zoana	rural_settlement	settlement	3.000	3.600	18.000	0	0.000	0	9.195	-3.000
zoara	rural_settlement	settlement	4.000	4.600	25.000	0	0.000	0	10.708	-3.000
zoaranda	rural_settlement	settlement	5.000	6.800	18.000	0	0.000	0	11.941	-3.000
zoelarum	rural_settlement	settlement	5.000	5.000	11.000	0	0.000	0	10.087	-3.000
zoelia	rural_settlement	settlement	5.000	5.000	11.000	0	0.000	0	10.087	-3.000
zolochiv	rural_settlement	settlement	3.000	2.600	12.000	0	0.000	0	7.501	-8.000
zombis	rural_settlement	settlement	4.000	4.400	18.000	0	0.000	0	10.029	-3.000
zoropassos	rural_settlement	settlement	4.000	4.400	20.000	0	0.000	0	10.169	-3.000
zouchis	rural_settlement	settlement	5.000	7.600	26.000	0	0.000	0	13.009	-3.000
zoza	rural_settlement	settlement	1.000	0.800	6.000	0	0.000	0	3.476	-8.000
zranka	rural_settlement	settlement	3.000	5.200	28.000	0	0.000	0	11.448	-3.000
zucchabar	rural_settlement	settlement	2.000	3.600	9.000	0	0.000	0	8.565	-3.000
zurka	rural_settlement	settlement	2.000	2.600	5.000	0	0.000	0	7.011	-8.000
zurobara	rural_settlement	settlement	8.000	9.400	0.000	0	0.000	0	12.177	-3.000
zuwila	rural_settlement	settlement	3.000	2.800	10.000	0	0.000	0	7.642	-8.000
zvyzdal	rural_settlement	settlement	4.000	3.400	7.000	0	0.000	0	8.194	-3.000
zwaisda	rural_settlement	settlement	1.000	0.800	0.000	0	0.000	0	3.056	-8.000
zweris	rural_settlement	settlement	2.000	1.600	5.000	0	0.000	0	5.319	-8.000
zyrenka	rural_settlement	settlement	2.000	1.600	5.000	0	0.000	0	5.319	-8.000
